{
  "type": "FeatureCollection",
  "generator": "overpass-turbo",
  "copyright": "The data included in this document is from www.openstreetmap.org. The data is made available under ODbL.",
  "timestamp": "2025-03-01T04:39:08Z",
  "features": [
    {
      "type": "Feature",
      "properties": {
        "@id": "node/1260746227",
        "amenity": "bicycle_parking"
      },
      "geometry": {
        "type": "Point",
        "coordinates": [
          30.2834731,
          60.0351732
        ]
      },
      "id": "node/1260746227"
    },
    {
      "type": "Feature",
      "properties": {
        "@id": "node/1474864183",
        "amenity": "bicycle_parking"
      },
      "geometry": {
        "type": "Point",
        "coordinates": [
          30.1282377,
          59.8554964
        ]
      },
      "id": "node/1474864183"
    },
    {
      "type": "Feature",
      "properties": {
        "@id": "node/1681923236",
        "amenity": "bicycle_parking",
        "covered": "no"
      },
      "geometry": {
        "type": "Point",
        "coordinates": [
          30.2997929,
          59.9400866
        ]
      },
      "id": "node/1681923236"
    },
    {
      "type": "Feature",
      "properties": {
        "@id": "node/1685424667",
        "amenity": "bicycle_parking",
        "bicycle_parking": "ground_slots",
        "capacity": "10",
        "covered": "no"
      },
      "geometry": {
        "type": "Point",
        "coordinates": [
          30.3586745,
          60.0056011
        ]
      },
      "id": "node/1685424667"
    },
    {
      "type": "Feature",
      "properties": {
        "@id": "node/1747807960",
        "amenity": "bicycle_parking",
        "bicycle_parking": "wall_loops",
        "capacity": "11",
        "covered": "yes"
      },
      "geometry": {
        "type": "Point",
        "coordinates": [
          30.1476731,
          59.9944736
        ]
      },
      "id": "node/1747807960"
    },
    {
      "type": "Feature",
      "properties": {
        "@id": "node/1747807962",
        "amenity": "bicycle_parking"
      },
      "geometry": {
        "type": "Point",
        "coordinates": [
          30.1487051,
          59.9960567
        ]
      },
      "id": "node/1747807962"
    },
    {
      "type": "Feature",
      "properties": {
        "@id": "node/1747807966",
        "amenity": "bicycle_parking"
      },
      "geometry": {
        "type": "Point",
        "coordinates": [
          30.1476171,
          59.9970507
        ]
      },
      "id": "node/1747807966"
    },
    {
      "type": "Feature",
      "properties": {
        "@id": "node/1748955172",
        "amenity": "bicycle_parking",
        "bicycle_parking": "rack",
        "capacity": "44",
        "covered": "no",
        "fee": "no"
      },
      "geometry": {
        "type": "Point",
        "coordinates": [
          30.405648,
          59.959158
        ]
      },
      "id": "node/1748955172"
    },
    {
      "type": "Feature",
      "properties": {
        "@id": "node/1801320491",
        "amenity": "bicycle_parking",
        "covered": "yes"
      },
      "geometry": {
        "type": "Point",
        "coordinates": [
          30.3662434,
          60.0074985
        ]
      },
      "id": "node/1801320491"
    },
    {
      "type": "Feature",
      "properties": {
        "@id": "node/1801320493",
        "amenity": "bicycle_parking",
        "covered": "no",
        "fee": "no"
      },
      "geometry": {
        "type": "Point",
        "coordinates": [
          30.3749061,
          60.0030528
        ]
      },
      "id": "node/1801320493"
    },
    {
      "type": "Feature",
      "properties": {
        "@id": "node/1855120127",
        "amenity": "bicycle_parking",
        "bicycle_parking": "wall_loops",
        "capacity": "6",
        "covered": "no",
        "fee": "no"
      },
      "geometry": {
        "type": "Point",
        "coordinates": [
          30.3040942,
          59.9610957
        ]
      },
      "id": "node/1855120127"
    },
    {
      "type": "Feature",
      "properties": {
        "@id": "node/1861883184",
        "amenity": "bicycle_parking",
        "bicycle_parking": "wall_loops",
        "covered": "yes"
      },
      "geometry": {
        "type": "Point",
        "coordinates": [
          30.3676663,
          60.0371655
        ]
      },
      "id": "node/1861883184"
    },
    {
      "type": "Feature",
      "properties": {
        "@id": "node/1920245989",
        "amenity": "bicycle_parking"
      },
      "geometry": {
        "type": "Point",
        "coordinates": [
          30.2441591,
          59.8525273
        ]
      },
      "id": "node/1920245989"
    },
    {
      "type": "Feature",
      "properties": {
        "@id": "node/1920245990",
        "amenity": "bicycle_parking"
      },
      "geometry": {
        "type": "Point",
        "coordinates": [
          30.2452443,
          59.8525273
        ]
      },
      "id": "node/1920245990"
    },
    {
      "type": "Feature",
      "properties": {
        "@id": "node/1927094584",
        "amenity": "bicycle_parking",
        "bicycle_parking": "wall_loops",
        "capacity": "30",
        "covered": "no"
      },
      "geometry": {
        "type": "Point",
        "coordinates": [
          30.350804,
          59.9478293
        ]
      },
      "id": "node/1927094584"
    },
    {
      "type": "Feature",
      "properties": {
        "@id": "node/1966829388",
        "amenity": "bicycle_parking",
        "bicycle_parking": "stands",
        "capacity": "10",
        "check_date": "2022-04-10",
        "covered": "no",
        "fee": "no"
      },
      "geometry": {
        "type": "Point",
        "coordinates": [
          30.2308206,
          59.8573005
        ]
      },
      "id": "node/1966829388"
    },
    {
      "type": "Feature",
      "properties": {
        "@id": "node/1966830117",
        "amenity": "bicycle_parking",
        "bicycle_parking": "stands",
        "capacity": "15",
        "comment": "Велопарковка возле универсама ОК",
        "covered": "no",
        "fee": "no",
        "source": "local_knowledge"
      },
      "geometry": {
        "type": "Point",
        "coordinates": [
          30.2296541,
          59.8588565
        ]
      },
      "id": "node/1966830117"
    },
    {
      "type": "Feature",
      "properties": {
        "@id": "node/1990684773",
        "amenity": "bicycle_parking",
        "bicycle_parking": "stands",
        "capacity": "6",
        "covered": "yes",
        "fee": "no"
      },
      "geometry": {
        "type": "Point",
        "coordinates": [
          30.2297556,
          59.8587437
        ]
      },
      "id": "node/1990684773"
    },
    {
      "type": "Feature",
      "properties": {
        "@id": "node/1995409440",
        "amenity": "bicycle_parking",
        "bicycle_parking": "rack",
        "capacity": "12",
        "covered": "no",
        "fee": "no"
      },
      "geometry": {
        "type": "Point",
        "coordinates": [
          30.321398,
          60.0379048
        ]
      },
      "id": "node/1995409440"
    },
    {
      "type": "Feature",
      "properties": {
        "@id": "node/2082716705",
        "access": "private",
        "amenity": "bicycle_parking",
        "bicycle_parking": "wall_loops",
        "covered": "no"
      },
      "geometry": {
        "type": "Point",
        "coordinates": [
          30.3414035,
          59.9222839
        ]
      },
      "id": "node/2082716705"
    },
    {
      "type": "Feature",
      "properties": {
        "@id": "node/2122444264",
        "amenity": "bicycle_parking",
        "bicycle_parking": "wall_loops",
        "capacity": "6",
        "covered": "no"
      },
      "geometry": {
        "type": "Point",
        "coordinates": [
          30.260462,
          60.0077442
        ]
      },
      "id": "node/2122444264"
    },
    {
      "type": "Feature",
      "properties": {
        "@id": "node/2165491563",
        "amenity": "bicycle_parking"
      },
      "geometry": {
        "type": "Point",
        "coordinates": [
          30.2518304,
          59.9283924
        ]
      },
      "id": "node/2165491563"
    },
    {
      "type": "Feature",
      "properties": {
        "@id": "node/2168315878",
        "amenity": "bicycle_parking",
        "bicycle_parking": "wall_loops",
        "capacity": "10",
        "covered": "yes",
        "fee": "no",
        "name": "О’кей"
      },
      "geometry": {
        "type": "Point",
        "coordinates": [
          30.3088164,
          60.0568599
        ]
      },
      "id": "node/2168315878"
    },
    {
      "type": "Feature",
      "properties": {
        "@id": "node/2209990030",
        "amenity": "bicycle_parking",
        "covered": "yes"
      },
      "geometry": {
        "type": "Point",
        "coordinates": [
          30.1479677,
          59.9936228
        ]
      },
      "id": "node/2209990030"
    },
    {
      "type": "Feature",
      "properties": {
        "@id": "node/2254604781",
        "amenity": "bicycle_parking",
        "bicycle_parking": "wall_hoops",
        "capacity": "8",
        "covered": "no",
        "description": "от магазина велодрайв кот (3 эт.)",
        "fee": "no"
      },
      "geometry": {
        "type": "Point",
        "coordinates": [
          30.2346103,
          59.948891
        ]
      },
      "id": "node/2254604781"
    },
    {
      "type": "Feature",
      "properties": {
        "@id": "node/2294702710",
        "amenity": "bicycle_parking",
        "bicycle_parking": "wall_loops",
        "capacity": "10",
        "covered": "no"
      },
      "geometry": {
        "type": "Point",
        "coordinates": [
          30.2280169,
          59.9874706
        ]
      },
      "id": "node/2294702710"
    },
    {
      "type": "Feature",
      "properties": {
        "@id": "node/2304417505",
        "amenity": "bicycle_parking",
        "bicycle_parking": "stands",
        "capacity": "10",
        "check_date:capacity": "2024-07-21",
        "covered": "no"
      },
      "geometry": {
        "type": "Point",
        "coordinates": [
          30.3078989,
          59.9132075
        ]
      },
      "id": "node/2304417505"
    },
    {
      "type": "Feature",
      "properties": {
        "@id": "node/2304417527",
        "amenity": "bicycle_parking",
        "bicycle_parking": "ground_slots",
        "capacity": "4",
        "covered": "no"
      },
      "geometry": {
        "type": "Point",
        "coordinates": [
          30.3350365,
          59.9228648
        ]
      },
      "id": "node/2304417527"
    },
    {
      "type": "Feature",
      "properties": {
        "@id": "node/2318842693",
        "amenity": "bicycle_parking",
        "bicycle_parking": "wall_loops",
        "check_date": "2023-07-07",
        "covered": "no"
      },
      "geometry": {
        "type": "Point",
        "coordinates": [
          30.3289298,
          60.0008118
        ]
      },
      "id": "node/2318842693"
    },
    {
      "type": "Feature",
      "properties": {
        "@id": "node/2318842695",
        "amenity": "bicycle_parking"
      },
      "geometry": {
        "type": "Point",
        "coordinates": [
          30.3259072,
          60.0097691
        ]
      },
      "id": "node/2318842695"
    },
    {
      "type": "Feature",
      "properties": {
        "@id": "node/2323960623",
        "amenity": "bicycle_parking"
      },
      "geometry": {
        "type": "Point",
        "coordinates": [
          30.2530677,
          59.985523
        ]
      },
      "id": "node/2323960623"
    },
    {
      "type": "Feature",
      "properties": {
        "@id": "node/2325204550",
        "amenity": "bicycle_parking",
        "bicycle_parking": "stands",
        "capacity": "5",
        "covered": "no"
      },
      "geometry": {
        "type": "Point",
        "coordinates": [
          30.2984941,
          59.989169
        ]
      },
      "id": "node/2325204550"
    },
    {
      "type": "Feature",
      "properties": {
        "@id": "node/2333271332",
        "amenity": "bicycle_parking"
      },
      "geometry": {
        "type": "Point",
        "coordinates": [
          30.1315968,
          59.9965358
        ]
      },
      "id": "node/2333271332"
    },
    {
      "type": "Feature",
      "properties": {
        "@id": "node/2357222853",
        "amenity": "bicycle_parking"
      },
      "geometry": {
        "type": "Point",
        "coordinates": [
          30.3260535,
          60.0104339
        ]
      },
      "id": "node/2357222853"
    },
    {
      "type": "Feature",
      "properties": {
        "@id": "node/2369780548",
        "amenity": "bicycle_parking",
        "bicycle_parking": "wall_loops",
        "capacity": "2",
        "check_date": "2025-01-27",
        "check_date:capacity": "2025-01-27",
        "covered": "no"
      },
      "geometry": {
        "type": "Point",
        "coordinates": [
          30.296023,
          60.0285381
        ]
      },
      "id": "node/2369780548"
    },
    {
      "type": "Feature",
      "properties": {
        "@id": "node/2376811067",
        "amenity": "bicycle_parking",
        "bicycle_parking": "stands",
        "capacity": "10",
        "covered": "no",
        "supervised": "no"
      },
      "geometry": {
        "type": "Point",
        "coordinates": [
          30.3571852,
          59.9553624
        ]
      },
      "id": "node/2376811067"
    },
    {
      "type": "Feature",
      "properties": {
        "@id": "node/2388373151",
        "amenity": "bicycle_parking"
      },
      "geometry": {
        "type": "Point",
        "coordinates": [
          30.3054491,
          59.989336
        ]
      },
      "id": "node/2388373151"
    },
    {
      "type": "Feature",
      "properties": {
        "@id": "node/2401155247",
        "amenity": "bicycle_parking",
        "bicycle_parking": "stands",
        "capacity": "6"
      },
      "geometry": {
        "type": "Point",
        "coordinates": [
          30.4868256,
          59.9006641
        ]
      },
      "id": "node/2401155247"
    },
    {
      "type": "Feature",
      "properties": {
        "@id": "node/2401155248",
        "amenity": "bicycle_parking",
        "bicycle_parking": "stands",
        "capacity": "8",
        "check_date": "2023-10-09",
        "covered": "no"
      },
      "geometry": {
        "type": "Point",
        "coordinates": [
          30.468977,
          59.9039706
        ]
      },
      "id": "node/2401155248"
    },
    {
      "type": "Feature",
      "properties": {
        "@id": "node/2423933222",
        "amenity": "bicycle_parking",
        "bicycle_parking": "stands",
        "capacity": "8",
        "covered": "yes",
        "fee": "no"
      },
      "geometry": {
        "type": "Point",
        "coordinates": [
          30.4764229,
          59.8916273
        ]
      },
      "id": "node/2423933222"
    },
    {
      "type": "Feature",
      "properties": {
        "@id": "node/2479132388",
        "amenity": "bicycle_parking",
        "bicycle_parking": "rack",
        "capacity": "10",
        "covered": "no",
        "supervised": "no"
      },
      "geometry": {
        "type": "Point",
        "coordinates": [
          30.3158441,
          60.0163837
        ]
      },
      "id": "node/2479132388"
    },
    {
      "type": "Feature",
      "properties": {
        "@id": "node/2479132389",
        "amenity": "bicycle_parking",
        "bicycle_parking": "rack",
        "capacity": "10",
        "covered": "no",
        "supervised": "no"
      },
      "geometry": {
        "type": "Point",
        "coordinates": [
          30.3149587,
          60.0167771
        ]
      },
      "id": "node/2479132389"
    },
    {
      "type": "Feature",
      "properties": {
        "@id": "node/2525548856",
        "amenity": "bicycle_parking"
      },
      "geometry": {
        "type": "Point",
        "coordinates": [
          30.1314314,
          59.9962497
        ]
      },
      "id": "node/2525548856"
    },
    {
      "type": "Feature",
      "properties": {
        "@id": "node/2666879842",
        "access": "yes",
        "amenity": "bicycle_parking",
        "bicycle_parking": "wall_loops",
        "capacity": "10",
        "covered": "no"
      },
      "geometry": {
        "type": "Point",
        "coordinates": [
          30.3488279,
          59.8335154
        ]
      },
      "id": "node/2666879842"
    },
    {
      "type": "Feature",
      "properties": {
        "@id": "node/2666879843",
        "access": "yes",
        "amenity": "bicycle_parking",
        "bicycle_parking": "wall_loops",
        "capacity": "10",
        "covered": "yes"
      },
      "geometry": {
        "type": "Point",
        "coordinates": [
          30.3509986,
          59.8517151
        ]
      },
      "id": "node/2666879843"
    },
    {
      "type": "Feature",
      "properties": {
        "@id": "node/2666886766",
        "access": "yes",
        "amenity": "bicycle_parking",
        "bicycle_parking": "wall_loops",
        "capacity": "10",
        "covered": "yes",
        "fee": "no"
      },
      "geometry": {
        "type": "Point",
        "coordinates": [
          30.317257,
          59.8277808
        ]
      },
      "id": "node/2666886766"
    },
    {
      "type": "Feature",
      "properties": {
        "@id": "node/2689615021",
        "amenity": "bicycle_parking"
      },
      "geometry": {
        "type": "Point",
        "coordinates": [
          30.4837618,
          59.9082125
        ]
      },
      "id": "node/2689615021"
    },
    {
      "type": "Feature",
      "properties": {
        "@id": "node/2729705317",
        "access": "customers",
        "amenity": "bicycle_parking",
        "covered": "no",
        "operator": "ГУАП"
      },
      "geometry": {
        "type": "Point",
        "coordinates": [
          30.2957215,
          59.9294687
        ]
      },
      "id": "node/2729705317"
    },
    {
      "type": "Feature",
      "properties": {
        "@id": "node/2732153562",
        "amenity": "bicycle_parking"
      },
      "geometry": {
        "type": "Point",
        "coordinates": [
          30.1397692,
          60.0003949
        ]
      },
      "id": "node/2732153562"
    },
    {
      "type": "Feature",
      "properties": {
        "@id": "node/2777445478",
        "amenity": "bicycle_parking",
        "bicycle_parking": "rack",
        "capacity": "12",
        "covered": "yes",
        "fee": "no"
      },
      "geometry": {
        "type": "Point",
        "coordinates": [
          30.4327141,
          59.9307497
        ]
      },
      "id": "node/2777445478"
    },
    {
      "type": "Feature",
      "properties": {
        "@id": "node/2777451157",
        "amenity": "bicycle_parking",
        "bicycle_parking": "rack",
        "capacity": "12",
        "covered": "no",
        "fee": "no"
      },
      "geometry": {
        "type": "Point",
        "coordinates": [
          30.3169923,
          59.9237403
        ]
      },
      "id": "node/2777451157"
    },
    {
      "type": "Feature",
      "properties": {
        "@id": "node/2781496838",
        "amenity": "bicycle_parking",
        "bicycle_parking": "rack",
        "capacity": "14",
        "covered": "no",
        "fee": "no"
      },
      "geometry": {
        "type": "Point",
        "coordinates": [
          30.3592421,
          59.9495054
        ]
      },
      "id": "node/2781496838"
    },
    {
      "type": "Feature",
      "properties": {
        "@id": "node/2796490509",
        "amenity": "bicycle_parking",
        "bicycle_parking": "rack",
        "capacity": "5",
        "covered": "no",
        "fee": "no"
      },
      "geometry": {
        "type": "Point",
        "coordinates": [
          30.3609,
          59.9431334
        ]
      },
      "id": "node/2796490509"
    },
    {
      "type": "Feature",
      "properties": {
        "@id": "node/2806074400",
        "amenity": "bicycle_parking",
        "bicycle_parking": "rack",
        "capacity": "9",
        "covered": "no",
        "fee": "no"
      },
      "geometry": {
        "type": "Point",
        "coordinates": [
          30.3246013,
          59.9568384
        ]
      },
      "id": "node/2806074400"
    },
    {
      "type": "Feature",
      "properties": {
        "@id": "node/2813326400",
        "amenity": "bicycle_parking",
        "bicycle_parking": "wall_hoops",
        "capacity": "8",
        "covered": "no",
        "fee": "no"
      },
      "geometry": {
        "type": "Point",
        "coordinates": [
          30.3194008,
          59.9564
        ]
      },
      "id": "node/2813326400"
    },
    {
      "type": "Feature",
      "properties": {
        "@id": "node/2824566901",
        "amenity": "bicycle_parking",
        "bicycle_parking": "rack",
        "capacity": "5",
        "covered": "no",
        "fee": "no"
      },
      "geometry": {
        "type": "Point",
        "coordinates": [
          30.3179256,
          59.9237302
        ]
      },
      "id": "node/2824566901"
    },
    {
      "type": "Feature",
      "properties": {
        "@id": "node/2824566902",
        "amenity": "bicycle_parking",
        "bicycle_parking": "rack",
        "capacity": "5",
        "covered": "no",
        "fee": "no"
      },
      "geometry": {
        "type": "Point",
        "coordinates": [
          30.3179256,
          59.9236885
        ]
      },
      "id": "node/2824566902"
    },
    {
      "type": "Feature",
      "properties": {
        "@id": "node/2826498310",
        "amenity": "bicycle_parking",
        "bicycle_parking": "rack",
        "capacity": "4",
        "covered": "no",
        "fee": "no"
      },
      "geometry": {
        "type": "Point",
        "coordinates": [
          30.3379351,
          59.9351773
        ]
      },
      "id": "node/2826498310"
    },
    {
      "type": "Feature",
      "properties": {
        "@id": "node/2833578548",
        "amenity": "bicycle_parking",
        "bicycle_parking": "rack",
        "capacity": "12",
        "covered": "no",
        "fee": "no"
      },
      "geometry": {
        "type": "Point",
        "coordinates": [
          30.4344332,
          59.930188
        ]
      },
      "id": "node/2833578548"
    },
    {
      "type": "Feature",
      "properties": {
        "@id": "node/2834565118",
        "amenity": "bicycle_parking",
        "bicycle_parking": "stands",
        "capacity": "5",
        "covered": "no",
        "fee": "no"
      },
      "geometry": {
        "type": "Point",
        "coordinates": [
          30.4102293,
          59.9288298
        ]
      },
      "id": "node/2834565118"
    },
    {
      "type": "Feature",
      "properties": {
        "@id": "node/2839833610",
        "amenity": "bicycle_parking",
        "bicycle_parking": "wall_hoops",
        "capacity": "7",
        "covered": "no",
        "fee": "no"
      },
      "geometry": {
        "type": "Point",
        "coordinates": [
          30.2671274,
          59.8516481
        ]
      },
      "id": "node/2839833610"
    },
    {
      "type": "Feature",
      "properties": {
        "@id": "node/2839833611",
        "access": "yes",
        "amenity": "bicycle_parking",
        "bicycle_parking": "wall_hoops",
        "capacity": "6",
        "covered": "no",
        "fee": "no"
      },
      "geometry": {
        "type": "Point",
        "coordinates": [
          30.2696915,
          59.8516481
        ]
      },
      "id": "node/2839833611"
    },
    {
      "type": "Feature",
      "properties": {
        "@id": "node/2844121785",
        "amenity": "bicycle_parking",
        "bicycle_parking": "stands",
        "capacity": "10",
        "covered": "no",
        "fee": "no",
        "supervised": "no"
      },
      "geometry": {
        "type": "Point",
        "coordinates": [
          30.3252767,
          60.0104218
        ]
      },
      "id": "node/2844121785"
    },
    {
      "type": "Feature",
      "properties": {
        "@id": "node/2844121790",
        "amenity": "bicycle_parking",
        "bicycle_parking": "rack",
        "capacity": "10",
        "covered": "no",
        "supervised": "no"
      },
      "geometry": {
        "type": "Point",
        "coordinates": [
          30.4105681,
          60.038385
        ]
      },
      "id": "node/2844121790"
    },
    {
      "type": "Feature",
      "properties": {
        "@id": "node/2844121797",
        "amenity": "bicycle_parking",
        "bicycle_parking": "rack",
        "capacity": "10",
        "covered": "no",
        "supervised": "no"
      },
      "geometry": {
        "type": "Point",
        "coordinates": [
          30.3091749,
          60.0412717
        ]
      },
      "id": "node/2844121797"
    },
    {
      "type": "Feature",
      "properties": {
        "@id": "node/2850823391",
        "amenity": "bicycle_parking",
        "bicycle_parking": "wall_loops",
        "capacity": "4",
        "covered": "no",
        "fee": "no"
      },
      "geometry": {
        "type": "Point",
        "coordinates": [
          30.3238369,
          59.9380333
        ]
      },
      "id": "node/2850823391"
    },
    {
      "type": "Feature",
      "properties": {
        "@id": "node/2850823392",
        "amenity": "bicycle_parking",
        "bicycle_parking": "wall_loops",
        "capacity": "5",
        "covered": "no",
        "fee": "no"
      },
      "geometry": {
        "type": "Point",
        "coordinates": [
          30.324025,
          59.9379346
        ]
      },
      "id": "node/2850823392"
    },
    {
      "type": "Feature",
      "properties": {
        "@id": "node/2852707051",
        "amenity": "bicycle_parking",
        "bicycle_parking": "rack",
        "capacity": "12",
        "covered": "no",
        "fee": "no"
      },
      "geometry": {
        "type": "Point",
        "coordinates": [
          30.3161963,
          59.9218884
        ]
      },
      "id": "node/2852707051"
    },
    {
      "type": "Feature",
      "properties": {
        "@id": "node/2852737056",
        "amenity": "bicycle_parking",
        "bicycle_parking": "stands",
        "capacity": "4",
        "covered": "no",
        "fee": "no"
      },
      "geometry": {
        "type": "Point",
        "coordinates": [
          30.3106946,
          59.9233409
        ]
      },
      "id": "node/2852737056"
    },
    {
      "type": "Feature",
      "properties": {
        "@id": "node/2856659441",
        "amenity": "bicycle_parking",
        "bicycle_parking": "ground_slots",
        "capacity": "5",
        "covered": "no"
      },
      "geometry": {
        "type": "Point",
        "coordinates": [
          30.3357584,
          59.9402502
        ]
      },
      "id": "node/2856659441"
    },
    {
      "type": "Feature",
      "properties": {
        "@id": "node/2856659443",
        "amenity": "bicycle_parking",
        "bicycle_parking": "rack",
        "capacity": "10",
        "covered": "no"
      },
      "geometry": {
        "type": "Point",
        "coordinates": [
          30.3366953,
          59.9417899
        ]
      },
      "id": "node/2856659443"
    },
    {
      "type": "Feature",
      "properties": {
        "@id": "node/2856659457",
        "amenity": "bicycle_parking",
        "bicycle_parking": "rack",
        "capacity": "7",
        "covered": "no",
        "supervised": "no"
      },
      "geometry": {
        "type": "Point",
        "coordinates": [
          30.2994639,
          60.0391569
        ]
      },
      "id": "node/2856659457"
    },
    {
      "type": "Feature",
      "properties": {
        "@id": "node/2858162166",
        "amenity": "bicycle_parking",
        "bicycle_parking": "wall_loops",
        "capacity": "5",
        "check_date:capacity": "2023-10-07",
        "covered": "no",
        "fee": "no"
      },
      "geometry": {
        "type": "Point",
        "coordinates": [
          30.3298158,
          59.9399137
        ]
      },
      "id": "node/2858162166"
    },
    {
      "type": "Feature",
      "properties": {
        "@id": "node/2862088919",
        "amenity": "bicycle_parking",
        "bicycle_parking": "wall_loops",
        "capacity": "7",
        "covered": "no",
        "fee": "no"
      },
      "geometry": {
        "type": "Point",
        "coordinates": [
          30.3193045,
          59.925161
        ]
      },
      "id": "node/2862088919"
    },
    {
      "type": "Feature",
      "properties": {
        "@id": "node/2863185259",
        "amenity": "bicycle_parking",
        "bicycle_parking": "rack",
        "capacity": "15",
        "covered": "yes",
        "supervised": "no"
      },
      "geometry": {
        "type": "Point",
        "coordinates": [
          30.4096287,
          60.0262657
        ]
      },
      "id": "node/2863185259"
    },
    {
      "type": "Feature",
      "properties": {
        "@id": "node/2868393917",
        "amenity": "bicycle_parking",
        "bicycle_parking": "wall_loops",
        "capacity": "11",
        "covered": "no",
        "fee": "no"
      },
      "geometry": {
        "type": "Point",
        "coordinates": [
          30.2295327,
          59.9477325
        ]
      },
      "id": "node/2868393917"
    },
    {
      "type": "Feature",
      "properties": {
        "@id": "node/2868393918",
        "amenity": "bicycle_parking",
        "bicycle_parking": "wall_loops",
        "capacity": "11",
        "covered": "no",
        "fee": "no"
      },
      "geometry": {
        "type": "Point",
        "coordinates": [
          30.2302841,
          59.9470697
        ]
      },
      "id": "node/2868393918"
    },
    {
      "type": "Feature",
      "properties": {
        "@id": "node/2868393919",
        "amenity": "bicycle_parking",
        "bicycle_parking": "rack",
        "capacity": "14",
        "covered": "no",
        "fee": "no"
      },
      "geometry": {
        "type": "Point",
        "coordinates": [
          30.2345847,
          59.9486946
        ]
      },
      "id": "node/2868393919"
    },
    {
      "type": "Feature",
      "properties": {
        "@id": "node/2868393920",
        "amenity": "bicycle_parking",
        "bicycle_parking": "wall_hoops",
        "capacity": "11",
        "covered": "no",
        "fee": "no"
      },
      "geometry": {
        "type": "Point",
        "coordinates": [
          30.230562,
          59.9481451
        ]
      },
      "id": "node/2868393920"
    },
    {
      "type": "Feature",
      "properties": {
        "@id": "node/2868405132",
        "amenity": "bicycle_parking",
        "bicycle_parking": "wall_hoops",
        "capacity": "11",
        "covered": "no",
        "fee": "no"
      },
      "geometry": {
        "type": "Point",
        "coordinates": [
          30.2358976,
          59.9339491
        ]
      },
      "id": "node/2868405132"
    },
    {
      "type": "Feature",
      "properties": {
        "@id": "node/2868418324",
        "amenity": "bicycle_parking",
        "bicycle_parking": "ground_slots",
        "capacity": "9",
        "covered": "no",
        "fee": "no"
      },
      "geometry": {
        "type": "Point",
        "coordinates": [
          30.2902318,
          59.9372743
        ]
      },
      "id": "node/2868418324"
    },
    {
      "type": "Feature",
      "properties": {
        "@id": "node/2868427965",
        "amenity": "bicycle_parking",
        "bicycle_parking": "wall_hoops",
        "capacity": "11",
        "covered": "no",
        "fee": "no"
      },
      "geometry": {
        "type": "Point",
        "coordinates": [
          30.2825014,
          59.9357257
        ]
      },
      "id": "node/2868427965"
    },
    {
      "type": "Feature",
      "properties": {
        "@id": "node/2870236966",
        "amenity": "bicycle_parking",
        "bicycle_parking": "rack",
        "capacity": "11",
        "covered": "no",
        "fee": "no"
      },
      "geometry": {
        "type": "Point",
        "coordinates": [
          30.2996785,
          59.9397189
        ]
      },
      "id": "node/2870236966"
    },
    {
      "type": "Feature",
      "properties": {
        "@id": "node/2874448054",
        "amenity": "bicycle_parking",
        "bicycle_parking": "stands",
        "capacity": "2",
        "covered": "no",
        "fee": "no"
      },
      "geometry": {
        "type": "Point",
        "coordinates": [
          30.3540991,
          59.9321856
        ]
      },
      "id": "node/2874448054"
    },
    {
      "type": "Feature",
      "properties": {
        "@id": "node/2874696113",
        "amenity": "bicycle_parking",
        "bicycle_parking": "wall_loops",
        "capacity": "6",
        "covered": "no"
      },
      "geometry": {
        "type": "Point",
        "coordinates": [
          30.4126611,
          59.9295508
        ]
      },
      "id": "node/2874696113"
    },
    {
      "type": "Feature",
      "properties": {
        "@id": "node/2875058814",
        "amenity": "bicycle_parking",
        "bicycle_parking": "rack",
        "capacity": "8",
        "covered": "no",
        "supervised": "no"
      },
      "geometry": {
        "type": "Point",
        "coordinates": [
          30.3894321,
          59.9464517
        ]
      },
      "id": "node/2875058814"
    },
    {
      "type": "Feature",
      "properties": {
        "@id": "node/2875058817",
        "amenity": "bicycle_parking",
        "bicycle_parking": "rack",
        "capacity": "10",
        "covered": "no",
        "supervised": "no"
      },
      "geometry": {
        "type": "Point",
        "coordinates": [
          30.3569113,
          59.9553994
        ]
      },
      "id": "node/2875058817"
    },
    {
      "type": "Feature",
      "properties": {
        "@id": "node/2875058825",
        "amenity": "bicycle_parking",
        "bicycle_parking": "rack",
        "capacity": "3",
        "covered": "no",
        "supervised": "no"
      },
      "geometry": {
        "type": "Point",
        "coordinates": [
          30.3912449,
          60.0058938
        ]
      },
      "id": "node/2875058825"
    },
    {
      "type": "Feature",
      "properties": {
        "@id": "node/2875058827",
        "amenity": "bicycle_parking",
        "bicycle_parking": "rack",
        "capacity": "5",
        "covered": "no",
        "fee": "no",
        "supervised": "no"
      },
      "geometry": {
        "type": "Point",
        "coordinates": [
          30.3935383,
          60.0081589
        ]
      },
      "id": "node/2875058827"
    },
    {
      "type": "Feature",
      "properties": {
        "@id": "node/2875058828",
        "amenity": "bicycle_parking",
        "bicycle_parking": "ground_slots",
        "capacity": "5",
        "covered": "no",
        "supervised": "no"
      },
      "geometry": {
        "type": "Point",
        "coordinates": [
          30.3966337,
          60.0111383
        ]
      },
      "id": "node/2875058828"
    },
    {
      "type": "Feature",
      "properties": {
        "@id": "node/2875058830",
        "access": "yes",
        "amenity": "bicycle_parking",
        "bicycle_parking": "rack",
        "capacity": "24",
        "covered": "yes",
        "fee": "no",
        "supervised": "no"
      },
      "geometry": {
        "type": "Point",
        "coordinates": [
          30.3977479,
          60.0122968
        ]
      },
      "id": "node/2875058830"
    },
    {
      "type": "Feature",
      "properties": {
        "@id": "node/2875058831",
        "amenity": "bicycle_parking",
        "bicycle_parking": "rack",
        "capacity": "10",
        "covered": "no",
        "supervised": "no"
      },
      "geometry": {
        "type": "Point",
        "coordinates": [
          30.3963516,
          60.0126242
        ]
      },
      "id": "node/2875058831"
    },
    {
      "type": "Feature",
      "properties": {
        "@id": "node/2875058832",
        "amenity": "bicycle_parking",
        "bicycle_parking": "rack",
        "capacity": "7",
        "covered": "yes",
        "supervised": "no"
      },
      "geometry": {
        "type": "Point",
        "coordinates": [
          30.3895105,
          60.0145583
        ]
      },
      "id": "node/2875058832"
    },
    {
      "type": "Feature",
      "properties": {
        "@id": "node/2875058833",
        "amenity": "bicycle_parking",
        "bicycle_parking": "rack",
        "capacity": "8",
        "covered": "yes",
        "supervised": "no"
      },
      "geometry": {
        "type": "Point",
        "coordinates": [
          30.3882363,
          60.0148697
        ]
      },
      "id": "node/2875058833"
    },
    {
      "type": "Feature",
      "properties": {
        "@id": "node/2875058834",
        "amenity": "bicycle_parking",
        "bicycle_parking": "rack",
        "capacity": "5",
        "covered": "no",
        "operator": "Верный",
        "supervised": "no"
      },
      "geometry": {
        "type": "Point",
        "coordinates": [
          30.3927827,
          60.02231
        ]
      },
      "id": "node/2875058834"
    },
    {
      "type": "Feature",
      "properties": {
        "@id": "node/2876265724",
        "amenity": "bicycle_parking",
        "bicycle_parking": "rack",
        "capacity": "4",
        "check_date": "2022-09-24",
        "covered": "no",
        "fee": "no",
        "operator:type": "private"
      },
      "geometry": {
        "type": "Point",
        "coordinates": [
          30.3598617,
          59.9357438
        ]
      },
      "id": "node/2876265724"
    },
    {
      "type": "Feature",
      "properties": {
        "@id": "node/2880563647",
        "amenity": "bicycle_parking",
        "bicycle_parking": "rack",
        "capacity": "10",
        "covered": "no",
        "supervised": "no"
      },
      "geometry": {
        "type": "Point",
        "coordinates": [
          30.3332234,
          60.0515975
        ]
      },
      "id": "node/2880563647"
    },
    {
      "type": "Feature",
      "properties": {
        "@id": "node/2881769096",
        "amenity": "bicycle_parking",
        "bicycle_parking": "wall_loops",
        "capacity": "20",
        "covered": "no",
        "fee": "no"
      },
      "geometry": {
        "type": "Point",
        "coordinates": [
          30.315085,
          60.0465543
        ]
      },
      "id": "node/2881769096"
    },
    {
      "type": "Feature",
      "properties": {
        "@id": "node/2881781566",
        "amenity": "bicycle_parking",
        "bicycle_parking": "stands",
        "capacity": "3",
        "covered": "no",
        "fee": "no"
      },
      "geometry": {
        "type": "Point",
        "coordinates": [
          30.3599662,
          59.9437971
        ]
      },
      "id": "node/2881781566"
    },
    {
      "type": "Feature",
      "properties": {
        "@id": "node/2891253526",
        "amenity": "bicycle_parking",
        "bicycle_parking": "wall_loops",
        "capacity": "6",
        "covered": "no"
      },
      "geometry": {
        "type": "Point",
        "coordinates": [
          30.3259374,
          59.9351112
        ]
      },
      "id": "node/2891253526"
    },
    {
      "type": "Feature",
      "properties": {
        "@id": "node/2893671624",
        "amenity": "bicycle_parking",
        "bicycle_parking": "stands",
        "capacity": "10",
        "covered": "yes"
      },
      "geometry": {
        "type": "Point",
        "coordinates": [
          30.3340409,
          59.9471344
        ]
      },
      "id": "node/2893671624"
    },
    {
      "type": "Feature",
      "properties": {
        "@id": "node/2893676593",
        "amenity": "bicycle_parking",
        "bicycle_parking": "wall_loops",
        "capacity": "12",
        "covered": "no"
      },
      "geometry": {
        "type": "Point",
        "coordinates": [
          30.3337059,
          59.9470797
        ]
      },
      "id": "node/2893676593"
    },
    {
      "type": "Feature",
      "properties": {
        "@id": "node/2893677901",
        "amenity": "bicycle_parking",
        "bicycle_parking": "wall_loops",
        "capacity": "12",
        "covered": "no"
      },
      "geometry": {
        "type": "Point",
        "coordinates": [
          30.3341634,
          59.9471821
        ]
      },
      "id": "node/2893677901"
    },
    {
      "type": "Feature",
      "properties": {
        "@id": "node/2893684252",
        "amenity": "bicycle_parking",
        "bicycle_parking": "wall_loops",
        "capacity": "20",
        "covered": "no"
      },
      "geometry": {
        "type": "Point",
        "coordinates": [
          30.3310139,
          59.9465139
        ]
      },
      "id": "node/2893684252"
    },
    {
      "type": "Feature",
      "properties": {
        "@id": "node/2894088401",
        "amenity": "bicycle_parking",
        "bicycle_parking": "wall_loops",
        "capacity": "6",
        "covered": "no"
      },
      "geometry": {
        "type": "Point",
        "coordinates": [
          30.3418243,
          59.9871042
        ]
      },
      "id": "node/2894088401"
    },
    {
      "type": "Feature",
      "properties": {
        "@id": "node/2894088402",
        "amenity": "bicycle_parking",
        "bicycle_parking": "wall_loops",
        "capacity": "6",
        "covered": "no"
      },
      "geometry": {
        "type": "Point",
        "coordinates": [
          30.341564,
          59.987153
        ]
      },
      "id": "node/2894088402"
    },
    {
      "type": "Feature",
      "properties": {
        "@id": "node/2896530696",
        "amenity": "bicycle_parking",
        "bicycle_parking": "rack",
        "capacity": "10",
        "covered": "no",
        "fee": "no",
        "source": "survey"
      },
      "geometry": {
        "type": "Point",
        "coordinates": [
          30.3734247,
          60.007017
        ]
      },
      "id": "node/2896530696"
    },
    {
      "type": "Feature",
      "properties": {
        "@id": "node/2896531906",
        "amenity": "bicycle_parking",
        "bicycle_parking": "rack",
        "capacity": "10",
        "source": "survey"
      },
      "geometry": {
        "type": "Point",
        "coordinates": [
          30.3721529,
          60.0072118
        ]
      },
      "id": "node/2896531906"
    },
    {
      "type": "Feature",
      "properties": {
        "@id": "node/2896531909",
        "amenity": "bicycle_parking",
        "bicycle_parking": "rack",
        "capacity": "10",
        "covered": "no",
        "source": "survey"
      },
      "geometry": {
        "type": "Point",
        "coordinates": [
          30.3724299,
          60.0086352
        ]
      },
      "id": "node/2896531909"
    },
    {
      "type": "Feature",
      "properties": {
        "@id": "node/2909163092",
        "amenity": "bicycle_parking",
        "capacity": "10"
      },
      "geometry": {
        "type": "Point",
        "coordinates": [
          30.3255493,
          59.9319748
        ]
      },
      "id": "node/2909163092"
    },
    {
      "type": "Feature",
      "properties": {
        "@id": "node/2909588232",
        "access": "customers",
        "amenity": "bicycle_parking",
        "capacity": "5",
        "covered": "no",
        "supervised": "yes"
      },
      "geometry": {
        "type": "Point",
        "coordinates": [
          30.3357899,
          59.9801094
        ]
      },
      "id": "node/2909588232"
    },
    {
      "type": "Feature",
      "properties": {
        "@id": "node/2909588233",
        "access": "customers",
        "amenity": "bicycle_parking",
        "capacity": "5",
        "covered": "no",
        "supervised": "yes"
      },
      "geometry": {
        "type": "Point",
        "coordinates": [
          30.3358434,
          59.980128
        ]
      },
      "id": "node/2909588233"
    },
    {
      "type": "Feature",
      "properties": {
        "@id": "node/2916369007",
        "amenity": "bicycle_parking",
        "bicycle_parking": "wall_hoops",
        "capacity": "8",
        "check_date": "2022-06-24",
        "covered": "no",
        "fee": "no"
      },
      "geometry": {
        "type": "Point",
        "coordinates": [
          30.4385852,
          59.9322194
        ]
      },
      "id": "node/2916369007"
    },
    {
      "type": "Feature",
      "properties": {
        "@id": "node/2916376898",
        "amenity": "bicycle_parking",
        "bicycle_parking": "rack",
        "capacity": "12",
        "covered": "yes",
        "fee": "no"
      },
      "geometry": {
        "type": "Point",
        "coordinates": [
          30.4828454,
          59.9077245
        ]
      },
      "id": "node/2916376898"
    },
    {
      "type": "Feature",
      "properties": {
        "@id": "node/2916376899",
        "amenity": "bicycle_parking",
        "bicycle_parking": "stands",
        "capacity": "24",
        "covered": "no",
        "fee": "no"
      },
      "geometry": {
        "type": "Point",
        "coordinates": [
          30.4788947,
          59.912035
        ]
      },
      "id": "node/2916376899"
    },
    {
      "type": "Feature",
      "properties": {
        "@id": "node/2927797301",
        "amenity": "bicycle_parking",
        "bicycle_parking": "stands",
        "capacity": "8",
        "covered": "no"
      },
      "geometry": {
        "type": "Point",
        "coordinates": [
          30.2542011,
          59.9828541
        ]
      },
      "id": "node/2927797301"
    },
    {
      "type": "Feature",
      "properties": {
        "@id": "node/2937927234",
        "amenity": "bicycle_parking",
        "bicycle_parking": "rack",
        "capacity": "5",
        "covered": "no",
        "operator": "Верный"
      },
      "geometry": {
        "type": "Point",
        "coordinates": [
          30.3804612,
          60.0161851
        ]
      },
      "id": "node/2937927234"
    },
    {
      "type": "Feature",
      "properties": {
        "@id": "node/2965340275",
        "amenity": "bicycle_parking",
        "bicycle_parking": "stands",
        "covered": "no"
      },
      "geometry": {
        "type": "Point",
        "coordinates": [
          30.3653626,
          59.9307546
        ]
      },
      "id": "node/2965340275"
    },
    {
      "type": "Feature",
      "properties": {
        "@id": "node/2976250443",
        "amenity": "bicycle_parking",
        "bicycle_parking": "ground_slots",
        "capacity": "5",
        "covered": "yes",
        "supervised": "no"
      },
      "geometry": {
        "type": "Point",
        "coordinates": [
          30.3300292,
          59.8879819
        ]
      },
      "id": "node/2976250443"
    },
    {
      "type": "Feature",
      "properties": {
        "@id": "node/2976250492",
        "amenity": "bicycle_parking",
        "bicycle_parking": "ground_slots",
        "capacity": "10",
        "covered": "no",
        "fee": "no",
        "supervised": "no"
      },
      "geometry": {
        "type": "Point",
        "coordinates": [
          30.4394444,
          59.9328699
        ]
      },
      "id": "node/2976250492"
    },
    {
      "type": "Feature",
      "properties": {
        "@id": "node/2976251098",
        "amenity": "bicycle_parking",
        "bicycle_parking": "ground_slots",
        "capacity": "10",
        "covered": "yes",
        "supervised": "no"
      },
      "geometry": {
        "type": "Point",
        "coordinates": [
          30.3240487,
          60.0394535
        ]
      },
      "id": "node/2976251098"
    },
    {
      "type": "Feature",
      "properties": {
        "@id": "node/2976251099",
        "amenity": "bicycle_parking",
        "bicycle_parking": "rack",
        "capacity": "7",
        "covered": "no",
        "supervised": "no"
      },
      "geometry": {
        "type": "Point",
        "coordinates": [
          30.2995365,
          60.0419635
        ]
      },
      "id": "node/2976251099"
    },
    {
      "type": "Feature",
      "properties": {
        "@id": "node/2976251102",
        "amenity": "bicycle_parking",
        "bicycle_parking": "rack",
        "capacity": "10",
        "covered": "yes",
        "supervised": "no"
      },
      "geometry": {
        "type": "Point",
        "coordinates": [
          30.3173237,
          60.0430687
        ]
      },
      "id": "node/2976251102"
    },
    {
      "type": "Feature",
      "properties": {
        "@id": "node/2976977361",
        "amenity": "bicycle_parking"
      },
      "geometry": {
        "type": "Point",
        "coordinates": [
          30.3779473,
          59.8295353
        ]
      },
      "id": "node/2976977361"
    },
    {
      "type": "Feature",
      "properties": {
        "@id": "node/2981560935",
        "amenity": "bicycle_parking",
        "bicycle_parking": "rack",
        "capacity": "10",
        "covered": "no",
        "supervised": "no"
      },
      "geometry": {
        "type": "Point",
        "coordinates": [
          30.3124529,
          60.0343665
        ]
      },
      "id": "node/2981560935"
    },
    {
      "type": "Feature",
      "properties": {
        "@id": "node/3049504505",
        "access": "private",
        "amenity": "bicycle_parking",
        "bicycle_parking": "ground_slots",
        "covered": "no"
      },
      "geometry": {
        "type": "Point",
        "coordinates": [
          30.283451,
          60.0286417
        ]
      },
      "id": "node/3049504505"
    },
    {
      "type": "Feature",
      "properties": {
        "@id": "node/3049504680",
        "access": "yes",
        "amenity": "bicycle_parking",
        "bicycle_parking": "wall_loops",
        "bike_ride": "yes",
        "capacity": "18",
        "covered": "no",
        "description": "Велопарковка на перехватывающей автостоянке у станции метро \"Гражданский проспект\"",
        "fee": "no",
        "operator": "СПб ГКУ «Городской центр управления парковками Санкт-Петербурга»",
        "operator:type": "government",
        "supervised": "yes"
      },
      "geometry": {
        "type": "Point",
        "coordinates": [
          30.4176096,
          60.0352434
        ]
      },
      "id": "node/3049504680"
    },
    {
      "type": "Feature",
      "properties": {
        "@id": "node/3049504691",
        "amenity": "bicycle_parking",
        "bicycle_parking": "rack",
        "capacity": "10",
        "covered": "no",
        "supervised": "no"
      },
      "geometry": {
        "type": "Point",
        "coordinates": [
          30.3204352,
          60.0372534
        ]
      },
      "id": "node/3049504691"
    },
    {
      "type": "Feature",
      "properties": {
        "@id": "node/3049504715",
        "amenity": "bicycle_parking",
        "bicycle_parking": "rack",
        "capacity": "7",
        "covered": "no",
        "supervised": "no"
      },
      "geometry": {
        "type": "Point",
        "coordinates": [
          30.4063594,
          60.037784
        ]
      },
      "id": "node/3049504715"
    },
    {
      "type": "Feature",
      "properties": {
        "@id": "node/3049505069",
        "amenity": "bicycle_parking",
        "bicycle_parking": "rack",
        "capacity": "5",
        "covered": "yes",
        "supervised": "no"
      },
      "geometry": {
        "type": "Point",
        "coordinates": [
          30.3250953,
          60.0409731
        ]
      },
      "id": "node/3049505069"
    },
    {
      "type": "Feature",
      "properties": {
        "@id": "node/3061158525",
        "amenity": "bicycle_parking",
        "bicycle_parking": "stands",
        "capacity": "11",
        "covered": "no"
      },
      "geometry": {
        "type": "Point",
        "coordinates": [
          30.2264429,
          59.9862142
        ]
      },
      "id": "node/3061158525"
    },
    {
      "type": "Feature",
      "properties": {
        "@id": "node/3089571412",
        "amenity": "bicycle_parking",
        "bicycle_parking": "rack",
        "capacity": "7",
        "check_date": "2024-10-03",
        "covered": "no",
        "supervised": "no"
      },
      "geometry": {
        "type": "Point",
        "coordinates": [
          30.310958,
          59.948133
        ]
      },
      "id": "node/3089571412"
    },
    {
      "type": "Feature",
      "properties": {
        "@id": "node/3090173256",
        "amenity": "bicycle_parking"
      },
      "geometry": {
        "type": "Point",
        "coordinates": [
          30.2382383,
          59.9408777
        ]
      },
      "id": "node/3090173256"
    },
    {
      "type": "Feature",
      "properties": {
        "@id": "node/3096184656",
        "amenity": "bicycle_parking",
        "bicycle_parking": "rack",
        "capacity": "7",
        "covered": "no",
        "fixme": "Примерное положение",
        "supervised": "no"
      },
      "geometry": {
        "type": "Point",
        "coordinates": [
          30.2972686,
          60.0261648
        ]
      },
      "id": "node/3096184656"
    },
    {
      "type": "Feature",
      "properties": {
        "@id": "node/3096184657",
        "amenity": "bicycle_parking",
        "bicycle_parking": "rack",
        "capacity": "7",
        "covered": "no",
        "fixme": "Примерное положение",
        "supervised": "no"
      },
      "geometry": {
        "type": "Point",
        "coordinates": [
          30.2968226,
          60.0269882
        ]
      },
      "id": "node/3096184657"
    },
    {
      "type": "Feature",
      "properties": {
        "@id": "node/3111509261",
        "amenity": "bicycle_parking",
        "bicycle_parking": "rack",
        "capacity": "2",
        "covered": "no",
        "supervised": "no"
      },
      "geometry": {
        "type": "Point",
        "coordinates": [
          30.410553,
          60.0268113
        ]
      },
      "id": "node/3111509261"
    },
    {
      "type": "Feature",
      "properties": {
        "@id": "node/3159149621",
        "amenity": "bicycle_parking",
        "bicycle_parking": "stands",
        "capacity": "6",
        "covered": "no",
        "fee": "no"
      },
      "geometry": {
        "type": "Point",
        "coordinates": [
          30.4070734,
          59.9346837
        ]
      },
      "id": "node/3159149621"
    },
    {
      "type": "Feature",
      "properties": {
        "@id": "node/3159149622",
        "amenity": "bicycle_parking",
        "bicycle_parking": "stands",
        "capacity": "5",
        "covered": "no",
        "fee": "no"
      },
      "geometry": {
        "type": "Point",
        "coordinates": [
          30.4077731,
          59.9367897
        ]
      },
      "id": "node/3159149622"
    },
    {
      "type": "Feature",
      "properties": {
        "@id": "node/3161338271",
        "amenity": "bicycle_parking",
        "bicycle_parking": "wall_loops",
        "capacity": "10",
        "check_date": "2022-06-24",
        "covered": "yes",
        "fee": "no"
      },
      "geometry": {
        "type": "Point",
        "coordinates": [
          30.4380747,
          59.9335058
        ]
      },
      "id": "node/3161338271"
    },
    {
      "type": "Feature",
      "properties": {
        "@id": "node/3166384849",
        "access": "customers",
        "amenity": "bicycle_parking",
        "bicycle_parking": "shed",
        "capacity": "10",
        "fee": "no"
      },
      "geometry": {
        "type": "Point",
        "coordinates": [
          30.1452332,
          59.8403834
        ]
      },
      "id": "node/3166384849"
    },
    {
      "type": "Feature",
      "properties": {
        "@id": "node/3166441135",
        "amenity": "bicycle_parking",
        "bicycle_parking": "wall_loops",
        "capacity": "15",
        "covered": "no"
      },
      "geometry": {
        "type": "Point",
        "coordinates": [
          30.1447069,
          59.8497842
        ]
      },
      "id": "node/3166441135"
    },
    {
      "type": "Feature",
      "properties": {
        "@id": "node/3167392653",
        "amenity": "bicycle_parking",
        "bicycle_parking": "rack",
        "capacity": "13",
        "covered": "no",
        "fee": "no",
        "opening_hours": "24/7",
        "supervised": "no"
      },
      "geometry": {
        "type": "Point",
        "coordinates": [
          30.2723906,
          59.9310805
        ]
      },
      "id": "node/3167392653"
    },
    {
      "type": "Feature",
      "properties": {
        "@id": "node/3167392763",
        "amenity": "bicycle_parking",
        "bicycle_parking": "rack",
        "capacity": "9",
        "covered": "no",
        "fee": "no",
        "opening_hours": "24/7",
        "supervised": "no"
      },
      "geometry": {
        "type": "Point",
        "coordinates": [
          30.2744868,
          59.9322745
        ]
      },
      "id": "node/3167392763"
    },
    {
      "type": "Feature",
      "properties": {
        "@id": "node/3167392788",
        "amenity": "bicycle_parking",
        "bicycle_parking": "rack",
        "capacity": "13",
        "covered": "no",
        "fee": "no",
        "opening_hours": "24/7",
        "supervised": "no"
      },
      "geometry": {
        "type": "Point",
        "coordinates": [
          30.276623,
          59.9333677
        ]
      },
      "id": "node/3167392788"
    },
    {
      "type": "Feature",
      "properties": {
        "@id": "node/3167392808",
        "amenity": "bicycle_parking",
        "bicycle_parking": "rack",
        "capacity": "12",
        "covered": "no",
        "fee": "no",
        "opening_hours": "24/7",
        "supervised": "no"
      },
      "geometry": {
        "type": "Point",
        "coordinates": [
          30.2818326,
          59.9405783
        ]
      },
      "id": "node/3167392808"
    },
    {
      "type": "Feature",
      "properties": {
        "@id": "node/3172965655",
        "amenity": "bicycle_parking",
        "bicycle_parking": "stands",
        "capacity": "19",
        "covered": "no",
        "fee": "no",
        "opening_hours": "24/7",
        "supervised": "no"
      },
      "geometry": {
        "type": "Point",
        "coordinates": [
          30.2790288,
          59.9425361
        ]
      },
      "id": "node/3172965655"
    },
    {
      "type": "Feature",
      "properties": {
        "@id": "node/3181713406",
        "amenity": "bicycle_parking",
        "bicycle_parking": "stands",
        "capacity": "5",
        "covered": "no"
      },
      "geometry": {
        "type": "Point",
        "coordinates": [
          30.3467836,
          59.9712271
        ]
      },
      "id": "node/3181713406"
    },
    {
      "type": "Feature",
      "properties": {
        "@id": "node/3200441851",
        "amenity": "bicycle_parking",
        "bicycle_parking": "rack",
        "capacity": "11",
        "covered": "no",
        "fee": "no",
        "supervised": "no"
      },
      "geometry": {
        "type": "Point",
        "coordinates": [
          30.4122859,
          60.0265362
        ]
      },
      "id": "node/3200441851"
    },
    {
      "type": "Feature",
      "properties": {
        "@id": "node/3246207871",
        "amenity": "bicycle_parking",
        "bicycle_parking": "ground_slots",
        "capacity": "7",
        "covered": "no",
        "fee": "no",
        "supervised": "no"
      },
      "geometry": {
        "type": "Point",
        "coordinates": [
          30.3570249,
          59.8962368
        ]
      },
      "id": "node/3246207871"
    },
    {
      "type": "Feature",
      "properties": {
        "@id": "node/3294389546",
        "amenity": "bicycle_parking",
        "bicycle_parking": "wall_loops",
        "capacity": "5"
      },
      "geometry": {
        "type": "Point",
        "coordinates": [
          30.336864,
          59.9311629
        ]
      },
      "id": "node/3294389546"
    },
    {
      "type": "Feature",
      "properties": {
        "@id": "node/3342280163",
        "amenity": "bicycle_parking",
        "bicycle_parking": "stands",
        "capacity": "11"
      },
      "geometry": {
        "type": "Point",
        "coordinates": [
          30.2415629,
          59.9486694
        ]
      },
      "id": "node/3342280163"
    },
    {
      "type": "Feature",
      "properties": {
        "@id": "node/3342283326",
        "amenity": "bicycle_parking",
        "bicycle_parking": "stands",
        "capacity": "11"
      },
      "geometry": {
        "type": "Point",
        "coordinates": [
          30.2427614,
          59.9489787
        ]
      },
      "id": "node/3342283326"
    },
    {
      "type": "Feature",
      "properties": {
        "@id": "node/3343557878",
        "access": "yes",
        "amenity": "bicycle_parking",
        "bicycle_parking": "wall_loops",
        "capacity": "5",
        "covered": "no",
        "fee": "no"
      },
      "geometry": {
        "type": "Point",
        "coordinates": [
          30.2447529,
          59.9548439
        ]
      },
      "id": "node/3343557878"
    },
    {
      "type": "Feature",
      "properties": {
        "@id": "node/3343574221",
        "amenity": "bicycle_parking",
        "bicycle_parking": "stands",
        "capacity": "11"
      },
      "geometry": {
        "type": "Point",
        "coordinates": [
          30.2428644,
          59.9545997
        ]
      },
      "id": "node/3343574221"
    },
    {
      "type": "Feature",
      "properties": {
        "@id": "node/3343593085",
        "amenity": "bicycle_parking",
        "bicycle_parking": "stands",
        "capacity": "12",
        "covered": "no"
      },
      "geometry": {
        "type": "Point",
        "coordinates": [
          30.2343098,
          59.9513764
        ]
      },
      "id": "node/3343593085"
    },
    {
      "type": "Feature",
      "properties": {
        "@id": "node/3347723846",
        "amenity": "bicycle_parking",
        "bicycle_parking": "wall_loops",
        "capacity": "5",
        "covered": "no"
      },
      "geometry": {
        "type": "Point",
        "coordinates": [
          30.2823833,
          59.9396517
        ]
      },
      "id": "node/3347723846"
    },
    {
      "type": "Feature",
      "properties": {
        "@id": "node/3347738845",
        "amenity": "bicycle_parking",
        "bicycle_parking": "stands",
        "capacity": "8",
        "covered": "no"
      },
      "geometry": {
        "type": "Point",
        "coordinates": [
          30.2697454,
          59.9452074
        ]
      },
      "id": "node/3347738845"
    },
    {
      "type": "Feature",
      "properties": {
        "@id": "node/3360301785",
        "amenity": "bicycle_parking",
        "bicycle_parking": "wall_loops",
        "capacity": "5",
        "covered": "yes"
      },
      "geometry": {
        "type": "Point",
        "coordinates": [
          30.2366141,
          59.9479163
        ]
      },
      "id": "node/3360301785"
    },
    {
      "type": "Feature",
      "properties": {
        "@id": "node/3364358555",
        "amenity": "bicycle_parking",
        "bicycle_parking": "ground_slots",
        "capacity": "10",
        "covered": "no",
        "fee": "no",
        "supervised": "no"
      },
      "geometry": {
        "type": "Point",
        "coordinates": [
          30.3917341,
          59.9485107
        ]
      },
      "id": "node/3364358555"
    },
    {
      "type": "Feature",
      "properties": {
        "@id": "node/3364358556",
        "amenity": "bicycle_parking",
        "bicycle_parking": "ground_slots",
        "capacity": "10",
        "covered": "no",
        "fee": "no",
        "supervised": "no"
      },
      "geometry": {
        "type": "Point",
        "coordinates": [
          30.3917679,
          59.9493269
        ]
      },
      "id": "node/3364358556"
    },
    {
      "type": "Feature",
      "properties": {
        "@id": "node/3384174008",
        "amenity": "bicycle_parking"
      },
      "geometry": {
        "type": "Point",
        "coordinates": [
          30.1341982,
          59.9961802
        ]
      },
      "id": "node/3384174008"
    },
    {
      "type": "Feature",
      "properties": {
        "@id": "node/3427604221",
        "amenity": "bicycle_parking",
        "bicycle_parking": "rack",
        "capacity": "11",
        "covered": "no",
        "fee": "no",
        "lit": "no",
        "opening_hours": "24/7",
        "supervised": "no"
      },
      "geometry": {
        "type": "Point",
        "coordinates": [
          30.4026612,
          60.0383976
        ]
      },
      "id": "node/3427604221"
    },
    {
      "type": "Feature",
      "properties": {
        "@id": "node/3427604227",
        "amenity": "bicycle_parking",
        "bicycle_parking": "rack",
        "capacity": "6",
        "covered": "no",
        "fee": "no",
        "opening_hours": "24/7",
        "supervised": "no"
      },
      "geometry": {
        "type": "Point",
        "coordinates": [
          30.3303525,
          60.047922
        ]
      },
      "id": "node/3427604227"
    },
    {
      "type": "Feature",
      "properties": {
        "@id": "node/3427604228",
        "amenity": "bicycle_parking",
        "bicycle_parking": "rack",
        "capacity": "7",
        "covered": "no",
        "fee": "no",
        "opening_hours": "24/7",
        "supervised": "no"
      },
      "geometry": {
        "type": "Point",
        "coordinates": [
          30.3557156,
          60.0480309
        ]
      },
      "id": "node/3427604228"
    },
    {
      "type": "Feature",
      "properties": {
        "@id": "node/3493599149",
        "amenity": "bicycle_parking",
        "bicycle_parking": "rack",
        "capacity": "6",
        "covered": "no",
        "fee": "no",
        "opening_hours": "24/7",
        "supervised": "no"
      },
      "geometry": {
        "type": "Point",
        "coordinates": [
          30.2611381,
          59.8674142
        ]
      },
      "id": "node/3493599149"
    },
    {
      "type": "Feature",
      "properties": {
        "@id": "node/3493599166",
        "amenity": "bicycle_parking",
        "bicycle_parking": "rack",
        "covered": "no",
        "fee": "no",
        "opening_hours": "24/7",
        "supervised": "no"
      },
      "geometry": {
        "type": "Point",
        "coordinates": [
          30.3948922,
          59.9425339
        ]
      },
      "id": "node/3493599166"
    },
    {
      "type": "Feature",
      "properties": {
        "@id": "node/3506343987",
        "amenity": "bicycle_parking",
        "bicycle_parking": "wall_loops",
        "capacity": "10"
      },
      "geometry": {
        "type": "Point",
        "coordinates": [
          30.3234943,
          60.0348284
        ]
      },
      "id": "node/3506343987"
    },
    {
      "type": "Feature",
      "properties": {
        "@id": "node/3559194402",
        "amenity": "bicycle_parking",
        "bicycle_parking": "stands",
        "capacity": "10",
        "covered": "no"
      },
      "geometry": {
        "type": "Point",
        "coordinates": [
          30.3551768,
          59.9365089
        ]
      },
      "id": "node/3559194402"
    },
    {
      "type": "Feature",
      "properties": {
        "@id": "node/3565577751",
        "amenity": "bicycle_parking",
        "bicycle_parking": "rack",
        "capacity": "5",
        "covered": "no"
      },
      "geometry": {
        "type": "Point",
        "coordinates": [
          30.3110991,
          60.0163075
        ]
      },
      "id": "node/3565577751"
    },
    {
      "type": "Feature",
      "properties": {
        "@id": "node/3577590504",
        "amenity": "bicycle_parking",
        "bicycle_parking": "ground_slots",
        "capacity": "30",
        "fee": "no",
        "supervised": "no"
      },
      "geometry": {
        "type": "Point",
        "coordinates": [
          30.2275527,
          59.9846805
        ]
      },
      "id": "node/3577590504"
    },
    {
      "type": "Feature",
      "properties": {
        "@id": "node/3577590506",
        "amenity": "bicycle_parking",
        "bicycle_parking": "rack",
        "capacity": "7",
        "covered": "no",
        "fee": "no",
        "supervised": "no"
      },
      "geometry": {
        "type": "Point",
        "coordinates": [
          30.2256083,
          59.9849868
        ]
      },
      "id": "node/3577590506"
    },
    {
      "type": "Feature",
      "properties": {
        "@id": "node/3589638207",
        "amenity": "bicycle_parking",
        "bicycle_parking": "stands",
        "capacity": "4",
        "covered": "no"
      },
      "geometry": {
        "type": "Point",
        "coordinates": [
          30.2743486,
          59.949501
        ]
      },
      "id": "node/3589638207"
    },
    {
      "type": "Feature",
      "properties": {
        "@id": "node/3643094593",
        "amenity": "bicycle_parking",
        "capacity": "10",
        "covered": "yes",
        "fee": "no"
      },
      "geometry": {
        "type": "Point",
        "coordinates": [
          30.3189158,
          59.8788694
        ]
      },
      "id": "node/3643094593"
    },
    {
      "type": "Feature",
      "properties": {
        "@id": "node/3645429824",
        "amenity": "bicycle_parking",
        "bicycle_parking": "rack",
        "capacity": "20",
        "covered": "no",
        "fee": "no",
        "opening_hours": "24/7",
        "supervised": "no"
      },
      "geometry": {
        "type": "Point",
        "coordinates": [
          30.3245477,
          60.0537215
        ]
      },
      "id": "node/3645429824"
    },
    {
      "type": "Feature",
      "properties": {
        "@id": "node/3647625148",
        "amenity": "bicycle_parking",
        "bicycle_parking": "wall_hoops",
        "capacity": "5",
        "covered": "no"
      },
      "geometry": {
        "type": "Point",
        "coordinates": [
          30.23608,
          59.998778
        ]
      },
      "id": "node/3647625148"
    },
    {
      "type": "Feature",
      "properties": {
        "@id": "node/3657863225",
        "amenity": "bicycle_parking",
        "bicycle_parking": "stands",
        "capacity": "10"
      },
      "geometry": {
        "type": "Point",
        "coordinates": [
          30.344925,
          59.9289497
        ]
      },
      "id": "node/3657863225"
    },
    {
      "type": "Feature",
      "properties": {
        "@id": "node/3660588314",
        "amenity": "bicycle_parking",
        "bicycle_parking": "stands",
        "capacity": "7"
      },
      "geometry": {
        "type": "Point",
        "coordinates": [
          30.293002,
          59.9449546
        ]
      },
      "id": "node/3660588314"
    },
    {
      "type": "Feature",
      "properties": {
        "@id": "node/3666194134",
        "amenity": "bicycle_parking",
        "capacity": "12"
      },
      "geometry": {
        "type": "Point",
        "coordinates": [
          30.4580106,
          59.9635455
        ]
      },
      "id": "node/3666194134"
    },
    {
      "type": "Feature",
      "properties": {
        "@id": "node/3676917809",
        "amenity": "bicycle_parking",
        "capacity": "4"
      },
      "geometry": {
        "type": "Point",
        "coordinates": [
          30.3257551,
          59.8280106
        ]
      },
      "id": "node/3676917809"
    },
    {
      "type": "Feature",
      "properties": {
        "@id": "node/3685485751",
        "amenity": "bicycle_parking"
      },
      "geometry": {
        "type": "Point",
        "coordinates": [
          30.2398679,
          60.022497
        ]
      },
      "id": "node/3685485751"
    },
    {
      "type": "Feature",
      "properties": {
        "@id": "node/3692231113",
        "amenity": "bicycle_parking",
        "bicycle_parking": "stands",
        "capacity": "18",
        "covered": "no"
      },
      "geometry": {
        "type": "Point",
        "coordinates": [
          30.2547231,
          59.9470664
        ]
      },
      "id": "node/3692231113"
    },
    {
      "type": "Feature",
      "properties": {
        "@id": "node/3692231114",
        "amenity": "bicycle_parking",
        "bicycle_parking": "rack",
        "capacity": "5",
        "covered": "no"
      },
      "geometry": {
        "type": "Point",
        "coordinates": [
          30.2383341,
          59.9444542
        ]
      },
      "id": "node/3692231114"
    },
    {
      "type": "Feature",
      "properties": {
        "@id": "node/3692245369",
        "amenity": "bicycle_parking",
        "bicycle_parking": "rack",
        "capacity": "6",
        "covered": "no"
      },
      "geometry": {
        "type": "Point",
        "coordinates": [
          30.2274464,
          59.9440086
        ]
      },
      "id": "node/3692245369"
    },
    {
      "type": "Feature",
      "properties": {
        "@id": "node/3696120885",
        "amenity": "bicycle_parking",
        "bicycle_parking": "rack",
        "capacity": "9",
        "covered": "no",
        "fee": "no",
        "opening_hours": "24/7",
        "supervised": "no"
      },
      "geometry": {
        "type": "Point",
        "coordinates": [
          30.3642492,
          60.047323
        ]
      },
      "id": "node/3696120885"
    },
    {
      "type": "Feature",
      "properties": {
        "@id": "node/3698514402",
        "amenity": "bicycle_parking"
      },
      "geometry": {
        "type": "Point",
        "coordinates": [
          30.399036,
          59.9736679
        ]
      },
      "id": "node/3698514402"
    },
    {
      "type": "Feature",
      "properties": {
        "@id": "node/3698514523",
        "amenity": "bicycle_parking"
      },
      "geometry": {
        "type": "Point",
        "coordinates": [
          30.3909569,
          59.9747786
        ]
      },
      "id": "node/3698514523"
    },
    {
      "type": "Feature",
      "properties": {
        "@id": "node/3711799533",
        "amenity": "bicycle_parking",
        "bicycle_parking": "rack",
        "covered": "no"
      },
      "geometry": {
        "type": "Point",
        "coordinates": [
          30.2322055,
          59.9420698
        ]
      },
      "id": "node/3711799533"
    },
    {
      "type": "Feature",
      "properties": {
        "@id": "node/3720046751",
        "amenity": "bicycle_parking",
        "bicycle_parking": "stands",
        "capacity": "12"
      },
      "geometry": {
        "type": "Point",
        "coordinates": [
          30.2446917,
          59.9383453
        ]
      },
      "id": "node/3720046751"
    },
    {
      "type": "Feature",
      "properties": {
        "@id": "node/3729800358",
        "amenity": "bicycle_parking",
        "bicycle_parking": "rack",
        "covered": "no"
      },
      "geometry": {
        "type": "Point",
        "coordinates": [
          30.2351003,
          59.9877509
        ]
      },
      "id": "node/3729800358"
    },
    {
      "type": "Feature",
      "properties": {
        "@id": "node/3730613411",
        "access": "yes",
        "amenity": "bicycle_parking",
        "bicycle_parking": "rack",
        "capacity": "4",
        "covered": "no",
        "fee": "no",
        "opening_hours": "24/7",
        "supervised": "no"
      },
      "geometry": {
        "type": "Point",
        "coordinates": [
          30.3923257,
          60.0219369
        ]
      },
      "id": "node/3730613411"
    },
    {
      "type": "Feature",
      "properties": {
        "@id": "node/3730613561",
        "access": "yes",
        "amenity": "bicycle_parking",
        "bicycle_parking": "rack",
        "capacity": "7",
        "covered": "no",
        "fee": "no",
        "opening_hours": "24/7",
        "supervised": "no"
      },
      "geometry": {
        "type": "Point",
        "coordinates": [
          30.4037371,
          60.0318727
        ]
      },
      "id": "node/3730613561"
    },
    {
      "type": "Feature",
      "properties": {
        "@id": "node/3730890812",
        "amenity": "bicycle_parking"
      },
      "geometry": {
        "type": "Point",
        "coordinates": [
          30.3098938,
          59.9662714
        ]
      },
      "id": "node/3730890812"
    },
    {
      "type": "Feature",
      "properties": {
        "@id": "node/3730890814",
        "amenity": "bicycle_parking",
        "covered": "no"
      },
      "geometry": {
        "type": "Point",
        "coordinates": [
          30.2920138,
          59.9853642
        ]
      },
      "id": "node/3730890814"
    },
    {
      "type": "Feature",
      "properties": {
        "@id": "node/3740353715",
        "amenity": "bicycle_parking",
        "bicycle_parking": "rack",
        "capacity": "11",
        "covered": "no",
        "fee": "no",
        "supervised": "no"
      },
      "geometry": {
        "type": "Point",
        "coordinates": [
          30.2685817,
          59.9284256
        ]
      },
      "id": "node/3740353715"
    },
    {
      "type": "Feature",
      "properties": {
        "@id": "node/3740774018",
        "access": "yes",
        "amenity": "bicycle_parking",
        "bicycle_parking": "rack",
        "capacity": "10",
        "fee": "no",
        "opening_hours": "24/7",
        "supervised": "no"
      },
      "geometry": {
        "type": "Point",
        "coordinates": [
          30.3347129,
          60.0600669
        ]
      },
      "id": "node/3740774018"
    },
    {
      "type": "Feature",
      "properties": {
        "@id": "node/3758370195",
        "access": "yes",
        "amenity": "bicycle_parking",
        "bicycle_parking": "rack",
        "capacity": "10",
        "covered": "yes",
        "fee": "no",
        "opening_hours": "24/7"
      },
      "geometry": {
        "type": "Point",
        "coordinates": [
          30.3220279,
          60.0368353
        ]
      },
      "id": "node/3758370195"
    },
    {
      "type": "Feature",
      "properties": {
        "@id": "node/3762016036",
        "access": "yes",
        "amenity": "bicycle_parking",
        "bicycle_parking": "wall_loops",
        "capacity": "4",
        "fee": "no",
        "opening_hours": "24/7",
        "supervised": "no"
      },
      "geometry": {
        "type": "Point",
        "coordinates": [
          30.3771875,
          60.0915849
        ]
      },
      "id": "node/3762016036"
    },
    {
      "type": "Feature",
      "properties": {
        "@id": "node/3769165597",
        "amenity": "bicycle_parking",
        "bicycle_parking": "wall_loops",
        "covered": "no"
      },
      "geometry": {
        "type": "Point",
        "coordinates": [
          30.2986068,
          60.0290551
        ]
      },
      "id": "node/3769165597"
    },
    {
      "type": "Feature",
      "properties": {
        "@id": "node/3847433039",
        "access": "yes",
        "amenity": "bicycle_parking",
        "bicycle_parking": "wall_loops",
        "fee": "no"
      },
      "geometry": {
        "type": "Point",
        "coordinates": [
          30.3556078,
          59.9455904
        ]
      },
      "id": "node/3847433039"
    },
    {
      "type": "Feature",
      "properties": {
        "@id": "node/3847485801",
        "amenity": "bicycle_parking"
      },
      "geometry": {
        "type": "Point",
        "coordinates": [
          30.255709,
          59.9999315
        ]
      },
      "id": "node/3847485801"
    },
    {
      "type": "Feature",
      "properties": {
        "@id": "node/3868256021",
        "amenity": "bicycle_parking",
        "bicycle_parking": "rack",
        "capacity": "28",
        "covered": "no",
        "fee": "no",
        "lit": "yes",
        "opening_hours": "24/7",
        "supervised": "yes"
      },
      "geometry": {
        "type": "Point",
        "coordinates": [
          30.295112,
          59.9249609
        ]
      },
      "id": "node/3868256021"
    },
    {
      "type": "Feature",
      "properties": {
        "@id": "node/3906827600",
        "amenity": "bicycle_parking"
      },
      "geometry": {
        "type": "Point",
        "coordinates": [
          30.3921153,
          59.8765448
        ]
      },
      "id": "node/3906827600"
    },
    {
      "type": "Feature",
      "properties": {
        "@id": "node/3907239415",
        "amenity": "bicycle_parking"
      },
      "geometry": {
        "type": "Point",
        "coordinates": [
          30.2606605,
          59.9321422
        ]
      },
      "id": "node/3907239415"
    },
    {
      "type": "Feature",
      "properties": {
        "@id": "node/3929674232",
        "amenity": "bicycle_parking"
      },
      "geometry": {
        "type": "Point",
        "coordinates": [
          30.239758,
          59.9481993
        ]
      },
      "id": "node/3929674232"
    },
    {
      "type": "Feature",
      "properties": {
        "@id": "node/3945901209",
        "access": "private",
        "amenity": "bicycle_parking",
        "covered": "no"
      },
      "geometry": {
        "type": "Point",
        "coordinates": [
          30.3203401,
          59.9633777
        ]
      },
      "id": "node/3945901209"
    },
    {
      "type": "Feature",
      "properties": {
        "@id": "node/3950641852",
        "access": "yes",
        "amenity": "bicycle_parking",
        "bicycle_parking": "rack",
        "capacity": "3",
        "check_date": "2023-03-27",
        "covered": "yes",
        "fee": "no",
        "supervised": "no"
      },
      "geometry": {
        "type": "Point",
        "coordinates": [
          30.3236287,
          60.0389748
        ]
      },
      "id": "node/3950641852"
    },
    {
      "type": "Feature",
      "properties": {
        "@id": "node/4044634759",
        "amenity": "bicycle_parking"
      },
      "geometry": {
        "type": "Point",
        "coordinates": [
          30.2442435,
          59.9518987
        ]
      },
      "id": "node/4044634759"
    },
    {
      "type": "Feature",
      "properties": {
        "@id": "node/4085745690",
        "amenity": "bicycle_parking",
        "capacity": "5"
      },
      "geometry": {
        "type": "Point",
        "coordinates": [
          30.3899103,
          59.8319246
        ]
      },
      "id": "node/4085745690"
    },
    {
      "type": "Feature",
      "properties": {
        "@id": "node/4089788008",
        "access": "yes",
        "amenity": "bicycle_parking",
        "bicycle_parking": "stands",
        "capacity": "5",
        "covered": "no",
        "fee": "no"
      },
      "geometry": {
        "type": "Point",
        "coordinates": [
          30.2683224,
          60.0000892
        ]
      },
      "id": "node/4089788008"
    },
    {
      "type": "Feature",
      "properties": {
        "@id": "node/4101898921",
        "amenity": "bicycle_parking",
        "bicycle_parking": "wall_loops"
      },
      "geometry": {
        "type": "Point",
        "coordinates": [
          30.2840425,
          60.0326988
        ]
      },
      "id": "node/4101898921"
    },
    {
      "type": "Feature",
      "properties": {
        "@id": "node/4101898922",
        "amenity": "bicycle_parking"
      },
      "geometry": {
        "type": "Point",
        "coordinates": [
          30.2848015,
          60.0326935
        ]
      },
      "id": "node/4101898922"
    },
    {
      "type": "Feature",
      "properties": {
        "@id": "node/4102552157",
        "amenity": "bicycle_parking",
        "bicycle_parking": "wall_loops",
        "capacity": "4"
      },
      "geometry": {
        "type": "Point",
        "coordinates": [
          30.5112604,
          59.9011646
        ]
      },
      "id": "node/4102552157"
    },
    {
      "type": "Feature",
      "properties": {
        "@id": "node/4102552915",
        "amenity": "bicycle_parking",
        "bicycle_parking": "wall_loops",
        "capacity": "4"
      },
      "geometry": {
        "type": "Point",
        "coordinates": [
          30.5113786,
          59.901689
        ]
      },
      "id": "node/4102552915"
    },
    {
      "type": "Feature",
      "properties": {
        "@id": "node/4102552982",
        "amenity": "bicycle_parking",
        "bicycle_parking": "wall_loops",
        "capacity": "4"
      },
      "geometry": {
        "type": "Point",
        "coordinates": [
          30.5114628,
          59.9020613
        ]
      },
      "id": "node/4102552982"
    },
    {
      "type": "Feature",
      "properties": {
        "@id": "node/4102553033",
        "amenity": "bicycle_parking",
        "bicycle_parking": "wall_loops",
        "capacity": "4"
      },
      "geometry": {
        "type": "Point",
        "coordinates": [
          30.5115442,
          59.9024065
        ]
      },
      "id": "node/4102553033"
    },
    {
      "type": "Feature",
      "properties": {
        "@id": "node/4112895222",
        "amenity": "bicycle_parking"
      },
      "geometry": {
        "type": "Point",
        "coordinates": [
          30.3186652,
          59.8876932
        ]
      },
      "id": "node/4112895222"
    },
    {
      "type": "Feature",
      "properties": {
        "@id": "node/4126632838",
        "access": "yes",
        "amenity": "bicycle_parking",
        "bicycle_parking": "stands",
        "capacity": "5",
        "covered": "no",
        "fee": "no"
      },
      "geometry": {
        "type": "Point",
        "coordinates": [
          30.3144915,
          59.9562731
        ]
      },
      "id": "node/4126632838"
    },
    {
      "type": "Feature",
      "properties": {
        "@id": "node/4127976310",
        "amenity": "bicycle_parking"
      },
      "geometry": {
        "type": "Point",
        "coordinates": [
          30.3871021,
          59.9197355
        ]
      },
      "id": "node/4127976310"
    },
    {
      "type": "Feature",
      "properties": {
        "@id": "node/4143170789",
        "amenity": "bicycle_parking",
        "bicycle_parking": "wall_loops",
        "capacity": "2",
        "covered": "no"
      },
      "geometry": {
        "type": "Point",
        "coordinates": [
          30.2007266,
          59.9957652
        ]
      },
      "id": "node/4143170789"
    },
    {
      "type": "Feature",
      "properties": {
        "@id": "node/4159220268",
        "amenity": "bicycle_parking",
        "bicycle_parking": "wall_loops",
        "capacity": "8"
      },
      "geometry": {
        "type": "Point",
        "coordinates": [
          30.5112333,
          59.9004511
        ]
      },
      "id": "node/4159220268"
    },
    {
      "type": "Feature",
      "properties": {
        "@id": "node/4159220299",
        "amenity": "bicycle_parking",
        "bicycle_parking": "wall_loops",
        "capacity": "8"
      },
      "geometry": {
        "type": "Point",
        "coordinates": [
          30.5103096,
          59.9005029
        ]
      },
      "id": "node/4159220299"
    },
    {
      "type": "Feature",
      "properties": {
        "@id": "node/4167170490",
        "amenity": "bicycle_parking",
        "bicycle_parking": "wall_loops",
        "capacity": "4"
      },
      "geometry": {
        "type": "Point",
        "coordinates": [
          30.5080136,
          59.9007366
        ]
      },
      "id": "node/4167170490"
    },
    {
      "type": "Feature",
      "properties": {
        "@id": "node/4178470615",
        "amenity": "bicycle_parking",
        "capacity": "5",
        "operator": "Магнит"
      },
      "geometry": {
        "type": "Point",
        "coordinates": [
          30.4185886,
          59.9764897
        ]
      },
      "id": "node/4178470615"
    },
    {
      "type": "Feature",
      "properties": {
        "@id": "node/4192233168",
        "access": "yes",
        "amenity": "bicycle_parking",
        "fee": "no"
      },
      "geometry": {
        "type": "Point",
        "coordinates": [
          30.2657359,
          60.0013953
        ]
      },
      "id": "node/4192233168"
    },
    {
      "type": "Feature",
      "properties": {
        "@id": "node/4192233447",
        "access": "yes",
        "amenity": "bicycle_parking",
        "bicycle_parking": "wall_loops",
        "covered": "yes",
        "fee": "no"
      },
      "geometry": {
        "type": "Point",
        "coordinates": [
          30.2825838,
          60.0057495
        ]
      },
      "id": "node/4192233447"
    },
    {
      "type": "Feature",
      "properties": {
        "@id": "node/4193092367",
        "amenity": "bicycle_parking",
        "bicycle_parking": "wall_loops",
        "capacity": "5",
        "covered": "no",
        "seasonal": "yes"
      },
      "geometry": {
        "type": "Point",
        "coordinates": [
          30.2555805,
          59.9885864
        ]
      },
      "id": "node/4193092367"
    },
    {
      "type": "Feature",
      "properties": {
        "@id": "node/4202620577",
        "amenity": "bicycle_parking",
        "bicycle_parking": "wall_loops",
        "capacity": "10"
      },
      "geometry": {
        "type": "Point",
        "coordinates": [
          30.4826483,
          59.9086763
        ]
      },
      "id": "node/4202620577"
    },
    {
      "type": "Feature",
      "properties": {
        "@id": "node/4202945922",
        "access": "yes",
        "amenity": "bicycle_parking",
        "bicycle_parking": "wall_loops",
        "capacity": "5",
        "covered": "no",
        "fee": "no"
      },
      "geometry": {
        "type": "Point",
        "coordinates": [
          30.2794504,
          59.999291
        ]
      },
      "id": "node/4202945922"
    },
    {
      "type": "Feature",
      "properties": {
        "@id": "node/4212028892",
        "amenity": "bicycle_parking",
        "bicycle_parking": "rack",
        "capacity": "4",
        "covered": "no"
      },
      "geometry": {
        "type": "Point",
        "coordinates": [
          30.3231304,
          59.8626039
        ]
      },
      "id": "node/4212028892"
    },
    {
      "type": "Feature",
      "properties": {
        "@id": "node/4249215410",
        "amenity": "bicycle_parking",
        "bicycle_parking": "stands"
      },
      "geometry": {
        "type": "Point",
        "coordinates": [
          30.3767566,
          59.9450505
        ]
      },
      "id": "node/4249215410"
    },
    {
      "type": "Feature",
      "properties": {
        "@id": "node/4263458846",
        "amenity": "bicycle_parking",
        "bicycle_parking": "stands"
      },
      "geometry": {
        "type": "Point",
        "coordinates": [
          30.3767061,
          59.9447745
        ]
      },
      "id": "node/4263458846"
    },
    {
      "type": "Feature",
      "properties": {
        "@id": "node/4263458851",
        "amenity": "bicycle_parking",
        "bicycle_parking": "stands"
      },
      "geometry": {
        "type": "Point",
        "coordinates": [
          30.377009,
          59.9448983
        ]
      },
      "id": "node/4263458851"
    },
    {
      "type": "Feature",
      "properties": {
        "@id": "node/4263458852",
        "amenity": "bicycle_parking",
        "bicycle_parking": "stands"
      },
      "geometry": {
        "type": "Point",
        "coordinates": [
          30.3764555,
          59.9449187
        ]
      },
      "id": "node/4263458852"
    },
    {
      "type": "Feature",
      "properties": {
        "@id": "node/4271487390",
        "amenity": "bicycle_parking",
        "bicycle_parking": "wall_loops",
        "covered": "no"
      },
      "geometry": {
        "type": "Point",
        "coordinates": [
          30.3373234,
          59.9316029
        ]
      },
      "id": "node/4271487390"
    },
    {
      "type": "Feature",
      "properties": {
        "@id": "node/4271487589",
        "amenity": "bicycle_parking"
      },
      "geometry": {
        "type": "Point",
        "coordinates": [
          30.3376428,
          59.9304422
        ]
      },
      "id": "node/4271487589"
    },
    {
      "type": "Feature",
      "properties": {
        "@id": "node/4271487789",
        "amenity": "bicycle_parking"
      },
      "geometry": {
        "type": "Point",
        "coordinates": [
          30.3372381,
          59.9308579
        ]
      },
      "id": "node/4271487789"
    },
    {
      "type": "Feature",
      "properties": {
        "@id": "node/4276282994",
        "amenity": "bicycle_parking",
        "bicycle_parking": "wall_loops",
        "capacity": "7",
        "covered": "no"
      },
      "geometry": {
        "type": "Point",
        "coordinates": [
          30.3762856,
          59.9434538
        ]
      },
      "id": "node/4276282994"
    },
    {
      "type": "Feature",
      "properties": {
        "@id": "node/4314613990",
        "amenity": "bicycle_parking"
      },
      "geometry": {
        "type": "Point",
        "coordinates": [
          30.2987435,
          59.8560789
        ]
      },
      "id": "node/4314613990"
    },
    {
      "type": "Feature",
      "properties": {
        "@id": "node/4314672352",
        "access": "yes",
        "amenity": "bicycle_parking",
        "bicycle_parking": "lockers",
        "capacity": "5",
        "fee": "no"
      },
      "geometry": {
        "type": "Point",
        "coordinates": [
          30.1241764,
          59.854233
        ]
      },
      "id": "node/4314672352"
    },
    {
      "type": "Feature",
      "properties": {
        "@id": "node/4316200589",
        "amenity": "bicycle_parking",
        "bicycle_parking": "stands",
        "capacity": "3",
        "covered": "no"
      },
      "geometry": {
        "type": "Point",
        "coordinates": [
          30.3597045,
          59.9484465
        ]
      },
      "id": "node/4316200589"
    },
    {
      "type": "Feature",
      "properties": {
        "@id": "node/4316200789",
        "amenity": "bicycle_parking"
      },
      "geometry": {
        "type": "Point",
        "coordinates": [
          30.360083,
          59.9486178
        ]
      },
      "id": "node/4316200789"
    },
    {
      "type": "Feature",
      "properties": {
        "@id": "node/4318865581",
        "amenity": "bicycle_parking",
        "bicycle_parking": "rack",
        "capacity": "9",
        "covered": "no"
      },
      "geometry": {
        "type": "Point",
        "coordinates": [
          30.3394206,
          59.9343408
        ]
      },
      "id": "node/4318865581"
    },
    {
      "type": "Feature",
      "properties": {
        "@id": "node/4325931790",
        "amenity": "bicycle_parking",
        "operator": "Пятёрочка."
      },
      "geometry": {
        "type": "Point",
        "coordinates": [
          30.274028,
          59.9026869
        ]
      },
      "id": "node/4325931790"
    },
    {
      "type": "Feature",
      "properties": {
        "@id": "node/4335053488",
        "amenity": "bicycle_parking",
        "bicycle_parking": "stands",
        "capacity": "5",
        "covered": "no",
        "fee": "no"
      },
      "geometry": {
        "type": "Point",
        "coordinates": [
          30.1993786,
          59.8575179
        ]
      },
      "id": "node/4335053488"
    },
    {
      "type": "Feature",
      "properties": {
        "@id": "node/4340147226",
        "amenity": "bicycle_parking"
      },
      "geometry": {
        "type": "Point",
        "coordinates": [
          30.1999354,
          59.8563827
        ]
      },
      "id": "node/4340147226"
    },
    {
      "type": "Feature",
      "properties": {
        "@id": "node/4346003265",
        "amenity": "bicycle_parking",
        "covered": "no"
      },
      "geometry": {
        "type": "Point",
        "coordinates": [
          30.1283349,
          59.9953264
        ]
      },
      "id": "node/4346003265"
    },
    {
      "type": "Feature",
      "properties": {
        "@id": "node/4346053041",
        "amenity": "bicycle_parking"
      },
      "geometry": {
        "type": "Point",
        "coordinates": [
          30.2114461,
          59.8536882
        ]
      },
      "id": "node/4346053041"
    },
    {
      "type": "Feature",
      "properties": {
        "@id": "node/4350026298",
        "amenity": "bicycle_parking"
      },
      "geometry": {
        "type": "Point",
        "coordinates": [
          30.3037413,
          59.9445743
        ]
      },
      "id": "node/4350026298"
    },
    {
      "type": "Feature",
      "properties": {
        "@id": "node/4350033491",
        "amenity": "bicycle_parking",
        "bicycle_parking": "wall_loops",
        "capacity": "12",
        "covered": "no"
      },
      "geometry": {
        "type": "Point",
        "coordinates": [
          30.2985153,
          59.9452248
        ]
      },
      "id": "node/4350033491"
    },
    {
      "type": "Feature",
      "properties": {
        "@id": "node/4351430500",
        "amenity": "bicycle_parking"
      },
      "geometry": {
        "type": "Point",
        "coordinates": [
          30.4452761,
          59.8772573
        ]
      },
      "id": "node/4351430500"
    },
    {
      "type": "Feature",
      "properties": {
        "@id": "node/4351703865",
        "access": "yes",
        "amenity": "bicycle_parking",
        "bicycle_parking": "rack",
        "capacity": "4",
        "covered": "no",
        "fee": "no",
        "opening_hours": "24/7",
        "supervised": "no"
      },
      "geometry": {
        "type": "Point",
        "coordinates": [
          30.4039099,
          60.0442064
        ]
      },
      "id": "node/4351703865"
    },
    {
      "type": "Feature",
      "properties": {
        "@id": "node/4354256411",
        "amenity": "bicycle_parking",
        "bicycle_parking": "wall_loops",
        "capacity": "10",
        "covered": "no"
      },
      "geometry": {
        "type": "Point",
        "coordinates": [
          30.280411,
          59.9599384
        ]
      },
      "id": "node/4354256411"
    },
    {
      "type": "Feature",
      "properties": {
        "@id": "node/4355477491",
        "amenity": "bicycle_parking",
        "bicycle_parking": "wall_loops",
        "covered": "no",
        "operator": "10"
      },
      "geometry": {
        "type": "Point",
        "coordinates": [
          30.3954876,
          59.9497511
        ]
      },
      "id": "node/4355477491"
    },
    {
      "type": "Feature",
      "properties": {
        "@id": "node/4358957898",
        "amenity": "bicycle_parking",
        "covered": "no"
      },
      "geometry": {
        "type": "Point",
        "coordinates": [
          30.3162928,
          59.9650837
        ]
      },
      "id": "node/4358957898"
    },
    {
      "type": "Feature",
      "properties": {
        "@id": "node/4359997589",
        "amenity": "bicycle_parking",
        "bicycle_parking": "wall_loops",
        "capacity": "7",
        "covered": "yes",
        "operator": "7"
      },
      "geometry": {
        "type": "Point",
        "coordinates": [
          30.2834467,
          59.9675477
        ]
      },
      "id": "node/4359997589"
    },
    {
      "type": "Feature",
      "properties": {
        "@id": "node/4377988117",
        "amenity": "bicycle_parking",
        "covered": "no",
        "note": "Велопарковка \"Азбука вкуса\""
      },
      "geometry": {
        "type": "Point",
        "coordinates": [
          30.318964,
          59.8890586
        ]
      },
      "id": "node/4377988117"
    },
    {
      "type": "Feature",
      "properties": {
        "@id": "node/4382027497",
        "amenity": "bicycle_parking",
        "bicycle_parking": "wall_loops",
        "capacity": "10",
        "covered": "no"
      },
      "geometry": {
        "type": "Point",
        "coordinates": [
          30.3772909,
          59.8303844
        ]
      },
      "id": "node/4382027497"
    },
    {
      "type": "Feature",
      "properties": {
        "@id": "node/4388884687",
        "amenity": "bicycle_parking",
        "bicycle_parking": "wall_loops",
        "capacity": "3",
        "covered": "yes"
      },
      "geometry": {
        "type": "Point",
        "coordinates": [
          30.2142631,
          59.8597113
        ]
      },
      "id": "node/4388884687"
    },
    {
      "type": "Feature",
      "properties": {
        "@id": "node/4423365603",
        "amenity": "bicycle_parking"
      },
      "geometry": {
        "type": "Point",
        "coordinates": [
          30.5068231,
          59.8984224
        ]
      },
      "id": "node/4423365603"
    },
    {
      "type": "Feature",
      "properties": {
        "@id": "node/4440779797",
        "amenity": "bicycle_parking"
      },
      "geometry": {
        "type": "Point",
        "coordinates": [
          30.2633612,
          59.9891253
        ]
      },
      "id": "node/4440779797"
    },
    {
      "type": "Feature",
      "properties": {
        "@id": "node/4441927286",
        "amenity": "bicycle_parking"
      },
      "geometry": {
        "type": "Point",
        "coordinates": [
          30.3614101,
          59.9328927
        ]
      },
      "id": "node/4441927286"
    },
    {
      "type": "Feature",
      "properties": {
        "@id": "node/4476462042",
        "amenity": "bicycle_parking"
      },
      "geometry": {
        "type": "Point",
        "coordinates": [
          30.1492318,
          59.9954715
        ]
      },
      "id": "node/4476462042"
    },
    {
      "type": "Feature",
      "properties": {
        "@id": "node/4481205225",
        "access": "yes",
        "amenity": "bicycle_parking",
        "bicycle_parking": "wall_loops",
        "capacity": "4",
        "fee": "no",
        "opening_hours": "24/7",
        "supervised": "no"
      },
      "geometry": {
        "type": "Point",
        "coordinates": [
          30.3773201,
          60.0916328
        ]
      },
      "id": "node/4481205225"
    },
    {
      "type": "Feature",
      "properties": {
        "@id": "node/4498989234",
        "amenity": "bicycle_parking"
      },
      "geometry": {
        "type": "Point",
        "coordinates": [
          30.2008681,
          60.0028499
        ]
      },
      "id": "node/4498989234"
    },
    {
      "type": "Feature",
      "properties": {
        "@id": "node/4613728790",
        "amenity": "bicycle_parking"
      },
      "geometry": {
        "type": "Point",
        "coordinates": [
          30.321925,
          59.9666822
        ]
      },
      "id": "node/4613728790"
    },
    {
      "type": "Feature",
      "properties": {
        "@id": "node/4660973157",
        "amenity": "bicycle_parking",
        "bicycle_parking": "wall_loops",
        "capacity": "8",
        "covered": "no"
      },
      "geometry": {
        "type": "Point",
        "coordinates": [
          30.4416637,
          59.8777887
        ]
      },
      "id": "node/4660973157"
    },
    {
      "type": "Feature",
      "properties": {
        "@id": "node/4703121189",
        "amenity": "bicycle_parking",
        "bicycle_parking": "wall_loops",
        "capacity": "6",
        "covered": "no"
      },
      "geometry": {
        "type": "Point",
        "coordinates": [
          30.2819962,
          60.0043872
        ]
      },
      "id": "node/4703121189"
    },
    {
      "type": "Feature",
      "properties": {
        "@id": "node/4703311889",
        "amenity": "bicycle_parking",
        "bicycle_parking": "wall_loops",
        "capacity": "6",
        "covered": "no"
      },
      "geometry": {
        "type": "Point",
        "coordinates": [
          30.2822457,
          60.0043902
        ]
      },
      "id": "node/4703311889"
    },
    {
      "type": "Feature",
      "properties": {
        "@id": "node/4820564503",
        "amenity": "bicycle_parking",
        "bicycle_parking": "stands",
        "covered": "yes"
      },
      "geometry": {
        "type": "Point",
        "coordinates": [
          30.3194268,
          59.9634453
        ]
      },
      "id": "node/4820564503"
    },
    {
      "type": "Feature",
      "properties": {
        "@id": "node/4849138196",
        "amenity": "bicycle_parking"
      },
      "geometry": {
        "type": "Point",
        "coordinates": [
          30.332359,
          59.9745858
        ]
      },
      "id": "node/4849138196"
    },
    {
      "type": "Feature",
      "properties": {
        "@id": "node/4904138782",
        "amenity": "bicycle_parking",
        "bicycle_parking": "wall_loops"
      },
      "geometry": {
        "type": "Point",
        "coordinates": [
          30.4436287,
          59.8836436
        ]
      },
      "id": "node/4904138782"
    },
    {
      "type": "Feature",
      "properties": {
        "@id": "node/4907853727",
        "amenity": "bicycle_parking"
      },
      "geometry": {
        "type": "Point",
        "coordinates": [
          30.4475614,
          59.8757471
        ]
      },
      "id": "node/4907853727"
    },
    {
      "type": "Feature",
      "properties": {
        "@id": "node/4909725938",
        "amenity": "bicycle_parking",
        "bicycle_parking": "wall_loops"
      },
      "geometry": {
        "type": "Point",
        "coordinates": [
          30.4546709,
          59.8651871
        ]
      },
      "id": "node/4909725938"
    },
    {
      "type": "Feature",
      "properties": {
        "@id": "node/4920527218",
        "amenity": "bicycle_parking",
        "bicycle_parking": "wall_loops",
        "capacity": "5",
        "covered": "no"
      },
      "geometry": {
        "type": "Point",
        "coordinates": [
          30.367198,
          60.0333016
        ]
      },
      "id": "node/4920527218"
    },
    {
      "type": "Feature",
      "properties": {
        "@id": "node/4926973222",
        "amenity": "bicycle_parking",
        "bicycle_parking": "wall_loops"
      },
      "geometry": {
        "type": "Point",
        "coordinates": [
          30.4435597,
          59.883877
        ]
      },
      "id": "node/4926973222"
    },
    {
      "type": "Feature",
      "properties": {
        "@id": "node/4931699981",
        "amenity": "bicycle_parking",
        "bicycle_parking": "wall_loops",
        "capacity": "10",
        "covered": "no"
      },
      "geometry": {
        "type": "Point",
        "coordinates": [
          30.4370545,
          59.8813077
        ]
      },
      "id": "node/4931699981"
    },
    {
      "type": "Feature",
      "properties": {
        "@id": "node/4932231232",
        "amenity": "bicycle_parking"
      },
      "geometry": {
        "type": "Point",
        "coordinates": [
          30.3612735,
          59.9321263
        ]
      },
      "id": "node/4932231232"
    },
    {
      "type": "Feature",
      "properties": {
        "@id": "node/4960601814",
        "amenity": "bicycle_parking",
        "bicycle_parking": "wall_loops",
        "capacity": "4",
        "covered": "no"
      },
      "geometry": {
        "type": "Point",
        "coordinates": [
          30.4422995,
          59.87798
        ]
      },
      "id": "node/4960601814"
    },
    {
      "type": "Feature",
      "properties": {
        "@id": "node/4972426325",
        "amenity": "bicycle_parking"
      },
      "geometry": {
        "type": "Point",
        "coordinates": [
          30.3228606,
          59.9527086
        ]
      },
      "id": "node/4972426325"
    },
    {
      "type": "Feature",
      "properties": {
        "@id": "node/4972469410",
        "amenity": "bicycle_parking",
        "bicycle_parking": "stands",
        "capacity": "35",
        "covered": "no"
      },
      "geometry": {
        "type": "Point",
        "coordinates": [
          30.2874069,
          59.929749
        ]
      },
      "id": "node/4972469410"
    },
    {
      "type": "Feature",
      "properties": {
        "@id": "node/5008656398",
        "amenity": "bicycle_parking"
      },
      "geometry": {
        "type": "Point",
        "coordinates": [
          30.2504377,
          59.9849315
        ]
      },
      "id": "node/5008656398"
    },
    {
      "type": "Feature",
      "properties": {
        "@id": "node/5026930321",
        "amenity": "bicycle_parking"
      },
      "geometry": {
        "type": "Point",
        "coordinates": [
          30.3799583,
          59.827215
        ]
      },
      "id": "node/5026930321"
    },
    {
      "type": "Feature",
      "properties": {
        "@id": "node/5027349921",
        "amenity": "bicycle_parking",
        "bicycle_parking": "stands",
        "capacity": "6",
        "covered": "no"
      },
      "geometry": {
        "type": "Point",
        "coordinates": [
          30.2975098,
          59.907625
        ]
      },
      "id": "node/5027349921"
    },
    {
      "type": "Feature",
      "properties": {
        "@id": "node/5027353121",
        "amenity": "bicycle_parking"
      },
      "geometry": {
        "type": "Point",
        "coordinates": [
          30.2772986,
          59.9087546
        ]
      },
      "id": "node/5027353121"
    },
    {
      "type": "Feature",
      "properties": {
        "@id": "node/5027429821",
        "amenity": "bicycle_parking"
      },
      "geometry": {
        "type": "Point",
        "coordinates": [
          30.2534301,
          59.9303205
        ]
      },
      "id": "node/5027429821"
    },
    {
      "type": "Feature",
      "properties": {
        "@id": "node/5029164822",
        "amenity": "bicycle_parking",
        "bicycle_parking": "wall_loops",
        "capacity": "4",
        "covered": "no"
      },
      "geometry": {
        "type": "Point",
        "coordinates": [
          30.3180621,
          59.8914151
        ]
      },
      "id": "node/5029164822"
    },
    {
      "type": "Feature",
      "properties": {
        "@id": "node/5029272322",
        "amenity": "bicycle_parking"
      },
      "geometry": {
        "type": "Point",
        "coordinates": [
          30.2850286,
          59.9095771
        ]
      },
      "id": "node/5029272322"
    },
    {
      "type": "Feature",
      "properties": {
        "@id": "node/5030149221",
        "amenity": "bicycle_parking",
        "bicycle_parking": "stands",
        "capacity": "8",
        "covered": "no"
      },
      "geometry": {
        "type": "Point",
        "coordinates": [
          30.3437278,
          59.9848866
        ]
      },
      "id": "node/5030149221"
    },
    {
      "type": "Feature",
      "properties": {
        "@id": "node/5030150583",
        "amenity": "bicycle_parking",
        "bicycle_parking": "wall_loops",
        "capacity": "8",
        "covered": "no"
      },
      "geometry": {
        "type": "Point",
        "coordinates": [
          30.2972569,
          60.0077237
        ]
      },
      "id": "node/5030150583"
    },
    {
      "type": "Feature",
      "properties": {
        "@id": "node/5030911122",
        "amenity": "bicycle_parking",
        "bicycle_parking": "stands",
        "capacity": "4"
      },
      "geometry": {
        "type": "Point",
        "coordinates": [
          30.2813888,
          59.9087121
        ]
      },
      "id": "node/5030911122"
    },
    {
      "type": "Feature",
      "properties": {
        "@id": "node/5032694943",
        "amenity": "bicycle_parking",
        "bicycle_parking": "stands",
        "capacity": "8",
        "covered": "no"
      },
      "geometry": {
        "type": "Point",
        "coordinates": [
          30.3024582,
          59.9491366
        ]
      },
      "id": "node/5032694943"
    },
    {
      "type": "Feature",
      "properties": {
        "@id": "node/5033200121",
        "amenity": "bicycle_parking",
        "bicycle_parking": "rack",
        "capacity": "11",
        "covered": "no"
      },
      "geometry": {
        "type": "Point",
        "coordinates": [
          30.290766,
          59.9374329
        ]
      },
      "id": "node/5033200121"
    },
    {
      "type": "Feature",
      "properties": {
        "@id": "node/5034875422",
        "amenity": "bicycle_parking",
        "capacity": "6"
      },
      "geometry": {
        "type": "Point",
        "coordinates": [
          30.3191378,
          59.8777511
        ]
      },
      "id": "node/5034875422"
    },
    {
      "type": "Feature",
      "properties": {
        "@id": "node/5035128125",
        "amenity": "bicycle_parking",
        "bicycle_parking": "wall_loops",
        "capacity": "6",
        "covered": "no"
      },
      "geometry": {
        "type": "Point",
        "coordinates": [
          30.3069202,
          59.9063898
        ]
      },
      "id": "node/5035128125"
    },
    {
      "type": "Feature",
      "properties": {
        "@id": "node/5036874307",
        "amenity": "bicycle_parking",
        "bicycle_parking": "rack",
        "capacity": "6",
        "covered": "no"
      },
      "geometry": {
        "type": "Point",
        "coordinates": [
          30.382215,
          59.8527366
        ]
      },
      "id": "node/5036874307"
    },
    {
      "type": "Feature",
      "properties": {
        "@id": "node/5041265722",
        "amenity": "bicycle_parking",
        "bicycle_parking": "wall_loops",
        "capacity": "7",
        "covered": "no"
      },
      "geometry": {
        "type": "Point",
        "coordinates": [
          30.2747159,
          59.9009115
        ]
      },
      "id": "node/5041265722"
    },
    {
      "type": "Feature",
      "properties": {
        "@id": "node/5052038824",
        "amenity": "bicycle_parking"
      },
      "geometry": {
        "type": "Point",
        "coordinates": [
          30.2324714,
          59.9693815
        ]
      },
      "id": "node/5052038824"
    },
    {
      "type": "Feature",
      "properties": {
        "@id": "node/5058529822",
        "amenity": "bicycle_parking"
      },
      "geometry": {
        "type": "Point",
        "coordinates": [
          30.2882408,
          59.9068662
        ]
      },
      "id": "node/5058529822"
    },
    {
      "type": "Feature",
      "properties": {
        "@id": "node/5058656022",
        "amenity": "bicycle_parking"
      },
      "geometry": {
        "type": "Point",
        "coordinates": [
          30.1395836,
          59.8618687
        ]
      },
      "id": "node/5058656022"
    },
    {
      "type": "Feature",
      "properties": {
        "@id": "node/5064569021",
        "amenity": "bicycle_parking",
        "bicycle_parking": "wall_loops",
        "capacity": "10",
        "covered": "no",
        "fee": "no"
      },
      "geometry": {
        "type": "Point",
        "coordinates": [
          30.3169612,
          59.9685734
        ]
      },
      "id": "node/5064569021"
    },
    {
      "type": "Feature",
      "properties": {
        "@id": "node/5070880728",
        "amenity": "bicycle_parking",
        "bicycle_parking": "stands",
        "covered": "no"
      },
      "geometry": {
        "type": "Point",
        "coordinates": [
          30.3444336,
          59.8319829
        ]
      },
      "id": "node/5070880728"
    },
    {
      "type": "Feature",
      "properties": {
        "@id": "node/5070917021",
        "amenity": "bicycle_parking",
        "operator": "ВелоДрайв"
      },
      "geometry": {
        "type": "Point",
        "coordinates": [
          30.3446061,
          59.8320679
        ]
      },
      "id": "node/5070917021"
    },
    {
      "type": "Feature",
      "properties": {
        "@id": "node/5070967828",
        "amenity": "bicycle_parking"
      },
      "geometry": {
        "type": "Point",
        "coordinates": [
          30.3181069,
          59.9015389
        ]
      },
      "id": "node/5070967828"
    },
    {
      "type": "Feature",
      "properties": {
        "@id": "node/5073418621",
        "amenity": "bicycle_parking"
      },
      "geometry": {
        "type": "Point",
        "coordinates": [
          30.3942564,
          59.8808885
        ]
      },
      "id": "node/5073418621"
    },
    {
      "type": "Feature",
      "properties": {
        "@id": "node/5074199321",
        "amenity": "bicycle_parking",
        "bicycle_parking": "wall_loops",
        "capacity": "13",
        "covered": "no"
      },
      "geometry": {
        "type": "Point",
        "coordinates": [
          30.27156,
          59.9587241
        ]
      },
      "id": "node/5074199321"
    },
    {
      "type": "Feature",
      "properties": {
        "@id": "node/5077679122",
        "amenity": "bicycle_parking"
      },
      "geometry": {
        "type": "Point",
        "coordinates": [
          30.2896866,
          59.8995786
        ]
      },
      "id": "node/5077679122"
    },
    {
      "type": "Feature",
      "properties": {
        "@id": "node/5079551321",
        "amenity": "bicycle_parking"
      },
      "geometry": {
        "type": "Point",
        "coordinates": [
          30.3125157,
          59.9139064
        ]
      },
      "id": "node/5079551321"
    },
    {
      "type": "Feature",
      "properties": {
        "@id": "node/5083271157",
        "amenity": "bicycle_parking"
      },
      "geometry": {
        "type": "Point",
        "coordinates": [
          30.3274811,
          59.8884365
        ]
      },
      "id": "node/5083271157"
    },
    {
      "type": "Feature",
      "properties": {
        "@id": "node/5086526023",
        "amenity": "bicycle_parking"
      },
      "geometry": {
        "type": "Point",
        "coordinates": [
          30.3004786,
          59.9034654
        ]
      },
      "id": "node/5086526023"
    },
    {
      "type": "Feature",
      "properties": {
        "@id": "node/5086526024",
        "amenity": "bicycle_parking",
        "bicycle_parking": "wall_loops",
        "covered": "no"
      },
      "geometry": {
        "type": "Point",
        "coordinates": [
          30.3004902,
          59.9040879
        ]
      },
      "id": "node/5086526024"
    },
    {
      "type": "Feature",
      "properties": {
        "@id": "node/5088507073",
        "amenity": "bicycle_parking",
        "bicycle_parking": "rack",
        "covered": "no"
      },
      "geometry": {
        "type": "Point",
        "coordinates": [
          30.3967546,
          59.8393854
        ]
      },
      "id": "node/5088507073"
    },
    {
      "type": "Feature",
      "properties": {
        "@id": "node/5088891558",
        "amenity": "bicycle_parking",
        "bicycle_parking": "rack"
      },
      "geometry": {
        "type": "Point",
        "coordinates": [
          30.3948569,
          59.8452979
        ]
      },
      "id": "node/5088891558"
    },
    {
      "type": "Feature",
      "properties": {
        "@id": "node/5090180421",
        "amenity": "bicycle_parking"
      },
      "geometry": {
        "type": "Point",
        "coordinates": [
          30.3615548,
          59.9251122
        ]
      },
      "id": "node/5090180421"
    },
    {
      "type": "Feature",
      "properties": {
        "@id": "node/5101784125",
        "amenity": "bicycle_parking"
      },
      "geometry": {
        "type": "Point",
        "coordinates": [
          30.3754142,
          59.9360358
        ]
      },
      "id": "node/5101784125"
    },
    {
      "type": "Feature",
      "properties": {
        "@id": "node/5108295762",
        "amenity": "bicycle_parking"
      },
      "geometry": {
        "type": "Point",
        "coordinates": [
          30.2255962,
          59.9419914
        ]
      },
      "id": "node/5108295762"
    },
    {
      "type": "Feature",
      "properties": {
        "@id": "node/5109794372",
        "access": "private",
        "amenity": "bicycle_parking"
      },
      "geometry": {
        "type": "Point",
        "coordinates": [
          30.2330877,
          59.9531201
        ]
      },
      "id": "node/5109794372"
    },
    {
      "type": "Feature",
      "properties": {
        "@id": "node/5109794373",
        "access": "private",
        "amenity": "bicycle_parking"
      },
      "geometry": {
        "type": "Point",
        "coordinates": [
          30.2330583,
          59.9530534
        ]
      },
      "id": "node/5109794373"
    },
    {
      "type": "Feature",
      "properties": {
        "@id": "node/5109794388",
        "amenity": "bicycle_parking",
        "bicycle_parking": "rack",
        "covered": "no"
      },
      "geometry": {
        "type": "Point",
        "coordinates": [
          30.2201026,
          59.9596471
        ]
      },
      "id": "node/5109794388"
    },
    {
      "type": "Feature",
      "properties": {
        "@id": "node/5110119377",
        "amenity": "bicycle_parking",
        "covered": "yes"
      },
      "geometry": {
        "type": "Point",
        "coordinates": [
          30.2453871,
          59.9560785
        ]
      },
      "id": "node/5110119377"
    },
    {
      "type": "Feature",
      "properties": {
        "@id": "node/5110119378",
        "amenity": "bicycle_parking",
        "covered": "yes"
      },
      "geometry": {
        "type": "Point",
        "coordinates": [
          30.2448306,
          59.9566203
        ]
      },
      "id": "node/5110119378"
    },
    {
      "type": "Feature",
      "properties": {
        "@id": "node/5111324123",
        "amenity": "bicycle_parking",
        "bicycle_parking": "rack",
        "covered": "no",
        "operator": "Marketplace"
      },
      "geometry": {
        "type": "Point",
        "coordinates": [
          30.2805365,
          59.9412623
        ]
      },
      "id": "node/5111324123"
    },
    {
      "type": "Feature",
      "properties": {
        "@id": "node/5112539699",
        "amenity": "bicycle_parking",
        "bicycle_parking": "rack",
        "capacity": "10",
        "covered": "no"
      },
      "geometry": {
        "type": "Point",
        "coordinates": [
          30.22413,
          59.953561
        ]
      },
      "id": "node/5112539699"
    },
    {
      "type": "Feature",
      "properties": {
        "@id": "node/5114872925",
        "access": "yes",
        "amenity": "bicycle_parking",
        "bicycle_parking": "stands",
        "capacity": "20",
        "covered": "no"
      },
      "geometry": {
        "type": "Point",
        "coordinates": [
          30.2983058,
          59.9073316
        ]
      },
      "id": "node/5114872925"
    },
    {
      "type": "Feature",
      "properties": {
        "@id": "node/5117013631",
        "access": "private",
        "amenity": "bicycle_parking",
        "bicycle_parking": "rack"
      },
      "geometry": {
        "type": "Point",
        "coordinates": [
          30.2472582,
          59.9550925
        ]
      },
      "id": "node/5117013631"
    },
    {
      "type": "Feature",
      "properties": {
        "@id": "node/5126754322",
        "amenity": "bicycle_parking",
        "bicycle_parking": "wall_loops",
        "capacity": "5",
        "covered": "no"
      },
      "geometry": {
        "type": "Point",
        "coordinates": [
          30.2718086,
          59.9009493
        ]
      },
      "id": "node/5126754322"
    },
    {
      "type": "Feature",
      "properties": {
        "@id": "node/5129268621",
        "amenity": "bicycle_parking",
        "bicycle_parking": "rack",
        "capacity": "5",
        "covered": "no"
      },
      "geometry": {
        "type": "Point",
        "coordinates": [
          30.2894421,
          59.9178947
        ]
      },
      "id": "node/5129268621"
    },
    {
      "type": "Feature",
      "properties": {
        "@id": "node/5130832924",
        "amenity": "bicycle_parking"
      },
      "geometry": {
        "type": "Point",
        "coordinates": [
          30.2815489,
          59.9077763
        ]
      },
      "id": "node/5130832924"
    },
    {
      "type": "Feature",
      "properties": {
        "@id": "node/5131737240",
        "amenity": "bicycle_parking",
        "bicycle_parking": "rack"
      },
      "geometry": {
        "type": "Point",
        "coordinates": [
          30.2197033,
          59.9535196
        ]
      },
      "id": "node/5131737240"
    },
    {
      "type": "Feature",
      "properties": {
        "@id": "node/5131737241",
        "amenity": "bicycle_parking",
        "bicycle_parking": "rack"
      },
      "geometry": {
        "type": "Point",
        "coordinates": [
          30.2211041,
          59.9532832
        ]
      },
      "id": "node/5131737241"
    },
    {
      "type": "Feature",
      "properties": {
        "@id": "node/5133721222",
        "amenity": "bicycle_parking",
        "bicycle_parking": "rack"
      },
      "geometry": {
        "type": "Point",
        "coordinates": [
          30.2289677,
          59.9602929
        ]
      },
      "id": "node/5133721222"
    },
    {
      "type": "Feature",
      "properties": {
        "@id": "node/5138502332",
        "amenity": "bicycle_parking",
        "bicycle_parking": "rack"
      },
      "geometry": {
        "type": "Point",
        "coordinates": [
          30.2277432,
          59.9529871
        ]
      },
      "id": "node/5138502332"
    },
    {
      "type": "Feature",
      "properties": {
        "@id": "node/5143874833",
        "amenity": "bicycle_parking"
      },
      "geometry": {
        "type": "Point",
        "coordinates": [
          30.2173725,
          59.9455315
        ]
      },
      "id": "node/5143874833"
    },
    {
      "type": "Feature",
      "properties": {
        "@id": "node/5147730021",
        "amenity": "bicycle_parking",
        "bicycle_parking": "rack",
        "covered": "no",
        "fee": "no",
        "opening_hours": "24/7",
        "supervised": "no"
      },
      "geometry": {
        "type": "Point",
        "coordinates": [
          30.2292697,
          59.9528214
        ]
      },
      "id": "node/5147730021"
    },
    {
      "type": "Feature",
      "properties": {
        "@id": "node/5154076251",
        "amenity": "bicycle_parking",
        "bicycle_parking": "rack",
        "covered": "no",
        "fee": "no",
        "opening_hours": "24/7",
        "supervised": "no"
      },
      "geometry": {
        "type": "Point",
        "coordinates": [
          30.2281496,
          59.9588924
        ]
      },
      "id": "node/5154076251"
    },
    {
      "type": "Feature",
      "properties": {
        "@id": "node/5194645421",
        "amenity": "bicycle_parking"
      },
      "geometry": {
        "type": "Point",
        "coordinates": [
          30.3187847,
          59.9616344
        ]
      },
      "id": "node/5194645421"
    },
    {
      "type": "Feature",
      "properties": {
        "@id": "node/5204480825",
        "access": "private",
        "amenity": "bicycle_parking",
        "bicycle_parking": "wall_loops",
        "covered": "yes"
      },
      "geometry": {
        "type": "Point",
        "coordinates": [
          30.3677993,
          59.9629906
        ]
      },
      "id": "node/5204480825"
    },
    {
      "type": "Feature",
      "properties": {
        "@id": "node/5205145481",
        "amenity": "bicycle_parking",
        "bicycle_parking": "wall_loops",
        "capacity": "5",
        "covered": "no"
      },
      "geometry": {
        "type": "Point",
        "coordinates": [
          30.324573,
          59.9545512
        ]
      },
      "id": "node/5205145481"
    },
    {
      "type": "Feature",
      "properties": {
        "@id": "node/5241978770",
        "amenity": "bicycle_parking",
        "bicycle_parking": "rack",
        "capacity": "10",
        "covered": "no"
      },
      "geometry": {
        "type": "Point",
        "coordinates": [
          30.318036,
          59.8654917
        ]
      },
      "id": "node/5241978770"
    },
    {
      "type": "Feature",
      "properties": {
        "@id": "node/5255589113",
        "access": "private",
        "amenity": "bicycle_parking",
        "bicycle_parking": "rack"
      },
      "geometry": {
        "type": "Point",
        "coordinates": [
          30.2732784,
          59.9142841
        ]
      },
      "id": "node/5255589113"
    },
    {
      "type": "Feature",
      "properties": {
        "@id": "node/5261120825",
        "amenity": "bicycle_parking",
        "bicycle_parking": "wall_loops",
        "capacity": "3",
        "covered": "no"
      },
      "geometry": {
        "type": "Point",
        "coordinates": [
          30.3542958,
          59.9389672
        ]
      },
      "id": "node/5261120825"
    },
    {
      "type": "Feature",
      "properties": {
        "@id": "node/5475021337",
        "access": "yes",
        "amenity": "bicycle_parking",
        "capacity": "20",
        "covered": "no"
      },
      "geometry": {
        "type": "Point",
        "coordinates": [
          30.2173524,
          60.000521
        ]
      },
      "id": "node/5475021337"
    },
    {
      "type": "Feature",
      "properties": {
        "@id": "node/5499264966",
        "amenity": "bicycle_parking",
        "bicycle_parking": "stands",
        "capacity": "6",
        "covered": "yes",
        "operator": "Мир шитья"
      },
      "geometry": {
        "type": "Point",
        "coordinates": [
          30.3206326,
          59.8547751
        ]
      },
      "id": "node/5499264966"
    },
    {
      "type": "Feature",
      "properties": {
        "@id": "node/5528411843",
        "access": "yes",
        "amenity": "bicycle_parking",
        "bicycle_parking": "rack",
        "capacity": "12",
        "covered": "yes"
      },
      "geometry": {
        "type": "Point",
        "coordinates": [
          30.335787,
          59.9319286
        ]
      },
      "id": "node/5528411843"
    },
    {
      "type": "Feature",
      "properties": {
        "@id": "node/5584176341",
        "access": "yes",
        "amenity": "bicycle_parking",
        "bicycle_parking": "stands",
        "capacity": "5",
        "covered": "no"
      },
      "geometry": {
        "type": "Point",
        "coordinates": [
          30.2418585,
          59.9639476
        ]
      },
      "id": "node/5584176341"
    },
    {
      "type": "Feature",
      "properties": {
        "@id": "node/5609747890",
        "amenity": "bicycle_parking",
        "bicycle_parking": "wall_loops",
        "covered": "no"
      },
      "geometry": {
        "type": "Point",
        "coordinates": [
          30.3180553,
          59.8793595
        ]
      },
      "id": "node/5609747890"
    },
    {
      "type": "Feature",
      "properties": {
        "@id": "node/5609747891",
        "amenity": "bicycle_parking",
        "bicycle_parking": "wall_loops",
        "covered": "no"
      },
      "geometry": {
        "type": "Point",
        "coordinates": [
          30.3179013,
          59.8793624
        ]
      },
      "id": "node/5609747891"
    },
    {
      "type": "Feature",
      "properties": {
        "@id": "node/5609749841",
        "amenity": "bicycle_parking"
      },
      "geometry": {
        "type": "Point",
        "coordinates": [
          30.3178602,
          59.8787095
        ]
      },
      "id": "node/5609749841"
    },
    {
      "type": "Feature",
      "properties": {
        "@id": "node/5610844585",
        "amenity": "bicycle_parking"
      },
      "geometry": {
        "type": "Point",
        "coordinates": [
          30.337279,
          59.9163611
        ]
      },
      "id": "node/5610844585"
    },
    {
      "type": "Feature",
      "properties": {
        "@id": "node/5610967850",
        "amenity": "bicycle_parking",
        "bicycle_parking": "wall_loops",
        "capacity": "5",
        "covered": "no"
      },
      "geometry": {
        "type": "Point",
        "coordinates": [
          30.340197,
          59.911454
        ]
      },
      "id": "node/5610967850"
    },
    {
      "type": "Feature",
      "properties": {
        "@id": "node/5621569264",
        "amenity": "bicycle_parking"
      },
      "geometry": {
        "type": "Point",
        "coordinates": [
          30.3148274,
          59.8558162
        ]
      },
      "id": "node/5621569264"
    },
    {
      "type": "Feature",
      "properties": {
        "@id": "node/5624158477",
        "amenity": "bicycle_parking",
        "bicycle_parking": "wall_loops",
        "capacity": "8",
        "covered": "yes"
      },
      "geometry": {
        "type": "Point",
        "coordinates": [
          30.3496832,
          59.8530911
        ]
      },
      "id": "node/5624158477"
    },
    {
      "type": "Feature",
      "properties": {
        "@id": "node/5626780073",
        "amenity": "bicycle_parking",
        "bicycle_parking": "wall_loops",
        "capacity": "13",
        "covered": "no"
      },
      "geometry": {
        "type": "Point",
        "coordinates": [
          30.4374609,
          60.0511635
        ]
      },
      "id": "node/5626780073"
    },
    {
      "type": "Feature",
      "properties": {
        "@id": "node/5632390610",
        "amenity": "bicycle_parking"
      },
      "geometry": {
        "type": "Point",
        "coordinates": [
          30.3242687,
          59.9616105
        ]
      },
      "id": "node/5632390610"
    },
    {
      "type": "Feature",
      "properties": {
        "@id": "node/5636862236",
        "amenity": "bicycle_parking"
      },
      "geometry": {
        "type": "Point",
        "coordinates": [
          30.3205084,
          59.9545784
        ]
      },
      "id": "node/5636862236"
    },
    {
      "type": "Feature",
      "properties": {
        "@id": "node/5640367794",
        "amenity": "bicycle_parking",
        "bicycle_parking": "wall_loops",
        "capacity": "12",
        "covered": "no"
      },
      "geometry": {
        "type": "Point",
        "coordinates": [
          30.3081889,
          59.9229324
        ]
      },
      "id": "node/5640367794"
    },
    {
      "type": "Feature",
      "properties": {
        "@id": "node/5642302601",
        "amenity": "bicycle_parking",
        "bicycle_parking": "rack",
        "capacity": "13",
        "covered": "no"
      },
      "geometry": {
        "type": "Point",
        "coordinates": [
          30.312057,
          59.9282309
        ]
      },
      "id": "node/5642302601"
    },
    {
      "type": "Feature",
      "properties": {
        "@id": "node/5642445887",
        "amenity": "bicycle_parking",
        "bicycle_parking": "wall_loops",
        "capacity": "10",
        "covered": "no"
      },
      "geometry": {
        "type": "Point",
        "coordinates": [
          30.3120337,
          59.9210241
        ]
      },
      "id": "node/5642445887"
    },
    {
      "type": "Feature",
      "properties": {
        "@id": "node/5642741223",
        "amenity": "bicycle_parking",
        "bicycle_parking": "stands",
        "covered": "no",
        "note": "нужно подняться по ступенькам"
      },
      "geometry": {
        "type": "Point",
        "coordinates": [
          30.3212162,
          59.9261207
        ]
      },
      "id": "node/5642741223"
    },
    {
      "type": "Feature",
      "properties": {
        "@id": "node/5645898455",
        "amenity": "bicycle_parking",
        "bicycle_parking": "wall_loops"
      },
      "geometry": {
        "type": "Point",
        "coordinates": [
          30.3376798,
          59.9400674
        ]
      },
      "id": "node/5645898455"
    },
    {
      "type": "Feature",
      "properties": {
        "@id": "node/5670593341",
        "amenity": "bicycle_parking",
        "bicycle_parking": "stands",
        "capacity": "6",
        "covered": "no"
      },
      "geometry": {
        "type": "Point",
        "coordinates": [
          30.3475943,
          59.9273322
        ]
      },
      "id": "node/5670593341"
    },
    {
      "type": "Feature",
      "properties": {
        "@id": "node/5672046824",
        "amenity": "bicycle_parking",
        "bicycle_parking": "wall_loops",
        "capacity": "6",
        "covered": "no"
      },
      "geometry": {
        "type": "Point",
        "coordinates": [
          30.3147048,
          59.8662546
        ]
      },
      "id": "node/5672046824"
    },
    {
      "type": "Feature",
      "properties": {
        "@id": "node/5672091921",
        "amenity": "bicycle_parking",
        "bicycle_parking": "wall_loops",
        "capacity": "6",
        "covered": "no"
      },
      "geometry": {
        "type": "Point",
        "coordinates": [
          30.3142295,
          59.8691852
        ]
      },
      "id": "node/5672091921"
    },
    {
      "type": "Feature",
      "properties": {
        "@id": "node/5672104722",
        "amenity": "bicycle_parking",
        "bicycle_parking": "wall_loops",
        "capacity": "3",
        "covered": "no"
      },
      "geometry": {
        "type": "Point",
        "coordinates": [
          30.3139484,
          59.87142
        ]
      },
      "id": "node/5672104722"
    },
    {
      "type": "Feature",
      "properties": {
        "@id": "node/5673258002",
        "amenity": "bicycle_parking"
      },
      "geometry": {
        "type": "Point",
        "coordinates": [
          30.3183265,
          59.880959
        ]
      },
      "id": "node/5673258002"
    },
    {
      "type": "Feature",
      "properties": {
        "@id": "node/5673381690",
        "amenity": "bicycle_parking"
      },
      "geometry": {
        "type": "Point",
        "coordinates": [
          30.3160642,
          59.8819982
        ]
      },
      "id": "node/5673381690"
    },
    {
      "type": "Feature",
      "properties": {
        "@id": "node/5677342934",
        "amenity": "bicycle_parking",
        "bicycle_parking": "wall_loops",
        "capacity": "11",
        "covered": "no"
      },
      "geometry": {
        "type": "Point",
        "coordinates": [
          30.3415803,
          59.9430195
        ]
      },
      "id": "node/5677342934"
    },
    {
      "type": "Feature",
      "properties": {
        "@id": "node/5682734721",
        "amenity": "bicycle_parking",
        "bicycle_parking": "wall_loops",
        "covered": "no"
      },
      "geometry": {
        "type": "Point",
        "coordinates": [
          30.2636538,
          59.980817
        ]
      },
      "id": "node/5682734721"
    },
    {
      "type": "Feature",
      "properties": {
        "@id": "node/5688581021",
        "amenity": "bicycle_parking",
        "covered": "no"
      },
      "geometry": {
        "type": "Point",
        "coordinates": [
          30.313418,
          59.9112135
        ]
      },
      "id": "node/5688581021"
    },
    {
      "type": "Feature",
      "properties": {
        "@id": "node/5708546881",
        "amenity": "bicycle_parking",
        "bicycle_parking": "wall_loops",
        "capacity": "5",
        "covered": "no"
      },
      "geometry": {
        "type": "Point",
        "coordinates": [
          30.3416568,
          59.9422924
        ]
      },
      "id": "node/5708546881"
    },
    {
      "type": "Feature",
      "properties": {
        "@id": "node/5718671445",
        "amenity": "bicycle_parking",
        "bicycle_parking": "rack",
        "capacity": "6",
        "covered": "no"
      },
      "geometry": {
        "type": "Point",
        "coordinates": [
          30.3490817,
          59.8684579
        ]
      },
      "id": "node/5718671445"
    },
    {
      "type": "Feature",
      "properties": {
        "@id": "node/5718671446",
        "amenity": "bicycle_parking",
        "bicycle_parking": "rack",
        "capacity": "6",
        "covered": "no"
      },
      "geometry": {
        "type": "Point",
        "coordinates": [
          30.3487793,
          59.8688965
        ]
      },
      "id": "node/5718671446"
    },
    {
      "type": "Feature",
      "properties": {
        "@id": "node/5718671447",
        "amenity": "bicycle_parking",
        "bicycle_parking": "rack",
        "capacity": "6",
        "covered": "no"
      },
      "geometry": {
        "type": "Point",
        "coordinates": [
          30.3487806,
          59.8703449
        ]
      },
      "id": "node/5718671447"
    },
    {
      "type": "Feature",
      "properties": {
        "@id": "node/5726352490",
        "amenity": "bicycle_parking"
      },
      "geometry": {
        "type": "Point",
        "coordinates": [
          30.3231765,
          59.9656905
        ]
      },
      "id": "node/5726352490"
    },
    {
      "type": "Feature",
      "properties": {
        "@id": "node/5736924927",
        "amenity": "bicycle_parking"
      },
      "geometry": {
        "type": "Point",
        "coordinates": [
          30.3524161,
          59.9358811
        ]
      },
      "id": "node/5736924927"
    },
    {
      "type": "Feature",
      "properties": {
        "@id": "node/5752248862",
        "amenity": "bicycle_parking",
        "bicycle_parking": "wall_loops",
        "capacity": "5",
        "covered": "no"
      },
      "geometry": {
        "type": "Point",
        "coordinates": [
          30.3421676,
          59.9447795
        ]
      },
      "id": "node/5752248862"
    },
    {
      "type": "Feature",
      "properties": {
        "@id": "node/5799663051",
        "amenity": "bicycle_parking"
      },
      "geometry": {
        "type": "Point",
        "coordinates": [
          30.2130717,
          59.9379558
        ]
      },
      "id": "node/5799663051"
    },
    {
      "type": "Feature",
      "properties": {
        "@id": "node/5810959444",
        "amenity": "bicycle_parking",
        "bicycle_parking": "rack",
        "capacity": "10",
        "covered": "yes",
        "fee": "no",
        "opening_hours": "24/7"
      },
      "geometry": {
        "type": "Point",
        "coordinates": [
          30.2925093,
          59.9608107
        ]
      },
      "id": "node/5810959444"
    },
    {
      "type": "Feature",
      "properties": {
        "@id": "node/5822395367",
        "amenity": "bicycle_parking",
        "bicycle_parking": "stands",
        "capacity": "6",
        "covered": "no",
        "note": "7 мест"
      },
      "geometry": {
        "type": "Point",
        "coordinates": [
          30.3997974,
          60.0163173
        ]
      },
      "id": "node/5822395367"
    },
    {
      "type": "Feature",
      "properties": {
        "@id": "node/5825908284",
        "access": "yes",
        "amenity": "bicycle_parking",
        "bicycle_parking": "stands",
        "capacity": "5",
        "covered": "no"
      },
      "geometry": {
        "type": "Point",
        "coordinates": [
          30.2483297,
          59.8582436
        ]
      },
      "id": "node/5825908284"
    },
    {
      "type": "Feature",
      "properties": {
        "@id": "node/5825908285",
        "access": "yes",
        "amenity": "bicycle_parking",
        "bicycle_parking": "stands",
        "capacity": "5",
        "check_date:capacity": "2022-04-13",
        "covered": "no"
      },
      "geometry": {
        "type": "Point",
        "coordinates": [
          30.2491648,
          59.8585972
        ]
      },
      "id": "node/5825908285"
    },
    {
      "type": "Feature",
      "properties": {
        "@id": "node/5825908286",
        "access": "yes",
        "amenity": "bicycle_parking",
        "bicycle_parking": "stands",
        "capacity": "5",
        "check_date:capacity": "2022-04-13",
        "covered": "no"
      },
      "geometry": {
        "type": "Point",
        "coordinates": [
          30.2504572,
          59.8591739
        ]
      },
      "id": "node/5825908286"
    },
    {
      "type": "Feature",
      "properties": {
        "@id": "node/5825908287",
        "access": "yes",
        "amenity": "bicycle_parking",
        "bicycle_parking": "stands",
        "capacity": "5",
        "check_date:capacity": "2022-04-13",
        "covered": "yes"
      },
      "geometry": {
        "type": "Point",
        "coordinates": [
          30.2474372,
          59.8590699
        ]
      },
      "id": "node/5825908287"
    },
    {
      "type": "Feature",
      "properties": {
        "@id": "node/5825912143",
        "access": "yes",
        "amenity": "bicycle_parking",
        "bicycle_parking": "stands",
        "capacity": "7",
        "covered": "no"
      },
      "geometry": {
        "type": "Point",
        "coordinates": [
          30.2622818,
          59.8800033
        ]
      },
      "id": "node/5825912143"
    },
    {
      "type": "Feature",
      "properties": {
        "@id": "node/5825920712",
        "access": "permissive",
        "amenity": "bicycle_parking",
        "bicycle_parking": "stands",
        "covered": "yes"
      },
      "geometry": {
        "type": "Point",
        "coordinates": [
          30.2477043,
          59.858016
        ]
      },
      "id": "node/5825920712"
    },
    {
      "type": "Feature",
      "properties": {
        "@id": "node/5832004812",
        "amenity": "bicycle_parking",
        "bicycle_parking": "wall_loops",
        "capacity": "5"
      },
      "geometry": {
        "type": "Point",
        "coordinates": [
          30.425105,
          60.0497977
        ]
      },
      "id": "node/5832004812"
    },
    {
      "type": "Feature",
      "properties": {
        "@id": "node/5853235824",
        "amenity": "bicycle_parking",
        "bicycle_parking": "wall_loops",
        "capacity": "12",
        "covered": "no"
      },
      "geometry": {
        "type": "Point",
        "coordinates": [
          30.3419273,
          59.969378
        ]
      },
      "id": "node/5853235824"
    },
    {
      "type": "Feature",
      "properties": {
        "@id": "node/5860483617",
        "amenity": "bicycle_parking"
      },
      "geometry": {
        "type": "Point",
        "coordinates": [
          30.2680743,
          59.9474863
        ]
      },
      "id": "node/5860483617"
    },
    {
      "type": "Feature",
      "properties": {
        "@id": "node/5869030011",
        "amenity": "bicycle_parking",
        "bicycle_parking": "wall_loops",
        "capacity": "9",
        "covered": "no"
      },
      "geometry": {
        "type": "Point",
        "coordinates": [
          30.2204501,
          59.8310997
        ]
      },
      "id": "node/5869030011"
    },
    {
      "type": "Feature",
      "properties": {
        "@id": "node/5884634497",
        "amenity": "bicycle_parking",
        "bicycle_parking": "wall_loops",
        "capacity": "9",
        "covered": "no"
      },
      "geometry": {
        "type": "Point",
        "coordinates": [
          30.2205465,
          59.8309795
        ]
      },
      "id": "node/5884634497"
    },
    {
      "type": "Feature",
      "properties": {
        "@id": "node/5890829295",
        "amenity": "bicycle_parking",
        "bicycle_parking": "stands",
        "capacity": "14",
        "covered": "no"
      },
      "geometry": {
        "type": "Point",
        "coordinates": [
          30.2370644,
          60.0380394
        ]
      },
      "id": "node/5890829295"
    },
    {
      "type": "Feature",
      "properties": {
        "@id": "node/5890829297",
        "amenity": "bicycle_parking",
        "bicycle_parking": "stands",
        "capacity": "24",
        "covered": "no"
      },
      "geometry": {
        "type": "Point",
        "coordinates": [
          30.2736678,
          60.0023828
        ]
      },
      "id": "node/5890829297"
    },
    {
      "type": "Feature",
      "properties": {
        "@id": "node/5890829300",
        "amenity": "bicycle_parking",
        "bicycle_parking": "wall_loops",
        "capacity": "5",
        "covered": "no"
      },
      "geometry": {
        "type": "Point",
        "coordinates": [
          30.2536496,
          60.036497
        ]
      },
      "id": "node/5890829300"
    },
    {
      "type": "Feature",
      "properties": {
        "@id": "node/5905815285",
        "amenity": "bicycle_parking",
        "covered": "no"
      },
      "geometry": {
        "type": "Point",
        "coordinates": [
          30.354143,
          59.9305075
        ]
      },
      "id": "node/5905815285"
    },
    {
      "type": "Feature",
      "properties": {
        "@id": "node/5906071059",
        "amenity": "bicycle_parking",
        "covered": "no"
      },
      "geometry": {
        "type": "Point",
        "coordinates": [
          30.3388536,
          59.9703872
        ]
      },
      "id": "node/5906071059"
    },
    {
      "type": "Feature",
      "properties": {
        "@id": "node/5909505221",
        "amenity": "bicycle_parking"
      },
      "geometry": {
        "type": "Point",
        "coordinates": [
          30.3927116,
          60.0609269
        ]
      },
      "id": "node/5909505221"
    },
    {
      "type": "Feature",
      "properties": {
        "@id": "node/5939358776",
        "amenity": "bicycle_parking",
        "bicycle_parking": "wall_loops",
        "capacity": "17",
        "covered": "yes"
      },
      "geometry": {
        "type": "Point",
        "coordinates": [
          30.3516103,
          59.9444723
        ]
      },
      "id": "node/5939358776"
    },
    {
      "type": "Feature",
      "properties": {
        "@id": "node/5979531765",
        "amenity": "bicycle_parking",
        "covered": "no"
      },
      "geometry": {
        "type": "Point",
        "coordinates": [
          30.298637,
          59.9718841
        ]
      },
      "id": "node/5979531765"
    },
    {
      "type": "Feature",
      "properties": {
        "@id": "node/5979535901",
        "amenity": "bicycle_parking",
        "bicycle_parking": "stands",
        "capacity": "10",
        "covered": "no"
      },
      "geometry": {
        "type": "Point",
        "coordinates": [
          30.3167355,
          59.969015
        ]
      },
      "id": "node/5979535901"
    },
    {
      "type": "Feature",
      "properties": {
        "@id": "node/5979537534",
        "access": "yes",
        "amenity": "bicycle_parking",
        "bicycle_parking": "wall_loops",
        "capacity": "11",
        "covered": "yes",
        "fee": "no",
        "lit": "yes",
        "source": "survey"
      },
      "geometry": {
        "type": "Point",
        "coordinates": [
          30.3151685,
          59.9689784
        ]
      },
      "id": "node/5979537534"
    },
    {
      "type": "Feature",
      "properties": {
        "@id": "node/5979537536",
        "amenity": "bicycle_parking",
        "covered": "no"
      },
      "geometry": {
        "type": "Point",
        "coordinates": [
          30.3151387,
          59.9691572
        ]
      },
      "id": "node/5979537536"
    },
    {
      "type": "Feature",
      "properties": {
        "@id": "node/5985476728",
        "amenity": "bicycle_parking",
        "bicycle_parking": "wall_loops",
        "capacity": "1",
        "covered": "no"
      },
      "geometry": {
        "type": "Point",
        "coordinates": [
          30.420102,
          60.03407
        ]
      },
      "id": "node/5985476728"
    },
    {
      "type": "Feature",
      "properties": {
        "@id": "node/5986738517",
        "access": "yes",
        "amenity": "bicycle_parking",
        "bicycle_parking": "rack",
        "capacity": "5",
        "covered": "no",
        "fee": "no",
        "opening_hours": "24/7",
        "supervised": "no"
      },
      "geometry": {
        "type": "Point",
        "coordinates": [
          30.2118679,
          59.981709
        ]
      },
      "id": "node/5986738517"
    },
    {
      "type": "Feature",
      "properties": {
        "@id": "node/5993579776",
        "amenity": "bicycle_parking",
        "bicycle_parking": "stands",
        "capacity": "12",
        "covered": "no"
      },
      "geometry": {
        "type": "Point",
        "coordinates": [
          30.3214476,
          59.942477
        ]
      },
      "id": "node/5993579776"
    },
    {
      "type": "Feature",
      "properties": {
        "@id": "node/5993580020",
        "amenity": "bicycle_parking",
        "covered": "yes"
      },
      "geometry": {
        "type": "Point",
        "coordinates": [
          30.346508,
          59.9176566
        ]
      },
      "id": "node/5993580020"
    },
    {
      "type": "Feature",
      "properties": {
        "@id": "node/5993580119",
        "amenity": "bicycle_parking",
        "bicycle_parking": "wall_loops",
        "capacity": "17",
        "covered": "yes"
      },
      "geometry": {
        "type": "Point",
        "coordinates": [
          30.3525319,
          59.9445834
        ]
      },
      "id": "node/5993580119"
    },
    {
      "type": "Feature",
      "properties": {
        "@id": "node/6007066306",
        "amenity": "bicycle_parking",
        "bicycle_parking": "wall_loops",
        "capacity": "8",
        "covered": "no"
      },
      "geometry": {
        "type": "Point",
        "coordinates": [
          30.3007157,
          59.9714958
        ]
      },
      "id": "node/6007066306"
    },
    {
      "type": "Feature",
      "properties": {
        "@id": "node/6021620155",
        "access": "yes",
        "amenity": "bicycle_parking",
        "covered": "yes",
        "fee": "no",
        "operator": "ОКТОБЛУ"
      },
      "geometry": {
        "type": "Point",
        "coordinates": [
          30.3846549,
          60.0969902
        ]
      },
      "id": "node/6021620155"
    },
    {
      "type": "Feature",
      "properties": {
        "@id": "node/6025145533",
        "amenity": "bicycle_parking",
        "bicycle_parking": "wall_loops",
        "covered": "no"
      },
      "geometry": {
        "type": "Point",
        "coordinates": [
          30.328989,
          59.9202756
        ]
      },
      "id": "node/6025145533"
    },
    {
      "type": "Feature",
      "properties": {
        "@id": "node/6037246063",
        "amenity": "bicycle_parking",
        "covered": "yes"
      },
      "geometry": {
        "type": "Point",
        "coordinates": [
          30.4507911,
          60.0532358
        ]
      },
      "id": "node/6037246063"
    },
    {
      "type": "Feature",
      "properties": {
        "@id": "node/6037422097",
        "access": "private",
        "amenity": "bicycle_parking",
        "covered": "yes"
      },
      "geometry": {
        "type": "Point",
        "coordinates": [
          30.4481792,
          60.0530106
        ]
      },
      "id": "node/6037422097"
    },
    {
      "type": "Feature",
      "properties": {
        "@id": "node/6037422099",
        "access": "private",
        "amenity": "bicycle_parking",
        "covered": "yes"
      },
      "geometry": {
        "type": "Point",
        "coordinates": [
          30.446813,
          60.0526347
        ]
      },
      "id": "node/6037422099"
    },
    {
      "type": "Feature",
      "properties": {
        "@id": "node/6037422201",
        "access": "private",
        "amenity": "bicycle_parking",
        "covered": "yes"
      },
      "geometry": {
        "type": "Point",
        "coordinates": [
          30.4472829,
          60.0530469
        ]
      },
      "id": "node/6037422201"
    },
    {
      "type": "Feature",
      "properties": {
        "@id": "node/6044059672",
        "amenity": "bicycle_parking"
      },
      "geometry": {
        "type": "Point",
        "coordinates": [
          30.3253396,
          59.9645494
        ]
      },
      "id": "node/6044059672"
    },
    {
      "type": "Feature",
      "properties": {
        "@id": "node/6102478002",
        "amenity": "bicycle_parking"
      },
      "geometry": {
        "type": "Point",
        "coordinates": [
          30.4223815,
          59.9392589
        ]
      },
      "id": "node/6102478002"
    },
    {
      "type": "Feature",
      "properties": {
        "@id": "node/6186823139",
        "amenity": "bicycle_parking",
        "bicycle_parking": "stands"
      },
      "geometry": {
        "type": "Point",
        "coordinates": [
          30.3390028,
          60.0665284
        ]
      },
      "id": "node/6186823139"
    },
    {
      "type": "Feature",
      "properties": {
        "@id": "node/6253572904",
        "amenity": "bicycle_parking",
        "bicycle_parking": "wall_loops",
        "capacity": "4",
        "covered": "no"
      },
      "geometry": {
        "type": "Point",
        "coordinates": [
          30.2687867,
          59.8512076
        ]
      },
      "id": "node/6253572904"
    },
    {
      "type": "Feature",
      "properties": {
        "@id": "node/6311037397",
        "access": "yes",
        "amenity": "bicycle_parking",
        "bicycle_parking": "stands",
        "capacity": "10",
        "covered": "no",
        "fee": "no",
        "operator": "Alienbike"
      },
      "geometry": {
        "type": "Point",
        "coordinates": [
          30.2578623,
          59.9904847
        ]
      },
      "id": "node/6311037397"
    },
    {
      "type": "Feature",
      "properties": {
        "@id": "node/6311090550",
        "access": "yes",
        "amenity": "bicycle_parking",
        "bicycle_parking": "stands",
        "capacity": "20",
        "covered": "no",
        "operator": "Alienbike"
      },
      "geometry": {
        "type": "Point",
        "coordinates": [
          30.2599677,
          59.9904027
        ]
      },
      "id": "node/6311090550"
    },
    {
      "type": "Feature",
      "properties": {
        "@id": "node/6330437476",
        "access": "yes",
        "amenity": "bicycle_parking",
        "bicycle_parking": "stands",
        "capacity": "10",
        "covered": "yes",
        "fee": "no",
        "operator": "Alienbike"
      },
      "geometry": {
        "type": "Point",
        "coordinates": [
          30.2575393,
          59.9896802
        ]
      },
      "id": "node/6330437476"
    },
    {
      "type": "Feature",
      "properties": {
        "@id": "node/6367683102",
        "amenity": "bicycle_parking",
        "bicycle_parking": "stands",
        "capacity": "9",
        "covered": "no"
      },
      "geometry": {
        "type": "Point",
        "coordinates": [
          30.241516,
          59.9246696
        ]
      },
      "id": "node/6367683102"
    },
    {
      "type": "Feature",
      "properties": {
        "@id": "node/6367683514",
        "amenity": "bicycle_parking",
        "bicycle_parking": "stands",
        "capacity": "8",
        "covered": "no"
      },
      "geometry": {
        "type": "Point",
        "coordinates": [
          30.2413805,
          59.924878
        ]
      },
      "id": "node/6367683514"
    },
    {
      "type": "Feature",
      "properties": {
        "@id": "node/6376272479",
        "amenity": "bicycle_parking",
        "bicycle_parking": "stands",
        "capacity": "8",
        "covered": "no",
        "fee": "no"
      },
      "geometry": {
        "type": "Point",
        "coordinates": [
          30.3016443,
          59.9335765
        ]
      },
      "id": "node/6376272479"
    },
    {
      "type": "Feature",
      "properties": {
        "@id": "node/6376272480",
        "amenity": "bicycle_parking",
        "bicycle_parking": "stands",
        "capacity": "6",
        "covered": "no",
        "fee": "no"
      },
      "geometry": {
        "type": "Point",
        "coordinates": [
          30.3033454,
          59.9340695
        ]
      },
      "id": "node/6376272480"
    },
    {
      "type": "Feature",
      "properties": {
        "@id": "node/6380494367",
        "amenity": "bicycle_parking",
        "capacity": "10"
      },
      "geometry": {
        "type": "Point",
        "coordinates": [
          30.2543935,
          59.9838199
        ]
      },
      "id": "node/6380494367"
    },
    {
      "type": "Feature",
      "properties": {
        "@id": "node/6389149283",
        "amenity": "bicycle_parking",
        "bicycle_parking": "wall_loops",
        "capacity": "9",
        "covered": "no"
      },
      "geometry": {
        "type": "Point",
        "coordinates": [
          30.3497379,
          59.9393772
        ]
      },
      "id": "node/6389149283"
    },
    {
      "type": "Feature",
      "properties": {
        "@id": "node/6410230485",
        "amenity": "bicycle_parking"
      },
      "geometry": {
        "type": "Point",
        "coordinates": [
          30.3281916,
          59.8881892
        ]
      },
      "id": "node/6410230485"
    },
    {
      "type": "Feature",
      "properties": {
        "@id": "node/6413851454",
        "amenity": "bicycle_parking"
      },
      "geometry": {
        "type": "Point",
        "coordinates": [
          30.2574809,
          59.9846585
        ]
      },
      "id": "node/6413851454"
    },
    {
      "type": "Feature",
      "properties": {
        "@id": "node/6452142084",
        "amenity": "bicycle_parking",
        "bicycle_parking": "wall_loops",
        "capacity": "7",
        "covered": "no",
        "fee": "no"
      },
      "geometry": {
        "type": "Point",
        "coordinates": [
          30.3097792,
          59.9361456
        ]
      },
      "id": "node/6452142084"
    },
    {
      "type": "Feature",
      "properties": {
        "@id": "node/6464374613",
        "amenity": "bicycle_parking",
        "bicycle_parking": "wall_loops",
        "capacity": "5",
        "covered": "no"
      },
      "geometry": {
        "type": "Point",
        "coordinates": [
          30.2927704,
          59.9190986
        ]
      },
      "id": "node/6464374613"
    },
    {
      "type": "Feature",
      "properties": {
        "@id": "node/6467206869",
        "amenity": "bicycle_parking",
        "bicycle_parking": "stands",
        "capacity": "8",
        "covered": "no"
      },
      "geometry": {
        "type": "Point",
        "coordinates": [
          30.298009,
          59.9165279
        ]
      },
      "id": "node/6467206869"
    },
    {
      "type": "Feature",
      "properties": {
        "@id": "node/6467218538",
        "amenity": "bicycle_parking",
        "bicycle_parking": "rack",
        "covered": "no"
      },
      "geometry": {
        "type": "Point",
        "coordinates": [
          30.3223367,
          59.9533619
        ]
      },
      "id": "node/6467218538"
    },
    {
      "type": "Feature",
      "properties": {
        "@id": "node/6477993182",
        "amenity": "bicycle_parking",
        "bicycle_parking": "stands",
        "capacity": "6",
        "check_date:capacity": "2024-08-26",
        "covered": "no"
      },
      "geometry": {
        "type": "Point",
        "coordinates": [
          30.2976236,
          59.9205226
        ]
      },
      "id": "node/6477993182"
    },
    {
      "type": "Feature",
      "properties": {
        "@id": "node/6478287014",
        "amenity": "bicycle_parking",
        "bicycle_parking": "stands",
        "covered": "no"
      },
      "geometry": {
        "type": "Point",
        "coordinates": [
          30.3532194,
          59.9318324
        ]
      },
      "id": "node/6478287014"
    },
    {
      "type": "Feature",
      "properties": {
        "@id": "node/6478603450",
        "amenity": "bicycle_parking",
        "bicycle_parking": "wall_loops",
        "capacity": "3",
        "covered": "no"
      },
      "geometry": {
        "type": "Point",
        "coordinates": [
          30.4073982,
          59.9311545
        ]
      },
      "id": "node/6478603450"
    },
    {
      "type": "Feature",
      "properties": {
        "@id": "node/6479090227",
        "amenity": "bicycle_parking"
      },
      "geometry": {
        "type": "Point",
        "coordinates": [
          30.3922405,
          60.0431447
        ]
      },
      "id": "node/6479090227"
    },
    {
      "type": "Feature",
      "properties": {
        "@id": "node/6481585770",
        "access": "private",
        "amenity": "bicycle_parking"
      },
      "geometry": {
        "type": "Point",
        "coordinates": [
          30.3910947,
          60.0361118
        ]
      },
      "id": "node/6481585770"
    },
    {
      "type": "Feature",
      "properties": {
        "@id": "node/6482469645",
        "amenity": "bicycle_parking",
        "bicycle_parking": "wall_loops",
        "capacity": "10",
        "covered": "no"
      },
      "geometry": {
        "type": "Point",
        "coordinates": [
          30.2845358,
          59.923336
        ]
      },
      "id": "node/6482469645"
    },
    {
      "type": "Feature",
      "properties": {
        "@id": "node/6483937010",
        "amenity": "bicycle_parking",
        "capacity": "6",
        "covered": "no",
        "fee": "no"
      },
      "geometry": {
        "type": "Point",
        "coordinates": [
          30.3958064,
          60.0465878
        ]
      },
      "id": "node/6483937010"
    },
    {
      "type": "Feature",
      "properties": {
        "@id": "node/6484444829",
        "amenity": "bicycle_parking",
        "bicycle_parking": "stands",
        "capacity": "6",
        "covered": "no",
        "fee": "no"
      },
      "geometry": {
        "type": "Point",
        "coordinates": [
          30.3335322,
          59.9365459
        ]
      },
      "id": "node/6484444829"
    },
    {
      "type": "Feature",
      "properties": {
        "@id": "node/6485259648",
        "amenity": "bicycle_parking"
      },
      "geometry": {
        "type": "Point",
        "coordinates": [
          30.2896491,
          59.9637935
        ]
      },
      "id": "node/6485259648"
    },
    {
      "type": "Feature",
      "properties": {
        "@id": "node/6485896321",
        "amenity": "bicycle_parking",
        "bicycle_parking": "wall_loops"
      },
      "geometry": {
        "type": "Point",
        "coordinates": [
          30.285063,
          60.0321066
        ]
      },
      "id": "node/6485896321"
    },
    {
      "type": "Feature",
      "properties": {
        "@id": "node/6493115940",
        "access": "yes",
        "amenity": "bicycle_parking",
        "bicycle_parking": "wall_loops",
        "capacity": "10",
        "covered": "no",
        "fee": "no"
      },
      "geometry": {
        "type": "Point",
        "coordinates": [
          30.2731732,
          60.0003565
        ]
      },
      "id": "node/6493115940"
    },
    {
      "type": "Feature",
      "properties": {
        "@id": "node/6504691150",
        "amenity": "bicycle_parking",
        "bicycle_parking": "stands",
        "capacity": "17",
        "covered": "no"
      },
      "geometry": {
        "type": "Point",
        "coordinates": [
          30.3357772,
          60.0671883
        ]
      },
      "id": "node/6504691150"
    },
    {
      "type": "Feature",
      "properties": {
        "@id": "node/6504691259",
        "amenity": "bicycle_parking",
        "bicycle_parking": "stands",
        "capacity": "18",
        "covered": "no"
      },
      "geometry": {
        "type": "Point",
        "coordinates": [
          30.3377163,
          60.0667889
        ]
      },
      "id": "node/6504691259"
    },
    {
      "type": "Feature",
      "properties": {
        "@id": "node/6511162356",
        "amenity": "bicycle_parking",
        "covered": "yes"
      },
      "geometry": {
        "type": "Point",
        "coordinates": [
          30.2575165,
          59.9894937
        ]
      },
      "id": "node/6511162356"
    },
    {
      "type": "Feature",
      "properties": {
        "@id": "node/6514052985",
        "amenity": "bicycle_parking",
        "bicycle_parking": "wall_loops",
        "capacity": "2",
        "covered": "no"
      },
      "geometry": {
        "type": "Point",
        "coordinates": [
          30.329469,
          59.9211806
        ]
      },
      "id": "node/6514052985"
    },
    {
      "type": "Feature",
      "properties": {
        "@id": "node/6515313084",
        "amenity": "bicycle_parking"
      },
      "geometry": {
        "type": "Point",
        "coordinates": [
          30.3885114,
          60.042503
        ]
      },
      "id": "node/6515313084"
    },
    {
      "type": "Feature",
      "properties": {
        "@id": "node/6528588946",
        "access": "permissive",
        "amenity": "bicycle_parking",
        "bicycle_parking": "wall_loops",
        "capacity": "5",
        "covered": "no"
      },
      "geometry": {
        "type": "Point",
        "coordinates": [
          30.2925938,
          59.9071608
        ]
      },
      "id": "node/6528588946"
    },
    {
      "type": "Feature",
      "properties": {
        "@id": "node/6544712724",
        "amenity": "bicycle_parking",
        "bicycle_parking": "rack",
        "covered": "no"
      },
      "geometry": {
        "type": "Point",
        "coordinates": [
          30.3187015,
          59.9305434
        ]
      },
      "id": "node/6544712724"
    },
    {
      "type": "Feature",
      "properties": {
        "@id": "node/6544718658",
        "amenity": "bicycle_parking",
        "bicycle_parking": "rack",
        "covered": "no"
      },
      "geometry": {
        "type": "Point",
        "coordinates": [
          30.2483591,
          59.9104551
        ]
      },
      "id": "node/6544718658"
    },
    {
      "type": "Feature",
      "properties": {
        "@id": "node/6550170517",
        "amenity": "bicycle_parking",
        "bicycle_parking": "wall_loops",
        "capacity": "4",
        "covered": "no"
      },
      "geometry": {
        "type": "Point",
        "coordinates": [
          30.300865,
          59.9228579
        ]
      },
      "id": "node/6550170517"
    },
    {
      "type": "Feature",
      "properties": {
        "@id": "node/6550184409",
        "amenity": "bicycle_parking",
        "bicycle_parking": "stands",
        "capacity": "8",
        "covered": "no"
      },
      "geometry": {
        "type": "Point",
        "coordinates": [
          30.2917756,
          59.9254014
        ]
      },
      "id": "node/6550184409"
    },
    {
      "type": "Feature",
      "properties": {
        "@id": "node/6558186742",
        "amenity": "bicycle_parking"
      },
      "geometry": {
        "type": "Point",
        "coordinates": [
          30.3652277,
          60.0753928
        ]
      },
      "id": "node/6558186742"
    },
    {
      "type": "Feature",
      "properties": {
        "@id": "node/6565867618",
        "amenity": "bicycle_parking",
        "bicycle_parking": "stands",
        "capacity": "9",
        "covered": "no",
        "fee": "no"
      },
      "geometry": {
        "type": "Point",
        "coordinates": [
          30.3636026,
          59.9286317
        ]
      },
      "id": "node/6565867618"
    },
    {
      "type": "Feature",
      "properties": {
        "@id": "node/6565951669",
        "amenity": "bicycle_parking",
        "bicycle_parking": "stands",
        "capacity": "6",
        "covered": "no"
      },
      "geometry": {
        "type": "Point",
        "coordinates": [
          30.3385977,
          59.9209164
        ]
      },
      "id": "node/6565951669"
    },
    {
      "type": "Feature",
      "properties": {
        "@id": "node/6566517646",
        "amenity": "bicycle_parking",
        "bicycle_parking": "wall_loops"
      },
      "geometry": {
        "type": "Point",
        "coordinates": [
          30.3163519,
          59.9055342
        ]
      },
      "id": "node/6566517646"
    },
    {
      "type": "Feature",
      "properties": {
        "@id": "node/6567936259",
        "amenity": "bicycle_parking",
        "covered": "yes",
        "opening_hours": "24/7"
      },
      "geometry": {
        "type": "Point",
        "coordinates": [
          30.511491,
          59.8917748
        ]
      },
      "id": "node/6567936259"
    },
    {
      "type": "Feature",
      "properties": {
        "@id": "node/6568018343",
        "amenity": "bicycle_parking",
        "bicycle_parking": "rack",
        "covered": "no"
      },
      "geometry": {
        "type": "Point",
        "coordinates": [
          30.4925523,
          59.8950301
        ]
      },
      "id": "node/6568018343"
    },
    {
      "type": "Feature",
      "properties": {
        "@id": "node/6568048334",
        "amenity": "bicycle_parking",
        "bicycle_parking": "rack",
        "capacity": "6",
        "covered": "yes",
        "opening_hours": "24/7"
      },
      "geometry": {
        "type": "Point",
        "coordinates": [
          30.5157126,
          59.8928569
        ]
      },
      "id": "node/6568048334"
    },
    {
      "type": "Feature",
      "properties": {
        "@id": "node/6568054493",
        "amenity": "bicycle_parking",
        "bicycle_parking": "rack",
        "covered": "no"
      },
      "geometry": {
        "type": "Point",
        "coordinates": [
          30.4927219,
          59.8958248
        ]
      },
      "id": "node/6568054493"
    },
    {
      "type": "Feature",
      "properties": {
        "@id": "node/6568406416",
        "amenity": "bicycle_parking",
        "bicycle_parking": "rack",
        "covered": "yes"
      },
      "geometry": {
        "type": "Point",
        "coordinates": [
          30.518362,
          59.8935065
        ]
      },
      "id": "node/6568406416"
    },
    {
      "type": "Feature",
      "properties": {
        "@id": "node/6572262467",
        "amenity": "bicycle_parking",
        "bicycle_parking": "stands",
        "capacity": "6",
        "covered": "no"
      },
      "geometry": {
        "type": "Point",
        "coordinates": [
          30.281543,
          59.9226387
        ]
      },
      "id": "node/6572262467"
    },
    {
      "type": "Feature",
      "properties": {
        "@id": "node/6572279114",
        "amenity": "bicycle_parking",
        "bicycle_parking": "rack",
        "capacity": "5",
        "covered": "no"
      },
      "geometry": {
        "type": "Point",
        "coordinates": [
          30.2879438,
          59.9253989
        ]
      },
      "id": "node/6572279114"
    },
    {
      "type": "Feature",
      "properties": {
        "@id": "node/6573306469",
        "amenity": "bicycle_parking",
        "bicycle_parking": "wall_loops",
        "capacity": "18",
        "covered": "no"
      },
      "geometry": {
        "type": "Point",
        "coordinates": [
          30.29848,
          59.9682216
        ]
      },
      "id": "node/6573306469"
    },
    {
      "type": "Feature",
      "properties": {
        "@id": "node/6573308139",
        "amenity": "bicycle_parking",
        "bicycle_parking": "stands",
        "capacity": "5",
        "covered": "yes"
      },
      "geometry": {
        "type": "Point",
        "coordinates": [
          30.4076255,
          59.9362329
        ]
      },
      "id": "node/6573308139"
    },
    {
      "type": "Feature",
      "properties": {
        "@id": "node/6573313574",
        "amenity": "bicycle_parking",
        "bicycle_parking": "wall_loops",
        "capacity": "5",
        "covered": "no"
      },
      "geometry": {
        "type": "Point",
        "coordinates": [
          30.4082076,
          59.9402236
        ]
      },
      "id": "node/6573313574"
    },
    {
      "type": "Feature",
      "properties": {
        "@id": "node/6580411989",
        "access": "yes",
        "amenity": "bicycle_parking",
        "bicycle_parking": "stands",
        "capacity": "5",
        "covered": "no",
        "fee": "no",
        "operator": "Smart Bike"
      },
      "geometry": {
        "type": "Point",
        "coordinates": [
          30.1944617,
          59.8585632
        ]
      },
      "id": "node/6580411989"
    },
    {
      "type": "Feature",
      "properties": {
        "@id": "node/6589975879",
        "amenity": "bicycle_parking",
        "bicycle_parking": "stands",
        "capacity": "6",
        "covered": "no",
        "fee": "no"
      },
      "geometry": {
        "type": "Point",
        "coordinates": [
          30.3943732,
          59.8714355
        ]
      },
      "id": "node/6589975879"
    },
    {
      "type": "Feature",
      "properties": {
        "@id": "node/6600855745",
        "amenity": "bicycle_parking",
        "bicycle_parking": "wall_loops",
        "capacity": "6",
        "covered": "no"
      },
      "geometry": {
        "type": "Point",
        "coordinates": [
          30.2591493,
          60.0073522
        ]
      },
      "id": "node/6600855745"
    },
    {
      "type": "Feature",
      "properties": {
        "@id": "node/6601185213",
        "amenity": "bicycle_parking",
        "bicycle_parking": "stands",
        "capacity": "5",
        "covered": "no",
        "fee": "no",
        "opening_hours": "24/7",
        "supervised": "no"
      },
      "geometry": {
        "type": "Point",
        "coordinates": [
          30.2439462,
          59.9802949
        ]
      },
      "id": "node/6601185213"
    },
    {
      "type": "Feature",
      "properties": {
        "@id": "node/6611626320",
        "amenity": "bicycle_parking"
      },
      "geometry": {
        "type": "Point",
        "coordinates": [
          30.1835735,
          59.9443512
        ]
      },
      "id": "node/6611626320"
    },
    {
      "type": "Feature",
      "properties": {
        "@id": "node/6611626321",
        "amenity": "bicycle_parking"
      },
      "geometry": {
        "type": "Point",
        "coordinates": [
          30.1856421,
          59.9440384
        ]
      },
      "id": "node/6611626321"
    },
    {
      "type": "Feature",
      "properties": {
        "@id": "node/6611626335",
        "amenity": "bicycle_parking"
      },
      "geometry": {
        "type": "Point",
        "coordinates": [
          30.1923651,
          59.9459626
        ]
      },
      "id": "node/6611626335"
    },
    {
      "type": "Feature",
      "properties": {
        "@id": "node/6611626336",
        "amenity": "bicycle_parking"
      },
      "geometry": {
        "type": "Point",
        "coordinates": [
          30.1918903,
          59.9450928
        ]
      },
      "id": "node/6611626336"
    },
    {
      "type": "Feature",
      "properties": {
        "@id": "node/6611647987",
        "amenity": "bicycle_parking"
      },
      "geometry": {
        "type": "Point",
        "coordinates": [
          30.1940448,
          59.948763
        ]
      },
      "id": "node/6611647987"
    },
    {
      "type": "Feature",
      "properties": {
        "@id": "node/6629194948",
        "amenity": "bicycle_parking",
        "bicycle_parking": "rack",
        "capacity": "5",
        "covered": "yes",
        "operator": "Хлебник"
      },
      "geometry": {
        "type": "Point",
        "coordinates": [
          30.414964,
          59.9298232
        ]
      },
      "id": "node/6629194948"
    },
    {
      "type": "Feature",
      "properties": {
        "@id": "node/6633212234",
        "access": "yes",
        "amenity": "bicycle_parking",
        "fee": "no",
        "operator": "ОКТОБЛУ"
      },
      "geometry": {
        "type": "Point",
        "coordinates": [
          30.3850012,
          60.0971178
        ]
      },
      "id": "node/6633212234"
    },
    {
      "type": "Feature",
      "properties": {
        "@id": "node/6643763267",
        "amenity": "bicycle_parking",
        "bicycle_parking": "wall_loops",
        "covered": "no"
      },
      "geometry": {
        "type": "Point",
        "coordinates": [
          30.3862593,
          59.9207616
        ]
      },
      "id": "node/6643763267"
    },
    {
      "type": "Feature",
      "properties": {
        "@id": "node/6659082705",
        "amenity": "bicycle_parking",
        "bicycle_parking": "stands",
        "capacity": "16",
        "covered": "yes"
      },
      "geometry": {
        "type": "Point",
        "coordinates": [
          30.2979305,
          59.9059358
        ]
      },
      "id": "node/6659082705"
    },
    {
      "type": "Feature",
      "properties": {
        "@id": "node/6703754371",
        "amenity": "bicycle_parking",
        "bicycle_parking": "rack",
        "capacity": "5",
        "covered": "no",
        "operator": "Булочные Ф. Вольчека"
      },
      "geometry": {
        "type": "Point",
        "coordinates": [
          30.2974058,
          59.9106443
        ]
      },
      "id": "node/6703754371"
    },
    {
      "type": "Feature",
      "properties": {
        "@id": "node/6718151101",
        "amenity": "bicycle_parking",
        "bicycle_parking": "rack",
        "capacity": "11",
        "covered": "no"
      },
      "geometry": {
        "type": "Point",
        "coordinates": [
          30.2901269,
          59.9372492
        ]
      },
      "id": "node/6718151101"
    },
    {
      "type": "Feature",
      "properties": {
        "@id": "node/6728720420",
        "access": "yes",
        "amenity": "bicycle_parking",
        "bicycle_parking": "wall_loops",
        "bike_ride": "yes",
        "capacity": "20",
        "covered": "yes",
        "description": "Велопарковка на перехватывающей автостоянке у станции метро \"Кировский завод\"",
        "fee": "no",
        "operator": "СПб ГКУ «Городской центр управления парковками Санкт-Петербурга»",
        "operator:type": "government"
      },
      "geometry": {
        "type": "Point",
        "coordinates": [
          30.260402,
          59.8798471
        ]
      },
      "id": "node/6728720420"
    },
    {
      "type": "Feature",
      "properties": {
        "@id": "node/6750662602",
        "amenity": "bicycle_parking",
        "bicycle_parking": "stands",
        "capacity": "6",
        "covered": "no"
      },
      "geometry": {
        "type": "Point",
        "coordinates": [
          30.3142451,
          59.8687108
        ]
      },
      "id": "node/6750662602"
    },
    {
      "type": "Feature",
      "properties": {
        "@id": "node/6750714327",
        "amenity": "bicycle_parking",
        "bicycle_parking": "rack",
        "capacity": "7",
        "covered": "no"
      },
      "geometry": {
        "type": "Point",
        "coordinates": [
          30.2171414,
          59.9864432
        ]
      },
      "id": "node/6750714327"
    },
    {
      "type": "Feature",
      "properties": {
        "@id": "node/6750719229",
        "amenity": "bicycle_parking",
        "bicycle_parking": "stands",
        "capacity": "8",
        "covered": "no"
      },
      "geometry": {
        "type": "Point",
        "coordinates": [
          30.3131884,
          59.8686101
        ]
      },
      "id": "node/6750719229"
    },
    {
      "type": "Feature",
      "properties": {
        "@id": "node/6762355395",
        "access": "yes",
        "amenity": "bicycle_parking",
        "bicycle_parking": "rack",
        "capacity": "5",
        "colour": "yellow",
        "covered": "yes",
        "fee": "no",
        "opening_hours": "24/7"
      },
      "geometry": {
        "type": "Point",
        "coordinates": [
          30.3420969,
          59.9155422
        ]
      },
      "id": "node/6762355395"
    },
    {
      "type": "Feature",
      "properties": {
        "@id": "node/6762357465",
        "amenity": "bicycle_parking",
        "bicycle_parking": "stands",
        "brand": "Electra",
        "capacity": "4",
        "covered": "no"
      },
      "geometry": {
        "type": "Point",
        "coordinates": [
          30.3136887,
          59.9561966
        ]
      },
      "id": "node/6762357465"
    },
    {
      "type": "Feature",
      "properties": {
        "@id": "node/6792918351",
        "amenity": "bicycle_parking",
        "bicycle_parking": "rack",
        "capacity": "4",
        "covered": "no"
      },
      "geometry": {
        "type": "Point",
        "coordinates": [
          30.3952392,
          59.9414149
        ]
      },
      "id": "node/6792918351"
    },
    {
      "type": "Feature",
      "properties": {
        "@id": "node/6798048774",
        "amenity": "bicycle_parking",
        "bicycle_parking": "stands",
        "capacity": "3",
        "covered": "no",
        "operator": "Хачапури и вино"
      },
      "geometry": {
        "type": "Point",
        "coordinates": [
          30.3416852,
          59.9231769
        ]
      },
      "id": "node/6798048774"
    },
    {
      "type": "Feature",
      "properties": {
        "@id": "node/6808124525",
        "amenity": "bicycle_parking"
      },
      "geometry": {
        "type": "Point",
        "coordinates": [
          30.5134307,
          59.8984998
        ]
      },
      "id": "node/6808124525"
    },
    {
      "type": "Feature",
      "properties": {
        "@id": "node/6839397674",
        "amenity": "bicycle_parking",
        "bicycle_parking": "stands",
        "covered": "no"
      },
      "geometry": {
        "type": "Point",
        "coordinates": [
          30.2642723,
          59.8976466
        ]
      },
      "id": "node/6839397674"
    },
    {
      "type": "Feature",
      "properties": {
        "@id": "node/6864104700",
        "access": "private",
        "amenity": "bicycle_parking",
        "covered": "yes",
        "fee": "no"
      },
      "geometry": {
        "type": "Point",
        "coordinates": [
          30.4480363,
          60.0520677
        ]
      },
      "id": "node/6864104700"
    },
    {
      "type": "Feature",
      "properties": {
        "@id": "node/6864135977",
        "access": "private",
        "amenity": "bicycle_parking",
        "covered": "yes",
        "fee": "no"
      },
      "geometry": {
        "type": "Point",
        "coordinates": [
          30.4468324,
          60.0523212
        ]
      },
      "id": "node/6864135977"
    },
    {
      "type": "Feature",
      "properties": {
        "@id": "node/6864135978",
        "access": "private",
        "amenity": "bicycle_parking",
        "covered": "yes",
        "fee": "no"
      },
      "geometry": {
        "type": "Point",
        "coordinates": [
          30.4492719,
          60.0517815
        ]
      },
      "id": "node/6864135978"
    },
    {
      "type": "Feature",
      "properties": {
        "@id": "node/6906796601",
        "access": "yes",
        "amenity": "bicycle_parking",
        "bicycle_parking": "wall_loops",
        "capacity": "8",
        "covered": "no",
        "fee": "no"
      },
      "geometry": {
        "type": "Point",
        "coordinates": [
          30.3115337,
          59.9668555
        ]
      },
      "id": "node/6906796601"
    },
    {
      "type": "Feature",
      "properties": {
        "@id": "node/6906813808",
        "amenity": "bicycle_parking",
        "bicycle_parking": "wall_loops",
        "capacity": "5",
        "covered": "no",
        "operator": "Столовая 1"
      },
      "geometry": {
        "type": "Point",
        "coordinates": [
          30.3367828,
          59.9342801
        ]
      },
      "id": "node/6906813808"
    },
    {
      "type": "Feature",
      "properties": {
        "@id": "node/6906831990",
        "amenity": "bicycle_parking",
        "bicycle_parking": "stands",
        "capacity": "6",
        "covered": "no"
      },
      "geometry": {
        "type": "Point",
        "coordinates": [
          30.3096461,
          59.9674503
        ]
      },
      "id": "node/6906831990"
    },
    {
      "type": "Feature",
      "properties": {
        "@id": "node/6928584576",
        "amenity": "bicycle_parking",
        "bicycle_parking": "stands",
        "brand": "Electra",
        "capacity": "5",
        "covered": "no"
      },
      "geometry": {
        "type": "Point",
        "coordinates": [
          30.320452,
          59.9266686
        ]
      },
      "id": "node/6928584576"
    },
    {
      "type": "Feature",
      "properties": {
        "@id": "node/6928610549",
        "amenity": "bicycle_parking",
        "bicycle_parking": "stands",
        "capacity": "6",
        "covered": "no"
      },
      "geometry": {
        "type": "Point",
        "coordinates": [
          30.353635,
          59.9210964
        ]
      },
      "id": "node/6928610549"
    },
    {
      "type": "Feature",
      "properties": {
        "@id": "node/6934586776",
        "amenity": "bicycle_parking",
        "bicycle_parking": "rack",
        "capacity": "5",
        "covered": "no"
      },
      "geometry": {
        "type": "Point",
        "coordinates": [
          30.306565,
          59.9675777
        ]
      },
      "id": "node/6934586776"
    },
    {
      "type": "Feature",
      "properties": {
        "@id": "node/6942454100",
        "amenity": "bicycle_parking",
        "bicycle_parking": "rack",
        "capacity": "6",
        "covered": "no"
      },
      "geometry": {
        "type": "Point",
        "coordinates": [
          30.3540234,
          59.9199978
        ]
      },
      "id": "node/6942454100"
    },
    {
      "type": "Feature",
      "properties": {
        "@id": "node/6942866844",
        "amenity": "bicycle_parking",
        "bicycle_parking": "stands",
        "covered": "no"
      },
      "geometry": {
        "type": "Point",
        "coordinates": [
          30.2805503,
          59.9410984
        ]
      },
      "id": "node/6942866844"
    },
    {
      "type": "Feature",
      "properties": {
        "@id": "node/6961417533",
        "amenity": "bicycle_parking",
        "bicycle_parking": "stands",
        "capacity": "12",
        "covered": "no"
      },
      "geometry": {
        "type": "Point",
        "coordinates": [
          30.331702,
          59.9215455
        ]
      },
      "id": "node/6961417533"
    },
    {
      "type": "Feature",
      "properties": {
        "@id": "node/6966656665",
        "amenity": "bicycle_parking",
        "bicycle_parking": "stands",
        "capacity": "5",
        "covered": "no",
        "fee": "no"
      },
      "geometry": {
        "type": "Point",
        "coordinates": [
          30.4042305,
          59.9321603
        ]
      },
      "id": "node/6966656665"
    },
    {
      "type": "Feature",
      "properties": {
        "@id": "node/6967755812",
        "amenity": "bicycle_parking",
        "bicycle_parking": "rack",
        "capacity": "3",
        "covered": "yes",
        "opening_hours": "24/7"
      },
      "geometry": {
        "type": "Point",
        "coordinates": [
          30.3103945,
          59.9666575
        ]
      },
      "id": "node/6967755812"
    },
    {
      "type": "Feature",
      "properties": {
        "@id": "node/6993888480",
        "access": "yes",
        "amenity": "bicycle_parking",
        "bicycle_parking": "wall_loops",
        "bike_ride": "yes",
        "capacity": "22",
        "covered": "no",
        "description": "Велопарковка на перехватывающей автостоянке у станции метро \"Политехническая\"",
        "fee": "no",
        "operator": "СПб ГКУ «Городской центр управления парковками Санкт-Петербурга»",
        "operator:type": "government"
      },
      "geometry": {
        "type": "Point",
        "coordinates": [
          30.3700195,
          60.0082049
        ]
      },
      "id": "node/6993888480"
    },
    {
      "type": "Feature",
      "properties": {
        "@id": "node/7047613978",
        "amenity": "bicycle_parking",
        "bicycle_parking": "rack",
        "capacity": "5",
        "covered": "yes"
      },
      "geometry": {
        "type": "Point",
        "coordinates": [
          30.3428848,
          59.9583084
        ]
      },
      "id": "node/7047613978"
    },
    {
      "type": "Feature",
      "properties": {
        "@id": "node/7090111374",
        "access": "yes",
        "amenity": "bicycle_parking",
        "capacity": "4",
        "fee": "no"
      },
      "geometry": {
        "type": "Point",
        "coordinates": [
          30.3911858,
          59.8445435
        ]
      },
      "id": "node/7090111374"
    },
    {
      "type": "Feature",
      "properties": {
        "@id": "node/7136669000",
        "access": "yes",
        "amenity": "bicycle_parking",
        "bicycle_parking": "stands",
        "capacity": "7",
        "covered": "no",
        "fee": "no"
      },
      "geometry": {
        "type": "Point",
        "coordinates": [
          30.3699162,
          60.0089118
        ]
      },
      "id": "node/7136669000"
    },
    {
      "type": "Feature",
      "properties": {
        "@id": "node/7140183221",
        "amenity": "bicycle_parking",
        "bicycle_parking": "wall_loops",
        "capacity": "5",
        "covered": "no"
      },
      "geometry": {
        "type": "Point",
        "coordinates": [
          30.329046,
          59.8557668
        ]
      },
      "id": "node/7140183221"
    },
    {
      "type": "Feature",
      "properties": {
        "@id": "node/7156464181",
        "access": "yes",
        "amenity": "bicycle_parking",
        "capacity": "3",
        "covered": "no",
        "fee": "no",
        "operator": "Магнит косметик"
      },
      "geometry": {
        "type": "Point",
        "coordinates": [
          30.431612,
          60.0570659
        ]
      },
      "id": "node/7156464181"
    },
    {
      "type": "Feature",
      "properties": {
        "@id": "node/7181156327",
        "amenity": "bicycle_parking",
        "bicycle_parking": "wall_loops",
        "capacity": "6",
        "covered": "no",
        "operator": "Улыбка радуги"
      },
      "geometry": {
        "type": "Point",
        "coordinates": [
          30.2686467,
          59.9345541
        ]
      },
      "id": "node/7181156327"
    },
    {
      "type": "Feature",
      "properties": {
        "@id": "node/7194263379",
        "amenity": "bicycle_parking",
        "bicycle_parking": "stands",
        "capacity": "17",
        "covered": "no",
        "fee": "no",
        "opening_hours": "24/7",
        "supervised": "no"
      },
      "geometry": {
        "type": "Point",
        "coordinates": [
          30.268486,
          59.8545335
        ]
      },
      "id": "node/7194263379"
    },
    {
      "type": "Feature",
      "properties": {
        "@id": "node/7327738356",
        "amenity": "bicycle_parking"
      },
      "geometry": {
        "type": "Point",
        "coordinates": [
          30.4279539,
          60.0656976
        ]
      },
      "id": "node/7327738356"
    },
    {
      "type": "Feature",
      "properties": {
        "@id": "node/7333554444",
        "amenity": "bicycle_parking",
        "bicycle_parking": "wall_loops",
        "capacity": "3",
        "covered": "no"
      },
      "geometry": {
        "type": "Point",
        "coordinates": [
          30.314522,
          59.8605296
        ]
      },
      "id": "node/7333554444"
    },
    {
      "type": "Feature",
      "properties": {
        "@id": "node/7344658502",
        "access": "customers",
        "amenity": "bicycle_parking",
        "bicycle_parking": "wall_loops"
      },
      "geometry": {
        "type": "Point",
        "coordinates": [
          30.319488,
          59.8619365
        ]
      },
      "id": "node/7344658502"
    },
    {
      "type": "Feature",
      "properties": {
        "@id": "node/7364703910",
        "amenity": "bicycle_parking",
        "bicycle_parking": "wall_loops",
        "capacity": "7",
        "covered": "no"
      },
      "geometry": {
        "type": "Point",
        "coordinates": [
          30.4765801,
          59.9456843
        ]
      },
      "id": "node/7364703910"
    },
    {
      "type": "Feature",
      "properties": {
        "@id": "node/7365286438",
        "amenity": "bicycle_parking",
        "bicycle_parking": "wall_loops",
        "capacity": "6",
        "covered": "no"
      },
      "geometry": {
        "type": "Point",
        "coordinates": [
          30.3616547,
          59.8320151
        ]
      },
      "id": "node/7365286438"
    },
    {
      "type": "Feature",
      "properties": {
        "@id": "node/7392419997",
        "access": "yes",
        "amenity": "bicycle_parking",
        "bicycle_parking": "wall_loops",
        "capacity": "4",
        "covered": "no",
        "fee": "no"
      },
      "geometry": {
        "type": "Point",
        "coordinates": [
          30.3216759,
          59.8954297
        ]
      },
      "id": "node/7392419997"
    },
    {
      "type": "Feature",
      "properties": {
        "@id": "node/7517720427",
        "amenity": "bicycle_parking",
        "capacity": "12",
        "covered": "no"
      },
      "geometry": {
        "type": "Point",
        "coordinates": [
          30.2265055,
          59.9885391
        ]
      },
      "id": "node/7517720427"
    },
    {
      "type": "Feature",
      "properties": {
        "@id": "node/7522979451",
        "access": "yes",
        "amenity": "bicycle_parking",
        "bicycle_parking": "wall_loops",
        "capacity": "16",
        "covered": "no",
        "fee": "no"
      },
      "geometry": {
        "type": "Point",
        "coordinates": [
          30.3671646,
          59.8550453
        ]
      },
      "id": "node/7522979451"
    },
    {
      "type": "Feature",
      "properties": {
        "@id": "node/7522979452",
        "access": "yes",
        "amenity": "bicycle_parking",
        "bicycle_parking": "wall_loops",
        "covered": "no",
        "fee": "no"
      },
      "geometry": {
        "type": "Point",
        "coordinates": [
          30.3557318,
          59.8777983
        ]
      },
      "id": "node/7522979452"
    },
    {
      "type": "Feature",
      "properties": {
        "@id": "node/7526005728",
        "amenity": "bicycle_parking",
        "bicycle_parking": "wall_loops",
        "capacity": "4",
        "covered": "no"
      },
      "geometry": {
        "type": "Point",
        "coordinates": [
          30.2064987,
          59.9888347
        ]
      },
      "id": "node/7526005728"
    },
    {
      "type": "Feature",
      "properties": {
        "@id": "node/7528721421",
        "access": "yes",
        "amenity": "bicycle_parking",
        "bicycle_parking": "wall_loops",
        "capacity": "5",
        "covered": "no"
      },
      "geometry": {
        "type": "Point",
        "coordinates": [
          30.2049777,
          59.9908876
        ]
      },
      "id": "node/7528721421"
    },
    {
      "type": "Feature",
      "properties": {
        "@id": "node/7528741196",
        "access": "yes",
        "amenity": "bicycle_parking",
        "bicycle_parking": "stands",
        "capacity": "4",
        "covered": "no"
      },
      "geometry": {
        "type": "Point",
        "coordinates": [
          30.2018504,
          59.9883683
        ]
      },
      "id": "node/7528741196"
    },
    {
      "type": "Feature",
      "properties": {
        "@id": "node/7528750789",
        "amenity": "bicycle_parking",
        "bicycle_parking": "wall_loops",
        "capacity": "7",
        "covered": "no"
      },
      "geometry": {
        "type": "Point",
        "coordinates": [
          30.204783,
          59.9904442
        ]
      },
      "id": "node/7528750789"
    },
    {
      "type": "Feature",
      "properties": {
        "@id": "node/7528771220",
        "access": "yes",
        "amenity": "bicycle_parking",
        "bicycle_parking": "stands",
        "capacity": "9",
        "covered": "yes"
      },
      "geometry": {
        "type": "Point",
        "coordinates": [
          30.2029031,
          59.9883872
        ]
      },
      "id": "node/7528771220"
    },
    {
      "type": "Feature",
      "properties": {
        "@id": "node/7529639313",
        "amenity": "bicycle_parking",
        "capacity": "16",
        "covered": "no"
      },
      "geometry": {
        "type": "Point",
        "coordinates": [
          30.4147951,
          59.9307053
        ]
      },
      "id": "node/7529639313"
    },
    {
      "type": "Feature",
      "properties": {
        "@id": "node/7539081266",
        "amenity": "bicycle_parking",
        "bicycle_parking": "wall_loops",
        "capacity": "6",
        "check_date:capacity": "2023-02-27",
        "covered": "no"
      },
      "geometry": {
        "type": "Point",
        "coordinates": [
          30.321294,
          59.9361672
        ]
      },
      "id": "node/7539081266"
    },
    {
      "type": "Feature",
      "properties": {
        "@id": "node/7539115535",
        "amenity": "bicycle_parking",
        "bicycle_parking": "rack",
        "capacity": "14",
        "covered": "no"
      },
      "geometry": {
        "type": "Point",
        "coordinates": [
          30.3082475,
          59.953577
        ]
      },
      "id": "node/7539115535"
    },
    {
      "type": "Feature",
      "properties": {
        "@id": "node/7539882141",
        "access": "yes",
        "amenity": "bicycle_parking",
        "bicycle_parking": "wall_loops",
        "capacity": "10",
        "covered": "yes",
        "fee": "no"
      },
      "geometry": {
        "type": "Point",
        "coordinates": [
          30.288384,
          59.9671723
        ]
      },
      "id": "node/7539882141"
    },
    {
      "type": "Feature",
      "properties": {
        "@id": "node/7556382079",
        "access": "private",
        "amenity": "bicycle_parking",
        "bicycle_parking": "shed"
      },
      "geometry": {
        "type": "Point",
        "coordinates": [
          30.292476,
          59.9651298
        ]
      },
      "id": "node/7556382079"
    },
    {
      "type": "Feature",
      "properties": {
        "@id": "node/7572644833",
        "access": "yes",
        "amenity": "bicycle_parking",
        "covered": "no",
        "fee": "no"
      },
      "geometry": {
        "type": "Point",
        "coordinates": [
          30.4143836,
          59.8337434
        ]
      },
      "id": "node/7572644833"
    },
    {
      "type": "Feature",
      "properties": {
        "@id": "node/7573516943",
        "amenity": "bicycle_parking",
        "bicycle_parking": "wall_loops",
        "capacity": "5",
        "covered": "no"
      },
      "geometry": {
        "type": "Point",
        "coordinates": [
          30.2505611,
          59.9628288
        ]
      },
      "id": "node/7573516943"
    },
    {
      "type": "Feature",
      "properties": {
        "@id": "node/7599060230",
        "access": "yes",
        "amenity": "bicycle_parking",
        "bicycle_parking": "wall_loops",
        "capacity": "5",
        "colour": "red",
        "covered": "no",
        "fee": "no",
        "operator": "Вместе",
        "source": "survey"
      },
      "geometry": {
        "type": "Point",
        "coordinates": [
          30.2876018,
          59.9204006
        ]
      },
      "id": "node/7599060230"
    },
    {
      "type": "Feature",
      "properties": {
        "@id": "node/7603832450",
        "amenity": "bicycle_parking",
        "bicycle_parking": "rack",
        "capacity": "9",
        "covered": "yes"
      },
      "geometry": {
        "type": "Point",
        "coordinates": [
          30.2191661,
          59.8530334
        ]
      },
      "id": "node/7603832450"
    },
    {
      "type": "Feature",
      "properties": {
        "@id": "node/7603838754",
        "amenity": "bicycle_parking",
        "bicycle_parking": "stands",
        "capacity": "6",
        "covered": "no"
      },
      "geometry": {
        "type": "Point",
        "coordinates": [
          30.2186578,
          59.8534943
        ]
      },
      "id": "node/7603838754"
    },
    {
      "type": "Feature",
      "properties": {
        "@id": "node/7603849657",
        "amenity": "bicycle_parking",
        "bicycle_parking": "rack",
        "capacity": "10",
        "covered": "no"
      },
      "geometry": {
        "type": "Point",
        "coordinates": [
          30.2202714,
          59.8450217
        ]
      },
      "id": "node/7603849657"
    },
    {
      "type": "Feature",
      "properties": {
        "@id": "node/7603858685",
        "amenity": "bicycle_parking",
        "bicycle_parking": "stands",
        "capacity": "3",
        "covered": "no"
      },
      "geometry": {
        "type": "Point",
        "coordinates": [
          30.2202925,
          59.9033385
        ]
      },
      "id": "node/7603858685"
    },
    {
      "type": "Feature",
      "properties": {
        "@id": "node/7610113916",
        "amenity": "bicycle_parking",
        "bicycle_parking": "rack",
        "covered": "no"
      },
      "geometry": {
        "type": "Point",
        "coordinates": [
          30.3382092,
          59.9192272
        ]
      },
      "id": "node/7610113916"
    },
    {
      "type": "Feature",
      "properties": {
        "@id": "node/7660606738",
        "amenity": "bicycle_parking",
        "bicycle_parking": "wall_loops"
      },
      "geometry": {
        "type": "Point",
        "coordinates": [
          30.4201723,
          59.8583855
        ]
      },
      "id": "node/7660606738"
    },
    {
      "type": "Feature",
      "properties": {
        "@id": "node/7681496243",
        "amenity": "bicycle_parking",
        "bicycle_parking": "wall_loops",
        "capacity": "20",
        "covered": "no"
      },
      "geometry": {
        "type": "Point",
        "coordinates": [
          30.4003115,
          59.8525049
        ]
      },
      "id": "node/7681496243"
    },
    {
      "type": "Feature",
      "properties": {
        "@id": "node/7713269736",
        "amenity": "bicycle_parking",
        "bicycle_parking": "rack",
        "capacity": "6",
        "covered": "no"
      },
      "geometry": {
        "type": "Point",
        "coordinates": [
          30.3013318,
          59.9331393
        ]
      },
      "id": "node/7713269736"
    },
    {
      "type": "Feature",
      "properties": {
        "@id": "node/7746661070",
        "access": "yes",
        "amenity": "bicycle_parking",
        "bicycle_parking": "rack",
        "capacity": "17",
        "covered": "yes"
      },
      "geometry": {
        "type": "Point",
        "coordinates": [
          30.2125486,
          59.939968
        ]
      },
      "id": "node/7746661070"
    },
    {
      "type": "Feature",
      "properties": {
        "@id": "node/7746673840",
        "amenity": "bicycle_parking",
        "bicycle_parking": "stands",
        "capacity": "10",
        "covered": "no"
      },
      "geometry": {
        "type": "Point",
        "coordinates": [
          30.2586298,
          59.9747083
        ]
      },
      "id": "node/7746673840"
    },
    {
      "type": "Feature",
      "properties": {
        "@id": "node/7746691917",
        "amenity": "bicycle_parking",
        "bicycle_parking": "rack",
        "capacity": "7",
        "covered": "yes"
      },
      "geometry": {
        "type": "Point",
        "coordinates": [
          30.2209427,
          59.9390585
        ]
      },
      "id": "node/7746691917"
    },
    {
      "type": "Feature",
      "properties": {
        "@id": "node/7746698458",
        "amenity": "bicycle_parking",
        "bicycle_parking": "wall_loops",
        "capacity": "11",
        "covered": "no"
      },
      "geometry": {
        "type": "Point",
        "coordinates": [
          30.2189676,
          59.9394228
        ]
      },
      "id": "node/7746698458"
    },
    {
      "type": "Feature",
      "properties": {
        "@id": "node/7746710942",
        "amenity": "bicycle_parking",
        "bicycle_parking": "rack",
        "capacity": "12",
        "covered": "no"
      },
      "geometry": {
        "type": "Point",
        "coordinates": [
          30.2956216,
          59.944126
        ]
      },
      "id": "node/7746710942"
    },
    {
      "type": "Feature",
      "properties": {
        "@id": "node/7746907871",
        "amenity": "bicycle_parking",
        "bicycle_parking": "wall_loops",
        "capacity": "13",
        "covered": "no"
      },
      "geometry": {
        "type": "Point",
        "coordinates": [
          30.2796977,
          59.9602226
        ]
      },
      "id": "node/7746907871"
    },
    {
      "type": "Feature",
      "properties": {
        "@id": "node/7746986489",
        "amenity": "bicycle_parking",
        "bicycle_parking": "wall_loops",
        "capacity": "13",
        "covered": "no"
      },
      "geometry": {
        "type": "Point",
        "coordinates": [
          30.2798177,
          59.9601786
        ]
      },
      "id": "node/7746986489"
    },
    {
      "type": "Feature",
      "properties": {
        "@id": "node/7756538729",
        "access": "yes",
        "amenity": "bicycle_parking",
        "bicycle_parking": "wall_loops",
        "capacity": "11",
        "covered": "no",
        "fee": "no"
      },
      "geometry": {
        "type": "Point",
        "coordinates": [
          30.3737754,
          59.9553988
        ]
      },
      "id": "node/7756538729"
    },
    {
      "type": "Feature",
      "properties": {
        "@id": "node/7817804030",
        "amenity": "bicycle_parking"
      },
      "geometry": {
        "type": "Point",
        "coordinates": [
          30.271288,
          59.9366366
        ]
      },
      "id": "node/7817804030"
    },
    {
      "type": "Feature",
      "properties": {
        "@id": "node/7823190624",
        "amenity": "bicycle_parking"
      },
      "geometry": {
        "type": "Point",
        "coordinates": [
          30.4467914,
          60.0687103
        ]
      },
      "id": "node/7823190624"
    },
    {
      "type": "Feature",
      "properties": {
        "@id": "node/7823190627",
        "amenity": "bicycle_parking"
      },
      "geometry": {
        "type": "Point",
        "coordinates": [
          30.4467568,
          60.069096
        ]
      },
      "id": "node/7823190627"
    },
    {
      "type": "Feature",
      "properties": {
        "@id": "node/7823190630",
        "amenity": "bicycle_parking"
      },
      "geometry": {
        "type": "Point",
        "coordinates": [
          30.4466451,
          60.0694702
        ]
      },
      "id": "node/7823190630"
    },
    {
      "type": "Feature",
      "properties": {
        "@id": "node/7835282638",
        "amenity": "bicycle_parking",
        "bicycle_parking": "stands",
        "capacity": "10",
        "covered": "no"
      },
      "geometry": {
        "type": "Point",
        "coordinates": [
          30.3174504,
          59.9271182
        ]
      },
      "id": "node/7835282638"
    },
    {
      "type": "Feature",
      "properties": {
        "@id": "node/7843702091",
        "access": "yes",
        "amenity": "bicycle_parking",
        "bicycle_parking": "rack",
        "capacity": "12",
        "covered": "no",
        "fee": "no"
      },
      "geometry": {
        "type": "Point",
        "coordinates": [
          30.458885,
          60.0339191
        ]
      },
      "id": "node/7843702091"
    },
    {
      "type": "Feature",
      "properties": {
        "@id": "node/7867016689",
        "access": "no",
        "amenity": "bicycle_parking",
        "capacity": "7",
        "covered": "no",
        "fee": "no"
      },
      "geometry": {
        "type": "Point",
        "coordinates": [
          30.4994641,
          59.8337473
        ]
      },
      "id": "node/7867016689"
    },
    {
      "type": "Feature",
      "properties": {
        "@id": "node/7870628008",
        "amenity": "bicycle_parking",
        "bicycle_parking": "stands",
        "covered": "no",
        "fee": "no",
        "opening_hours": "24/7",
        "supervised": "no"
      },
      "geometry": {
        "type": "Point",
        "coordinates": [
          30.3537246,
          59.9115451
        ]
      },
      "id": "node/7870628008"
    },
    {
      "type": "Feature",
      "properties": {
        "@id": "node/7872953669",
        "amenity": "bicycle_parking",
        "bicycle_parking": "wall_loops",
        "capacity": "8",
        "covered": "yes"
      },
      "geometry": {
        "type": "Point",
        "coordinates": [
          30.3415708,
          59.9138048
        ]
      },
      "id": "node/7872953669"
    },
    {
      "type": "Feature",
      "properties": {
        "@id": "node/7881771098",
        "amenity": "bicycle_parking",
        "bicycle_parking": "stands",
        "capacity": "8",
        "covered": "no",
        "fee": "no",
        "opening_hours": "24/7",
        "supervised": "no"
      },
      "geometry": {
        "type": "Point",
        "coordinates": [
          30.3442007,
          60.0821959
        ]
      },
      "id": "node/7881771098"
    },
    {
      "type": "Feature",
      "properties": {
        "@id": "node/7881771103",
        "amenity": "bicycle_parking",
        "bicycle_parking": "stands",
        "capacity": "8",
        "covered": "no",
        "fee": "no",
        "opening_hours": "24/7",
        "supervised": "no"
      },
      "geometry": {
        "type": "Point",
        "coordinates": [
          30.3438359,
          60.0819832
        ]
      },
      "id": "node/7881771103"
    },
    {
      "type": "Feature",
      "properties": {
        "@id": "node/7881771104",
        "amenity": "bicycle_parking",
        "bicycle_parking": "stands",
        "capacity": "8",
        "covered": "no",
        "fee": "no",
        "opening_hours": "24/7",
        "supervised": "no"
      },
      "geometry": {
        "type": "Point",
        "coordinates": [
          30.3434604,
          60.0818146
        ]
      },
      "id": "node/7881771104"
    },
    {
      "type": "Feature",
      "properties": {
        "@id": "node/7881771105",
        "amenity": "bicycle_parking",
        "bicycle_parking": "stands",
        "capacity": "8",
        "covered": "no",
        "fee": "no",
        "opening_hours": "24/7",
        "supervised": "no"
      },
      "geometry": {
        "type": "Point",
        "coordinates": [
          30.3428596,
          60.0820274
        ]
      },
      "id": "node/7881771105"
    },
    {
      "type": "Feature",
      "properties": {
        "@id": "node/7881789480",
        "amenity": "bicycle_parking",
        "bicycle_parking": "stands",
        "covered": "no",
        "fee": "no",
        "opening_hours": "24/7",
        "supervised": "no"
      },
      "geometry": {
        "type": "Point",
        "coordinates": [
          30.3511691,
          60.081729
        ]
      },
      "id": "node/7881789480"
    },
    {
      "type": "Feature",
      "properties": {
        "@id": "node/7881814885",
        "amenity": "bicycle_parking",
        "bicycle_parking": "stands",
        "covered": "no",
        "fee": "no",
        "opening_hours": "24/7",
        "supervised": "no"
      },
      "geometry": {
        "type": "Point",
        "coordinates": [
          30.3495987,
          60.0820528
        ]
      },
      "id": "node/7881814885"
    },
    {
      "type": "Feature",
      "properties": {
        "@id": "node/7881814890",
        "amenity": "bicycle_parking",
        "bicycle_parking": "stands",
        "covered": "no",
        "fee": "no",
        "opening_hours": "24/7",
        "supervised": "no"
      },
      "geometry": {
        "type": "Point",
        "coordinates": [
          30.3482911,
          60.0821571
        ]
      },
      "id": "node/7881814890"
    },
    {
      "type": "Feature",
      "properties": {
        "@id": "node/7881844122",
        "amenity": "bicycle_parking",
        "bicycle_parking": "stands",
        "covered": "no",
        "fee": "no",
        "opening_hours": "24/7",
        "supervised": "no"
      },
      "geometry": {
        "type": "Point",
        "coordinates": [
          30.3518484,
          60.0830059
        ]
      },
      "id": "node/7881844122"
    },
    {
      "type": "Feature",
      "properties": {
        "@id": "node/7881844123",
        "amenity": "bicycle_parking",
        "bicycle_parking": "stands",
        "covered": "no",
        "fee": "no",
        "opening_hours": "24/7",
        "supervised": "no"
      },
      "geometry": {
        "type": "Point",
        "coordinates": [
          30.3522044,
          60.0825839
        ]
      },
      "id": "node/7881844123"
    },
    {
      "type": "Feature",
      "properties": {
        "@id": "node/7881844124",
        "access": "yes",
        "amenity": "bicycle_parking",
        "bicycle_parking": "stands",
        "covered": "no",
        "fee": "no",
        "opening_hours": "24/7",
        "supervised": "no"
      },
      "geometry": {
        "type": "Point",
        "coordinates": [
          30.3516385,
          60.0826882
        ]
      },
      "id": "node/7881844124"
    },
    {
      "type": "Feature",
      "properties": {
        "@id": "node/7886619984",
        "amenity": "bicycle_parking"
      },
      "geometry": {
        "type": "Point",
        "coordinates": [
          30.436074,
          60.0488444
        ]
      },
      "id": "node/7886619984"
    },
    {
      "type": "Feature",
      "properties": {
        "@id": "node/7922773659",
        "amenity": "bicycle_parking",
        "bicycle_parking": "stands",
        "capacity": "2",
        "covered": "no"
      },
      "geometry": {
        "type": "Point",
        "coordinates": [
          30.3295172,
          59.9674851
        ]
      },
      "id": "node/7922773659"
    },
    {
      "type": "Feature",
      "properties": {
        "@id": "node/7928562728",
        "amenity": "bicycle_parking",
        "bicycle_parking": "stands",
        "covered": "no"
      },
      "geometry": {
        "type": "Point",
        "coordinates": [
          30.2456334,
          59.9507634
        ]
      },
      "id": "node/7928562728"
    },
    {
      "type": "Feature",
      "properties": {
        "@id": "node/7934984133",
        "amenity": "bicycle_parking",
        "covered": "yes"
      },
      "geometry": {
        "type": "Point",
        "coordinates": [
          30.2430109,
          59.9368462
        ]
      },
      "id": "node/7934984133"
    },
    {
      "type": "Feature",
      "properties": {
        "@id": "node/7935064950",
        "amenity": "bicycle_parking",
        "bicycle_parking": "wall_loops",
        "capacity": "5",
        "covered": "no"
      },
      "geometry": {
        "type": "Point",
        "coordinates": [
          30.489208,
          59.9356728
        ]
      },
      "id": "node/7935064950"
    },
    {
      "type": "Feature",
      "properties": {
        "@id": "node/7944285049",
        "amenity": "bicycle_parking",
        "bicycle_parking": "stands",
        "covered": "no",
        "fee": "no",
        "opening_hours": "24/7",
        "supervised": "no"
      },
      "geometry": {
        "type": "Point",
        "coordinates": [
          30.348043,
          60.0803236
        ]
      },
      "id": "node/7944285049"
    },
    {
      "type": "Feature",
      "properties": {
        "@id": "node/7944285055",
        "amenity": "bicycle_parking",
        "bicycle_parking": "stands",
        "covered": "no",
        "fee": "no",
        "opening_hours": "24/7",
        "supervised": "no"
      },
      "geometry": {
        "type": "Point",
        "coordinates": [
          30.3489509,
          60.0803176
        ]
      },
      "id": "node/7944285055"
    },
    {
      "type": "Feature",
      "properties": {
        "@id": "node/7944285060",
        "amenity": "bicycle_parking",
        "bicycle_parking": "stands",
        "covered": "no",
        "fee": "no",
        "opening_hours": "24/7",
        "supervised": "no"
      },
      "geometry": {
        "type": "Point",
        "coordinates": [
          30.3481007,
          60.0789403
        ]
      },
      "id": "node/7944285060"
    },
    {
      "type": "Feature",
      "properties": {
        "@id": "node/7944285061",
        "amenity": "bicycle_parking",
        "bicycle_parking": "stands",
        "covered": "no",
        "fee": "no",
        "opening_hours": "24/7",
        "supervised": "no"
      },
      "geometry": {
        "type": "Point",
        "coordinates": [
          30.3477962,
          60.078955
        ]
      },
      "id": "node/7944285061"
    },
    {
      "type": "Feature",
      "properties": {
        "@id": "node/7966008575",
        "access": "yes",
        "amenity": "bicycle_parking",
        "bicycle_parking": "rack",
        "capacity": "5",
        "colour": "red",
        "covered": "yes",
        "fee": "no",
        "opening_hours": "24/7"
      },
      "geometry": {
        "type": "Point",
        "coordinates": [
          30.34205,
          59.9155421
        ]
      },
      "id": "node/7966008575"
    },
    {
      "type": "Feature",
      "properties": {
        "@id": "node/7966008576",
        "access": "yes",
        "amenity": "bicycle_parking",
        "bicycle_parking": "rack",
        "capacity": "5",
        "colour": "blue",
        "covered": "yes",
        "fee": "no",
        "opening_hours": "24/7"
      },
      "geometry": {
        "type": "Point",
        "coordinates": [
          30.3420042,
          59.9155433
        ]
      },
      "id": "node/7966008576"
    },
    {
      "type": "Feature",
      "properties": {
        "@id": "node/7984385467",
        "amenity": "bicycle_parking",
        "bicycle_parking": "wall_loops"
      },
      "geometry": {
        "type": "Point",
        "coordinates": [
          30.3387351,
          59.9210682
        ]
      },
      "id": "node/7984385467"
    },
    {
      "type": "Feature",
      "properties": {
        "@id": "node/7992604170",
        "access": "yes",
        "amenity": "bicycle_parking",
        "bicycle_parking": "rack",
        "capacity": "6",
        "covered": "no",
        "fee": "no"
      },
      "geometry": {
        "type": "Point",
        "coordinates": [
          30.3499898,
          59.9185811
        ]
      },
      "id": "node/7992604170"
    },
    {
      "type": "Feature",
      "properties": {
        "@id": "node/8009102570",
        "amenity": "bicycle_parking",
        "bicycle_parking": "wall_loops",
        "covered": "no"
      },
      "geometry": {
        "type": "Point",
        "coordinates": [
          30.4929355,
          59.9385952
        ]
      },
      "id": "node/8009102570"
    },
    {
      "type": "Feature",
      "properties": {
        "@id": "node/8016593592",
        "amenity": "bicycle_parking",
        "bicycle_parking": "wall_loops",
        "covered": "no"
      },
      "geometry": {
        "type": "Point",
        "coordinates": [
          30.4808472,
          59.8549922
        ]
      },
      "id": "node/8016593592"
    },
    {
      "type": "Feature",
      "properties": {
        "@id": "node/8016593601",
        "amenity": "bicycle_parking",
        "bicycle_parking": "wall_loops",
        "covered": "no"
      },
      "geometry": {
        "type": "Point",
        "coordinates": [
          30.4810108,
          59.854382
        ]
      },
      "id": "node/8016593601"
    },
    {
      "type": "Feature",
      "properties": {
        "@id": "node/8017157460",
        "amenity": "bicycle_parking",
        "bicycle_parking": "stands",
        "capacity": "8",
        "covered": "no"
      },
      "geometry": {
        "type": "Point",
        "coordinates": [
          30.3019702,
          59.9205961
        ]
      },
      "id": "node/8017157460"
    },
    {
      "type": "Feature",
      "properties": {
        "@id": "node/8017157465",
        "amenity": "bicycle_parking",
        "capacity": "8",
        "covered": "no"
      },
      "geometry": {
        "type": "Point",
        "coordinates": [
          30.3017886,
          59.9208152
        ]
      },
      "id": "node/8017157465"
    },
    {
      "type": "Feature",
      "properties": {
        "@id": "node/8022911984",
        "amenity": "bicycle_parking",
        "covered": "no"
      },
      "geometry": {
        "type": "Point",
        "coordinates": [
          30.4790206,
          59.8603328
        ]
      },
      "id": "node/8022911984"
    },
    {
      "type": "Feature",
      "properties": {
        "@id": "node/8022913085",
        "amenity": "bicycle_parking",
        "covered": "no"
      },
      "geometry": {
        "type": "Point",
        "coordinates": [
          30.4790649,
          59.8602426
        ]
      },
      "id": "node/8022913085"
    },
    {
      "type": "Feature",
      "properties": {
        "@id": "node/8025886057",
        "amenity": "bicycle_parking",
        "bicycle_parking": "stands",
        "capacity": "5",
        "covered": "no",
        "fee": "no"
      },
      "geometry": {
        "type": "Point",
        "coordinates": [
          30.489122,
          59.9368905
        ]
      },
      "id": "node/8025886057"
    },
    {
      "type": "Feature",
      "properties": {
        "@id": "node/8038115124",
        "amenity": "bicycle_parking"
      },
      "geometry": {
        "type": "Point",
        "coordinates": [
          30.343522,
          59.9633924
        ]
      },
      "id": "node/8038115124"
    },
    {
      "type": "Feature",
      "properties": {
        "@id": "node/8047275686",
        "amenity": "bicycle_parking",
        "bicycle_parking": "stands",
        "capacity": "8",
        "covered": "no"
      },
      "geometry": {
        "type": "Point",
        "coordinates": [
          30.3042317,
          59.9474459
        ]
      },
      "id": "node/8047275686"
    },
    {
      "type": "Feature",
      "properties": {
        "@id": "node/8048257869",
        "amenity": "bicycle_parking",
        "bicycle_parking": "wall_loops",
        "capacity": "7",
        "covered": "no"
      },
      "geometry": {
        "type": "Point",
        "coordinates": [
          30.4768775,
          59.8582897
        ]
      },
      "id": "node/8048257869"
    },
    {
      "type": "Feature",
      "properties": {
        "@id": "node/8073989147",
        "amenity": "bicycle_parking",
        "covered": "no"
      },
      "geometry": {
        "type": "Point",
        "coordinates": [
          30.2665897,
          60.0271214
        ]
      },
      "id": "node/8073989147"
    },
    {
      "type": "Feature",
      "properties": {
        "@id": "node/8090499309",
        "amenity": "bicycle_parking",
        "bicycle_parking": "hoop",
        "capacity": "11",
        "covered": "no"
      },
      "geometry": {
        "type": "Point",
        "coordinates": [
          30.2767631,
          59.9498343
        ]
      },
      "id": "node/8090499309"
    },
    {
      "type": "Feature",
      "properties": {
        "@id": "node/8090499310",
        "amenity": "bicycle_parking",
        "bicycle_parking": "hoop",
        "capacity": "11",
        "covered": "no"
      },
      "geometry": {
        "type": "Point",
        "coordinates": [
          30.2772402,
          59.9497404
        ]
      },
      "id": "node/8090499310"
    },
    {
      "type": "Feature",
      "properties": {
        "@id": "node/8184815919",
        "amenity": "bicycle_parking",
        "bicycle_parking": "stands",
        "capacity": "15",
        "covered": "no"
      },
      "geometry": {
        "type": "Point",
        "coordinates": [
          30.2116815,
          59.9815614
        ]
      },
      "id": "node/8184815919"
    },
    {
      "type": "Feature",
      "properties": {
        "@id": "node/8196561253",
        "amenity": "bicycle_parking",
        "bicycle_parking": "wall_loops",
        "capacity": "20",
        "covered": "yes"
      },
      "geometry": {
        "type": "Point",
        "coordinates": [
          30.2683414,
          59.951435
        ]
      },
      "id": "node/8196561253"
    },
    {
      "type": "Feature",
      "properties": {
        "@id": "node/8210377314",
        "amenity": "bicycle_parking",
        "bicycle_parking": "stands",
        "capacity": "2",
        "covered": "no"
      },
      "geometry": {
        "type": "Point",
        "coordinates": [
          30.2483944,
          59.9523732
        ]
      },
      "id": "node/8210377314"
    },
    {
      "type": "Feature",
      "properties": {
        "@id": "node/8258535249",
        "amenity": "bicycle_parking",
        "bicycle_parking": "wall_loops",
        "capacity": "18",
        "covered": "yes"
      },
      "geometry": {
        "type": "Point",
        "coordinates": [
          30.2660431,
          59.9580354
        ]
      },
      "id": "node/8258535249"
    },
    {
      "type": "Feature",
      "properties": {
        "@id": "node/8258535252",
        "amenity": "bicycle_parking",
        "bicycle_parking": "stands",
        "capacity": "18",
        "covered": "yes"
      },
      "geometry": {
        "type": "Point",
        "coordinates": [
          30.2658051,
          59.9577578
        ]
      },
      "id": "node/8258535252"
    },
    {
      "type": "Feature",
      "properties": {
        "@id": "node/8272731829",
        "access": "yes",
        "amenity": "bicycle_parking",
        "bicycle_parking": "stands",
        "capacity": "10",
        "covered": "no",
        "fee": "no",
        "supervised": "no"
      },
      "geometry": {
        "type": "Point",
        "coordinates": [
          30.3494304,
          59.9141335
        ]
      },
      "id": "node/8272731829"
    },
    {
      "type": "Feature",
      "properties": {
        "@id": "node/8273286687",
        "amenity": "bicycle_parking",
        "bicycle_parking": "stands",
        "capacity": "4",
        "covered": "no"
      },
      "geometry": {
        "type": "Point",
        "coordinates": [
          30.1398173,
          59.8399083
        ]
      },
      "id": "node/8273286687"
    },
    {
      "type": "Feature",
      "properties": {
        "@id": "node/8280028895",
        "access": "yes",
        "amenity": "bicycle_parking",
        "bicycle_parking": "rack",
        "capacity": "10",
        "covered": "yes",
        "fee": "no",
        "opening_hours": "24/7"
      },
      "geometry": {
        "type": "Point",
        "coordinates": [
          30.3541102,
          59.9866379
        ]
      },
      "id": "node/8280028895"
    },
    {
      "type": "Feature",
      "properties": {
        "@id": "node/8365020260",
        "access": "yes",
        "amenity": "bicycle_parking",
        "bicycle_parking": "stands",
        "capacity": "5",
        "covered": "no",
        "fee": "no",
        "level": "0",
        "lit": "no"
      },
      "geometry": {
        "type": "Point",
        "coordinates": [
          30.3668546,
          60.0015155
        ]
      },
      "id": "node/8365020260"
    },
    {
      "type": "Feature",
      "properties": {
        "@id": "node/8577597775",
        "amenity": "bicycle_parking",
        "bicycle_parking": "wall_loops",
        "covered": "no"
      },
      "geometry": {
        "type": "Point",
        "coordinates": [
          30.4389042,
          59.9331214
        ]
      },
      "id": "node/8577597775"
    },
    {
      "type": "Feature",
      "properties": {
        "@id": "node/8580650697",
        "amenity": "bicycle_parking",
        "bicycle_parking": "stands",
        "capacity": "14",
        "covered": "no",
        "fee": "no",
        "opening_hours": "24/7",
        "supervised": "no"
      },
      "geometry": {
        "type": "Point",
        "coordinates": [
          30.4944373,
          59.9403557
        ]
      },
      "id": "node/8580650697"
    },
    {
      "type": "Feature",
      "properties": {
        "@id": "node/8615487215",
        "amenity": "bicycle_parking",
        "bicycle_parking": "wall_loops",
        "capacity": "6",
        "covered": "no"
      },
      "geometry": {
        "type": "Point",
        "coordinates": [
          30.2721984,
          59.9488536
        ]
      },
      "id": "node/8615487215"
    },
    {
      "type": "Feature",
      "properties": {
        "@id": "node/8635062658",
        "amenity": "bicycle_parking",
        "bicycle_parking": "stands",
        "capacity": "5",
        "covered": "yes"
      },
      "geometry": {
        "type": "Point",
        "coordinates": [
          30.4376283,
          59.9336751
        ]
      },
      "id": "node/8635062658"
    },
    {
      "type": "Feature",
      "properties": {
        "@id": "node/8635062662",
        "amenity": "bicycle_parking",
        "bicycle_parking": "wall_loops",
        "covered": "no"
      },
      "geometry": {
        "type": "Point",
        "coordinates": [
          30.4391684,
          59.9332161
        ]
      },
      "id": "node/8635062662"
    },
    {
      "type": "Feature",
      "properties": {
        "@id": "node/8635082662",
        "amenity": "bicycle_parking",
        "bicycle_parking": "stands",
        "capacity": "11",
        "covered": "no"
      },
      "geometry": {
        "type": "Point",
        "coordinates": [
          30.4966874,
          59.9342689
        ]
      },
      "id": "node/8635082662"
    },
    {
      "type": "Feature",
      "properties": {
        "@id": "node/8635082665",
        "amenity": "bicycle_parking",
        "bicycle_parking": "stands",
        "capacity": "11",
        "covered": "no"
      },
      "geometry": {
        "type": "Point",
        "coordinates": [
          30.4968283,
          59.934727
        ]
      },
      "id": "node/8635082665"
    },
    {
      "type": "Feature",
      "properties": {
        "@id": "node/8637727331",
        "access": "yes",
        "amenity": "bicycle_parking",
        "bicycle_parking": "wall_loops",
        "capacity": "15",
        "covered": "no",
        "fee": "no"
      },
      "geometry": {
        "type": "Point",
        "coordinates": [
          30.2778543,
          59.8841257
        ]
      },
      "id": "node/8637727331"
    },
    {
      "type": "Feature",
      "properties": {
        "@id": "node/8637727332",
        "access": "yes",
        "amenity": "bicycle_parking",
        "bicycle_parking": "wall_loops",
        "capacity": "7",
        "covered": "no",
        "fee": "no"
      },
      "geometry": {
        "type": "Point",
        "coordinates": [
          30.2749179,
          59.8853998
        ]
      },
      "id": "node/8637727332"
    },
    {
      "type": "Feature",
      "properties": {
        "@id": "node/8675668087",
        "amenity": "bicycle_parking",
        "bicycle_parking": "rack",
        "capacity": "9",
        "covered": "no",
        "supervised": "no"
      },
      "geometry": {
        "type": "Point",
        "coordinates": [
          30.3730232,
          60.0455701
        ]
      },
      "id": "node/8675668087"
    },
    {
      "type": "Feature",
      "properties": {
        "@id": "node/8689813667",
        "amenity": "bicycle_parking",
        "bicycle_parking": "stands",
        "capacity": "20",
        "covered": "no"
      },
      "geometry": {
        "type": "Point",
        "coordinates": [
          30.2907413,
          59.9308959
        ]
      },
      "id": "node/8689813667"
    },
    {
      "type": "Feature",
      "properties": {
        "@id": "node/8739666854",
        "amenity": "bicycle_parking",
        "bicycle_parking": "stands",
        "capacity": "10",
        "covered": "no",
        "fee": "no",
        "opening_hours": "24/7",
        "supervised": "no"
      },
      "geometry": {
        "type": "Point",
        "coordinates": [
          30.2843502,
          59.9475416
        ]
      },
      "id": "node/8739666854"
    },
    {
      "type": "Feature",
      "properties": {
        "@id": "node/8757649402",
        "amenity": "bicycle_parking"
      },
      "geometry": {
        "type": "Point",
        "coordinates": [
          30.3388543,
          60.0749113
        ]
      },
      "id": "node/8757649402"
    },
    {
      "type": "Feature",
      "properties": {
        "@id": "node/8758620723",
        "amenity": "bicycle_parking",
        "bicycle_parking": "stands",
        "capacity": "2",
        "covered": "no"
      },
      "geometry": {
        "type": "Point",
        "coordinates": [
          30.3307646,
          59.8468426
        ]
      },
      "id": "node/8758620723"
    },
    {
      "type": "Feature",
      "properties": {
        "@id": "node/8758644810",
        "amenity": "bicycle_parking",
        "bicycle_parking": "stands",
        "capacity": "3",
        "covered": "no"
      },
      "geometry": {
        "type": "Point",
        "coordinates": [
          30.3304951,
          59.8472563
        ]
      },
      "id": "node/8758644810"
    },
    {
      "type": "Feature",
      "properties": {
        "@id": "node/8762749959",
        "amenity": "bicycle_parking",
        "bicycle_parking": "stands",
        "capacity": "3",
        "covered": "no"
      },
      "geometry": {
        "type": "Point",
        "coordinates": [
          30.3659299,
          59.8355164
        ]
      },
      "id": "node/8762749959"
    },
    {
      "type": "Feature",
      "properties": {
        "@id": "node/8770265897",
        "amenity": "bicycle_parking",
        "bicycle_parking": "wall_loops",
        "capacity": "5",
        "covered": "no"
      },
      "geometry": {
        "type": "Point",
        "coordinates": [
          30.3357072,
          59.8518385
        ]
      },
      "id": "node/8770265897"
    },
    {
      "type": "Feature",
      "properties": {
        "@id": "node/8770313651",
        "amenity": "bicycle_parking",
        "bicycle_parking": "wall_loops",
        "capacity": "4",
        "covered": "no"
      },
      "geometry": {
        "type": "Point",
        "coordinates": [
          30.327215,
          59.8495985
        ]
      },
      "id": "node/8770313651"
    },
    {
      "type": "Feature",
      "properties": {
        "@id": "node/8770321159",
        "amenity": "bicycle_parking"
      },
      "geometry": {
        "type": "Point",
        "coordinates": [
          30.3505697,
          59.86604
        ]
      },
      "id": "node/8770321159"
    },
    {
      "type": "Feature",
      "properties": {
        "@id": "node/8775386230",
        "access": "yes",
        "amenity": "bicycle_parking",
        "bicycle_parking": "stands",
        "bike_ride": "yes",
        "capacity": "11",
        "covered": "no",
        "description": "Велопарковка на перехватывающей автостоянке у станции метро \"Парнас\"",
        "fee": "no",
        "operator": "СПб ГКУ «Городской центр управления парковками Санкт-Петербурга»",
        "operator:type": "government"
      },
      "geometry": {
        "type": "Point",
        "coordinates": [
          30.333151,
          60.0677817
        ]
      },
      "id": "node/8775386230"
    },
    {
      "type": "Feature",
      "properties": {
        "@id": "node/8779907783",
        "amenity": "bicycle_parking",
        "bicycle_parking": "wall_loops",
        "capacity": "8",
        "covered": "no"
      },
      "geometry": {
        "type": "Point",
        "coordinates": [
          30.3498134,
          59.8530574
        ]
      },
      "id": "node/8779907783"
    },
    {
      "type": "Feature",
      "properties": {
        "@id": "node/8779923997",
        "amenity": "bicycle_parking"
      },
      "geometry": {
        "type": "Point",
        "coordinates": [
          30.350315,
          59.8520865
        ]
      },
      "id": "node/8779923997"
    },
    {
      "type": "Feature",
      "properties": {
        "@id": "node/8779927376",
        "amenity": "bicycle_parking",
        "bicycle_parking": "stands",
        "capacity": "4",
        "covered": "no"
      },
      "geometry": {
        "type": "Point",
        "coordinates": [
          30.3385176,
          59.8445969
        ]
      },
      "id": "node/8779927376"
    },
    {
      "type": "Feature",
      "properties": {
        "@id": "node/8779929595",
        "amenity": "bicycle_parking",
        "bicycle_parking": "wall_loops",
        "capacity": "3",
        "covered": "no"
      },
      "geometry": {
        "type": "Point",
        "coordinates": [
          30.3258863,
          59.849577
        ]
      },
      "id": "node/8779929595"
    },
    {
      "type": "Feature",
      "properties": {
        "@id": "node/8779936745",
        "amenity": "bicycle_parking",
        "bicycle_parking": "stands",
        "capacity": "6",
        "covered": "no"
      },
      "geometry": {
        "type": "Point",
        "coordinates": [
          30.3305885,
          59.8526212
        ]
      },
      "id": "node/8779936745"
    },
    {
      "type": "Feature",
      "properties": {
        "@id": "node/8779937688",
        "amenity": "bicycle_parking",
        "bicycle_parking": "stands",
        "capacity": "3",
        "covered": "no"
      },
      "geometry": {
        "type": "Point",
        "coordinates": [
          30.3595657,
          59.8541654
        ]
      },
      "id": "node/8779937688"
    },
    {
      "type": "Feature",
      "properties": {
        "@id": "node/8780791883",
        "amenity": "bicycle_parking",
        "bicycle_parking": "wall_loops",
        "capacity": "3",
        "covered": "no"
      },
      "geometry": {
        "type": "Point",
        "coordinates": [
          30.3465048,
          60.0838554
        ]
      },
      "id": "node/8780791883"
    },
    {
      "type": "Feature",
      "properties": {
        "@id": "node/8780792399",
        "amenity": "bicycle_parking",
        "bicycle_parking": "wall_loops",
        "capacity": "6",
        "covered": "no"
      },
      "geometry": {
        "type": "Point",
        "coordinates": [
          30.3479512,
          60.084031
        ]
      },
      "id": "node/8780792399"
    },
    {
      "type": "Feature",
      "properties": {
        "@id": "node/8780798777",
        "amenity": "bicycle_parking",
        "bicycle_parking": "wall_loops",
        "capacity": "6",
        "covered": "no"
      },
      "geometry": {
        "type": "Point",
        "coordinates": [
          30.3467265,
          60.0838826
        ]
      },
      "id": "node/8780798777"
    },
    {
      "type": "Feature",
      "properties": {
        "@id": "node/8780802493",
        "amenity": "bicycle_parking",
        "bicycle_parking": "wall_loops",
        "capacity": "3",
        "covered": "no"
      },
      "geometry": {
        "type": "Point",
        "coordinates": [
          30.3472525,
          60.083943
        ]
      },
      "id": "node/8780802493"
    },
    {
      "type": "Feature",
      "properties": {
        "@id": "node/8780830068",
        "amenity": "bicycle_parking",
        "bicycle_parking": "wall_loops",
        "capacity": "3",
        "covered": "no"
      },
      "geometry": {
        "type": "Point",
        "coordinates": [
          30.3473766,
          60.0839593
        ]
      },
      "id": "node/8780830068"
    },
    {
      "type": "Feature",
      "properties": {
        "@id": "node/8780833006",
        "amenity": "bicycle_parking",
        "bicycle_parking": "wall_loops",
        "capacity": "3",
        "covered": "no"
      },
      "geometry": {
        "type": "Point",
        "coordinates": [
          30.3477144,
          60.0840023
        ]
      },
      "id": "node/8780833006"
    },
    {
      "type": "Feature",
      "properties": {
        "@id": "node/8783646361",
        "amenity": "bicycle_parking",
        "bicycle_parking": "wall_loops",
        "capacity": "9",
        "covered": "no"
      },
      "geometry": {
        "type": "Point",
        "coordinates": [
          30.2671003,
          59.9496505
        ]
      },
      "id": "node/8783646361"
    },
    {
      "type": "Feature",
      "properties": {
        "@id": "node/8787188584",
        "amenity": "bicycle_parking"
      },
      "geometry": {
        "type": "Point",
        "coordinates": [
          30.3387914,
          59.8466422
        ]
      },
      "id": "node/8787188584"
    },
    {
      "type": "Feature",
      "properties": {
        "@id": "node/8790234751",
        "amenity": "bicycle_parking",
        "bicycle_parking": "stands",
        "capacity": "3",
        "covered": "no"
      },
      "geometry": {
        "type": "Point",
        "coordinates": [
          30.3125863,
          59.8487535
        ]
      },
      "id": "node/8790234751"
    },
    {
      "type": "Feature",
      "properties": {
        "@id": "node/8790252626",
        "amenity": "bicycle_parking",
        "bicycle_parking": "wall_loops",
        "capacity": "7",
        "covered": "no"
      },
      "geometry": {
        "type": "Point",
        "coordinates": [
          30.3035751,
          59.8533652
        ]
      },
      "id": "node/8790252626"
    },
    {
      "type": "Feature",
      "properties": {
        "@id": "node/8790296169",
        "amenity": "bicycle_parking",
        "bicycle_parking": "wall_loops",
        "capacity": "3",
        "covered": "no"
      },
      "geometry": {
        "type": "Point",
        "coordinates": [
          30.2697671,
          59.8705282
        ]
      },
      "id": "node/8790296169"
    },
    {
      "type": "Feature",
      "properties": {
        "@id": "node/8804768214",
        "amenity": "bicycle_parking",
        "bicycle_parking": "wall_loops",
        "capacity": "6",
        "covered": "no"
      },
      "geometry": {
        "type": "Point",
        "coordinates": [
          30.3380613,
          59.8583946
        ]
      },
      "id": "node/8804768214"
    },
    {
      "type": "Feature",
      "properties": {
        "@id": "node/8804785566",
        "amenity": "bicycle_parking",
        "bicycle_parking": "stands",
        "capacity": "3",
        "covered": "yes"
      },
      "geometry": {
        "type": "Point",
        "coordinates": [
          30.3112137,
          59.8409477
        ]
      },
      "id": "node/8804785566"
    },
    {
      "type": "Feature",
      "properties": {
        "@id": "node/8804807811",
        "amenity": "bicycle_parking",
        "bicycle_parking": "stands",
        "capacity": "6",
        "covered": "no"
      },
      "geometry": {
        "type": "Point",
        "coordinates": [
          30.3305043,
          59.8464995
        ]
      },
      "id": "node/8804807811"
    },
    {
      "type": "Feature",
      "properties": {
        "@id": "node/8809231578",
        "amenity": "bicycle_parking",
        "bicycle_parking": "wall_loops",
        "capacity": "10",
        "covered": "no"
      },
      "geometry": {
        "type": "Point",
        "coordinates": [
          30.320856,
          59.8728157
        ]
      },
      "id": "node/8809231578"
    },
    {
      "type": "Feature",
      "properties": {
        "@id": "node/8809241067",
        "amenity": "bicycle_parking",
        "bicycle_parking": "wall_loops",
        "capacity": "6",
        "covered": "no"
      },
      "geometry": {
        "type": "Point",
        "coordinates": [
          30.3212342,
          59.8641501
        ]
      },
      "id": "node/8809241067"
    },
    {
      "type": "Feature",
      "properties": {
        "@id": "node/8809251545",
        "amenity": "bicycle_parking",
        "bicycle_parking": "stands",
        "capacity": "10",
        "covered": "no"
      },
      "geometry": {
        "type": "Point",
        "coordinates": [
          30.3209898,
          59.8716013
        ]
      },
      "id": "node/8809251545"
    },
    {
      "type": "Feature",
      "properties": {
        "@id": "node/8809256130",
        "amenity": "bicycle_parking",
        "bicycle_parking": "stands",
        "capacity": "3",
        "covered": "no"
      },
      "geometry": {
        "type": "Point",
        "coordinates": [
          30.321277,
          59.8633967
        ]
      },
      "id": "node/8809256130"
    },
    {
      "type": "Feature",
      "properties": {
        "@id": "node/8809270026",
        "amenity": "bicycle_parking",
        "bicycle_parking": "stands",
        "capacity": "6",
        "covered": "no"
      },
      "geometry": {
        "type": "Point",
        "coordinates": [
          30.3209175,
          59.8755559
        ]
      },
      "id": "node/8809270026"
    },
    {
      "type": "Feature",
      "properties": {
        "@id": "node/8809278772",
        "amenity": "bicycle_parking"
      },
      "geometry": {
        "type": "Point",
        "coordinates": [
          30.3290039,
          59.9202824
        ]
      },
      "id": "node/8809278772"
    },
    {
      "type": "Feature",
      "properties": {
        "@id": "node/8809286785",
        "amenity": "bicycle_parking",
        "bicycle_parking": "wall_loops",
        "capacity": "6",
        "covered": "no"
      },
      "geometry": {
        "type": "Point",
        "coordinates": [
          30.3212337,
          59.8642684
        ]
      },
      "id": "node/8809286785"
    },
    {
      "type": "Feature",
      "properties": {
        "@id": "node/8812022283",
        "amenity": "bicycle_parking",
        "bicycle_parking": "stands",
        "capacity": "6",
        "covered": "no"
      },
      "geometry": {
        "type": "Point",
        "coordinates": [
          30.309864,
          59.8411236
        ]
      },
      "id": "node/8812022283"
    },
    {
      "type": "Feature",
      "properties": {
        "@id": "node/8812022284",
        "amenity": "bicycle_parking",
        "bicycle_parking": "wall_loops",
        "capacity": "9",
        "covered": "no"
      },
      "geometry": {
        "type": "Point",
        "coordinates": [
          30.3135559,
          59.8478661
        ]
      },
      "id": "node/8812022284"
    },
    {
      "type": "Feature",
      "properties": {
        "@id": "node/8812036489",
        "amenity": "bicycle_parking",
        "bicycle_parking": "stands",
        "capacity": "3",
        "covered": "no"
      },
      "geometry": {
        "type": "Point",
        "coordinates": [
          30.3181061,
          59.8518732
        ]
      },
      "id": "node/8812036489"
    },
    {
      "type": "Feature",
      "properties": {
        "@id": "node/8815582463",
        "amenity": "bicycle_parking",
        "bicycle_parking": "stands",
        "capacity": "3",
        "covered": "no"
      },
      "geometry": {
        "type": "Point",
        "coordinates": [
          30.3381668,
          59.8626755
        ]
      },
      "id": "node/8815582463"
    },
    {
      "type": "Feature",
      "properties": {
        "@id": "node/8815663978",
        "amenity": "bicycle_parking",
        "bicycle_parking": "stands",
        "capacity": "3",
        "covered": "no"
      },
      "geometry": {
        "type": "Point",
        "coordinates": [
          30.338138,
          59.8625205
        ]
      },
      "id": "node/8815663978"
    },
    {
      "type": "Feature",
      "properties": {
        "@id": "node/8818549369",
        "amenity": "bicycle_parking",
        "bicycle_parking": "wall_loops",
        "capacity": "6",
        "covered": "no"
      },
      "geometry": {
        "type": "Point",
        "coordinates": [
          30.3104515,
          59.8523959
        ]
      },
      "id": "node/8818549369"
    },
    {
      "type": "Feature",
      "properties": {
        "@id": "node/8826101168",
        "amenity": "bicycle_parking",
        "bicycle_parking": "stands",
        "capacity": "5",
        "covered": "no"
      },
      "geometry": {
        "type": "Point",
        "coordinates": [
          30.3315102,
          59.8519306
        ]
      },
      "id": "node/8826101168"
    },
    {
      "type": "Feature",
      "properties": {
        "@id": "node/8826135714",
        "amenity": "bicycle_parking",
        "bicycle_parking": "stands",
        "capacity": "8",
        "covered": "yes"
      },
      "geometry": {
        "type": "Point",
        "coordinates": [
          30.3486945,
          59.8669628
        ]
      },
      "id": "node/8826135714"
    },
    {
      "type": "Feature",
      "properties": {
        "@id": "node/8826135925",
        "amenity": "bicycle_parking",
        "bicycle_parking": "wall_loops",
        "capacity": "5",
        "covered": "no"
      },
      "geometry": {
        "type": "Point",
        "coordinates": [
          30.3351959,
          59.8612658
        ]
      },
      "id": "node/8826135925"
    },
    {
      "type": "Feature",
      "properties": {
        "@id": "node/8826143907",
        "amenity": "bicycle_parking",
        "bicycle_parking": "stands",
        "capacity": "4",
        "covered": "no"
      },
      "geometry": {
        "type": "Point",
        "coordinates": [
          30.3349535,
          59.8632506
        ]
      },
      "id": "node/8826143907"
    },
    {
      "type": "Feature",
      "properties": {
        "@id": "node/8833205314",
        "amenity": "bicycle_parking"
      },
      "geometry": {
        "type": "Point",
        "coordinates": [
          30.353094,
          59.8542542
        ]
      },
      "id": "node/8833205314"
    },
    {
      "type": "Feature",
      "properties": {
        "@id": "node/8835960814",
        "amenity": "bicycle_parking",
        "bicycle_parking": "rack",
        "covered": "no"
      },
      "geometry": {
        "type": "Point",
        "coordinates": [
          30.2504881,
          59.9112224
        ]
      },
      "id": "node/8835960814"
    },
    {
      "type": "Feature",
      "properties": {
        "@id": "node/8836031442",
        "amenity": "bicycle_parking",
        "bicycle_parking": "rack",
        "covered": "no"
      },
      "geometry": {
        "type": "Point",
        "coordinates": [
          30.2497397,
          59.9114731
        ]
      },
      "id": "node/8836031442"
    },
    {
      "type": "Feature",
      "properties": {
        "@id": "node/8837073308",
        "amenity": "bicycle_parking",
        "bicycle_parking": "stands",
        "capacity": "3",
        "covered": "no"
      },
      "geometry": {
        "type": "Point",
        "coordinates": [
          30.3058426,
          59.8561706
        ]
      },
      "id": "node/8837073308"
    },
    {
      "type": "Feature",
      "properties": {
        "@id": "node/8837073309",
        "amenity": "bicycle_parking",
        "bicycle_parking": "wall_loops",
        "capacity": "7",
        "covered": "no"
      },
      "geometry": {
        "type": "Point",
        "coordinates": [
          30.3174896,
          59.8259473
        ]
      },
      "id": "node/8837073309"
    },
    {
      "type": "Feature",
      "properties": {
        "@id": "node/8837082878",
        "amenity": "bicycle_parking"
      },
      "geometry": {
        "type": "Point",
        "coordinates": [
          30.3171017,
          59.8289998
        ]
      },
      "id": "node/8837082878"
    },
    {
      "type": "Feature",
      "properties": {
        "@id": "node/8837099346",
        "amenity": "bicycle_parking",
        "bicycle_parking": "stands",
        "capacity": "3",
        "covered": "no"
      },
      "geometry": {
        "type": "Point",
        "coordinates": [
          30.3061888,
          59.8639914
        ]
      },
      "id": "node/8837099346"
    },
    {
      "type": "Feature",
      "properties": {
        "@id": "node/8837116194",
        "amenity": "bicycle_parking"
      },
      "geometry": {
        "type": "Point",
        "coordinates": [
          30.3094657,
          59.8347432
        ]
      },
      "id": "node/8837116194"
    },
    {
      "type": "Feature",
      "properties": {
        "@id": "node/8837120814",
        "amenity": "bicycle_parking"
      },
      "geometry": {
        "type": "Point",
        "coordinates": [
          30.3172393,
          59.8286574
        ]
      },
      "id": "node/8837120814"
    },
    {
      "type": "Feature",
      "properties": {
        "@id": "node/8837120948",
        "amenity": "bicycle_parking"
      },
      "geometry": {
        "type": "Point",
        "coordinates": [
          30.3090627,
          59.8347475
        ]
      },
      "id": "node/8837120948"
    },
    {
      "type": "Feature",
      "properties": {
        "@id": "node/8837121519",
        "amenity": "bicycle_parking"
      },
      "geometry": {
        "type": "Point",
        "coordinates": [
          30.3132093,
          59.8409385
        ]
      },
      "id": "node/8837121519"
    },
    {
      "type": "Feature",
      "properties": {
        "@id": "node/8837124369",
        "amenity": "bicycle_parking",
        "bicycle_parking": "stands",
        "capacity": "8",
        "covered": "yes"
      },
      "geometry": {
        "type": "Point",
        "coordinates": [
          30.3187279,
          59.8208679
        ]
      },
      "id": "node/8837124369"
    },
    {
      "type": "Feature",
      "properties": {
        "@id": "node/8837127337",
        "access": "yes",
        "amenity": "bicycle_parking",
        "bicycle_parking": "shed",
        "capacity": "24",
        "covered": "yes",
        "fee": "no"
      },
      "geometry": {
        "type": "Point",
        "coordinates": [
          30.3188137,
          59.818853
        ]
      },
      "id": "node/8837127337"
    },
    {
      "type": "Feature",
      "properties": {
        "@id": "node/8837130267",
        "amenity": "bicycle_parking"
      },
      "geometry": {
        "type": "Point",
        "coordinates": [
          30.3174175,
          59.8246592
        ]
      },
      "id": "node/8837130267"
    },
    {
      "type": "Feature",
      "properties": {
        "@id": "node/8841527810",
        "amenity": "bicycle_parking",
        "bicycle_parking": "rack",
        "covered": "no"
      },
      "geometry": {
        "type": "Point",
        "coordinates": [
          30.2577315,
          59.9111664
        ]
      },
      "id": "node/8841527810"
    },
    {
      "type": "Feature",
      "properties": {
        "@id": "node/8841527811",
        "amenity": "bicycle_parking",
        "bicycle_parking": "rack",
        "covered": "no"
      },
      "geometry": {
        "type": "Point",
        "coordinates": [
          30.2537443,
          59.9097875
        ]
      },
      "id": "node/8841527811"
    },
    {
      "type": "Feature",
      "properties": {
        "@id": "node/8841642073",
        "amenity": "bicycle_parking",
        "bicycle_parking": "rack",
        "capacity": "5",
        "covered": "no"
      },
      "geometry": {
        "type": "Point",
        "coordinates": [
          30.2898887,
          59.8752223
        ]
      },
      "id": "node/8841642073"
    },
    {
      "type": "Feature",
      "properties": {
        "@id": "node/8841977094",
        "amenity": "bicycle_parking",
        "bicycle_parking": "wall_loops",
        "covered": "no"
      },
      "geometry": {
        "type": "Point",
        "coordinates": [
          30.2574284,
          59.9107207
        ]
      },
      "id": "node/8841977094"
    },
    {
      "type": "Feature",
      "properties": {
        "@id": "node/8841977095",
        "amenity": "bicycle_parking",
        "bicycle_parking": "rack",
        "covered": "no"
      },
      "geometry": {
        "type": "Point",
        "coordinates": [
          30.2439335,
          59.9095391
        ]
      },
      "id": "node/8841977095"
    },
    {
      "type": "Feature",
      "properties": {
        "@id": "node/8844174955",
        "amenity": "bicycle_parking",
        "bicycle_parking": "rack",
        "capacity": "11",
        "covered": "no"
      },
      "geometry": {
        "type": "Point",
        "coordinates": [
          30.2737844,
          59.8813234
        ]
      },
      "id": "node/8844174955"
    },
    {
      "type": "Feature",
      "properties": {
        "@id": "node/8846466435",
        "amenity": "bicycle_parking",
        "bicycle_parking": "stands",
        "capacity": "5",
        "covered": "no"
      },
      "geometry": {
        "type": "Point",
        "coordinates": [
          30.3197611,
          59.872664
        ]
      },
      "id": "node/8846466435"
    },
    {
      "type": "Feature",
      "properties": {
        "@id": "node/8846468266",
        "amenity": "bicycle_parking",
        "bicycle_parking": "stands",
        "capacity": "6",
        "covered": "no"
      },
      "geometry": {
        "type": "Point",
        "coordinates": [
          30.3247564,
          59.8646158
        ]
      },
      "id": "node/8846468266"
    },
    {
      "type": "Feature",
      "properties": {
        "@id": "node/8846469017",
        "amenity": "bicycle_parking",
        "bicycle_parking": "stands",
        "capacity": "4",
        "covered": "no"
      },
      "geometry": {
        "type": "Point",
        "coordinates": [
          30.3138266,
          59.8723623
        ]
      },
      "id": "node/8846469017"
    },
    {
      "type": "Feature",
      "properties": {
        "@id": "node/8855106213",
        "amenity": "bicycle_parking",
        "bicycle_parking": "stands",
        "capacity": "3",
        "covered": "no"
      },
      "geometry": {
        "type": "Point",
        "coordinates": [
          30.3141127,
          59.8526919
        ]
      },
      "id": "node/8855106213"
    },
    {
      "type": "Feature",
      "properties": {
        "@id": "node/8855139794",
        "amenity": "bicycle_parking"
      },
      "geometry": {
        "type": "Point",
        "coordinates": [
          30.3307084,
          59.8389665
        ]
      },
      "id": "node/8855139794"
    },
    {
      "type": "Feature",
      "properties": {
        "@id": "node/8855150453",
        "amenity": "bicycle_parking"
      },
      "geometry": {
        "type": "Point",
        "coordinates": [
          30.316123,
          59.8885231
        ]
      },
      "id": "node/8855150453"
    },
    {
      "type": "Feature",
      "properties": {
        "@id": "node/8855151790",
        "amenity": "bicycle_parking"
      },
      "geometry": {
        "type": "Point",
        "coordinates": [
          30.3427931,
          59.8322059
        ]
      },
      "id": "node/8855151790"
    },
    {
      "type": "Feature",
      "properties": {
        "@id": "node/8855152008",
        "amenity": "bicycle_parking"
      },
      "geometry": {
        "type": "Point",
        "coordinates": [
          30.3380824,
          59.8207153
        ]
      },
      "id": "node/8855152008"
    },
    {
      "type": "Feature",
      "properties": {
        "@id": "node/8855153276",
        "amenity": "bicycle_parking"
      },
      "geometry": {
        "type": "Point",
        "coordinates": [
          30.3446064,
          59.8312266
        ]
      },
      "id": "node/8855153276"
    },
    {
      "type": "Feature",
      "properties": {
        "@id": "node/8855154766",
        "amenity": "bicycle_parking"
      },
      "geometry": {
        "type": "Point",
        "coordinates": [
          30.3263306,
          59.8412327
        ]
      },
      "id": "node/8855154766"
    },
    {
      "type": "Feature",
      "properties": {
        "@id": "node/8855161775",
        "amenity": "bicycle_parking",
        "bicycle_parking": "stands",
        "capacity": "3",
        "covered": "no"
      },
      "geometry": {
        "type": "Point",
        "coordinates": [
          30.307722,
          59.9114979
        ]
      },
      "id": "node/8855161775"
    },
    {
      "type": "Feature",
      "properties": {
        "@id": "node/8855162094",
        "amenity": "bicycle_parking"
      },
      "geometry": {
        "type": "Point",
        "coordinates": [
          30.3456311,
          59.8312797
        ]
      },
      "id": "node/8855162094"
    },
    {
      "type": "Feature",
      "properties": {
        "@id": "node/8855162241",
        "amenity": "bicycle_parking"
      },
      "geometry": {
        "type": "Point",
        "coordinates": [
          30.3262711,
          59.8412343
        ]
      },
      "id": "node/8855162241"
    },
    {
      "type": "Feature",
      "properties": {
        "@id": "node/8855166517",
        "amenity": "bicycle_parking"
      },
      "geometry": {
        "type": "Point",
        "coordinates": [
          30.3427834,
          59.8322119
        ]
      },
      "id": "node/8855166517"
    },
    {
      "type": "Feature",
      "properties": {
        "@id": "node/8858543358",
        "amenity": "bicycle_parking",
        "bicycle_parking": "wall_loops",
        "covered": "no"
      },
      "geometry": {
        "type": "Point",
        "coordinates": [
          30.3582486,
          59.8364807
        ]
      },
      "id": "node/8858543358"
    },
    {
      "type": "Feature",
      "properties": {
        "@id": "node/8858573806",
        "amenity": "bicycle_parking",
        "covered": "no"
      },
      "geometry": {
        "type": "Point",
        "coordinates": [
          30.358117,
          59.8366753
        ]
      },
      "id": "node/8858573806"
    },
    {
      "type": "Feature",
      "properties": {
        "@id": "node/8864282282",
        "amenity": "bicycle_parking"
      },
      "geometry": {
        "type": "Point",
        "coordinates": [
          30.3395879,
          59.8406688
        ]
      },
      "id": "node/8864282282"
    },
    {
      "type": "Feature",
      "properties": {
        "@id": "node/8864285054",
        "amenity": "bicycle_parking"
      },
      "geometry": {
        "type": "Point",
        "coordinates": [
          30.3620911,
          59.8322095
        ]
      },
      "id": "node/8864285054"
    },
    {
      "type": "Feature",
      "properties": {
        "@id": "node/8864288326",
        "amenity": "bicycle_parking"
      },
      "geometry": {
        "type": "Point",
        "coordinates": [
          30.3643546,
          59.8321764
        ]
      },
      "id": "node/8864288326"
    },
    {
      "type": "Feature",
      "properties": {
        "@id": "node/8865527995",
        "amenity": "bicycle_parking",
        "bicycle_parking": "rack",
        "capacity": "7",
        "covered": "no"
      },
      "geometry": {
        "type": "Point",
        "coordinates": [
          30.3120156,
          59.875952
        ]
      },
      "id": "node/8865527995"
    },
    {
      "type": "Feature",
      "properties": {
        "@id": "node/8870258986",
        "amenity": "bicycle_parking",
        "bicycle_parking": "stands",
        "capacity": "8",
        "covered": "no"
      },
      "geometry": {
        "type": "Point",
        "coordinates": [
          30.3870891,
          59.8289884
        ]
      },
      "id": "node/8870258986"
    },
    {
      "type": "Feature",
      "properties": {
        "@id": "node/8870290979",
        "amenity": "bicycle_parking"
      },
      "geometry": {
        "type": "Point",
        "coordinates": [
          30.3821226,
          59.8300283
        ]
      },
      "id": "node/8870290979"
    },
    {
      "type": "Feature",
      "properties": {
        "@id": "node/8870294420",
        "amenity": "bicycle_parking"
      },
      "geometry": {
        "type": "Point",
        "coordinates": [
          30.345112,
          59.8323434
        ]
      },
      "id": "node/8870294420"
    },
    {
      "type": "Feature",
      "properties": {
        "@id": "node/8870303855",
        "amenity": "bicycle_parking"
      },
      "geometry": {
        "type": "Point",
        "coordinates": [
          30.3256962,
          59.832228
        ]
      },
      "id": "node/8870303855"
    },
    {
      "type": "Feature",
      "properties": {
        "@id": "node/8870306459",
        "amenity": "bicycle_parking"
      },
      "geometry": {
        "type": "Point",
        "coordinates": [
          30.344932,
          59.8321992
        ]
      },
      "id": "node/8870306459"
    },
    {
      "type": "Feature",
      "properties": {
        "@id": "node/8870308276",
        "amenity": "bicycle_parking"
      },
      "geometry": {
        "type": "Point",
        "coordinates": [
          30.327293,
          59.8322365
        ]
      },
      "id": "node/8870308276"
    },
    {
      "type": "Feature",
      "properties": {
        "@id": "node/8874628108",
        "amenity": "bicycle_parking",
        "bicycle_parking": "rack"
      },
      "geometry": {
        "type": "Point",
        "coordinates": [
          30.307998,
          59.8759783
        ]
      },
      "id": "node/8874628108"
    },
    {
      "type": "Feature",
      "properties": {
        "@id": "node/8882717394",
        "amenity": "bicycle_parking",
        "bicycle_parking": "wall_loops",
        "covered": "no"
      },
      "geometry": {
        "type": "Point",
        "coordinates": [
          30.2673735,
          59.8982301
        ]
      },
      "id": "node/8882717394"
    },
    {
      "type": "Feature",
      "properties": {
        "@id": "node/8893047526",
        "amenity": "bicycle_parking",
        "bicycle_parking": "rack",
        "covered": "no"
      },
      "geometry": {
        "type": "Point",
        "coordinates": [
          30.3580828,
          59.876629
        ]
      },
      "id": "node/8893047526"
    },
    {
      "type": "Feature",
      "properties": {
        "@id": "node/8893047527",
        "access": "yes",
        "amenity": "bicycle_parking",
        "bicycle_parking": "wall_loops",
        "capacity": "10",
        "covered": "no",
        "fee": "no"
      },
      "geometry": {
        "type": "Point",
        "coordinates": [
          30.3617108,
          59.8759153
        ]
      },
      "id": "node/8893047527"
    },
    {
      "type": "Feature",
      "properties": {
        "@id": "node/8898202879",
        "amenity": "bicycle_parking",
        "bicycle_parking": "stands",
        "capacity": "8",
        "covered": "no"
      },
      "geometry": {
        "type": "Point",
        "coordinates": [
          30.1767273,
          59.8494182
        ]
      },
      "id": "node/8898202879"
    },
    {
      "type": "Feature",
      "properties": {
        "@id": "node/8900533470",
        "amenity": "bicycle_parking",
        "bicycle_parking": "rack",
        "covered": "no"
      },
      "geometry": {
        "type": "Point",
        "coordinates": [
          30.2609996,
          59.8971331
        ]
      },
      "id": "node/8900533470"
    },
    {
      "type": "Feature",
      "properties": {
        "@id": "node/8900552530",
        "amenity": "bicycle_parking",
        "bicycle_parking": "rack",
        "covered": "no"
      },
      "geometry": {
        "type": "Point",
        "coordinates": [
          30.2699132,
          59.898735
        ]
      },
      "id": "node/8900552530"
    },
    {
      "type": "Feature",
      "properties": {
        "@id": "node/8914723206",
        "amenity": "bicycle_parking",
        "bicycle_parking": "stands",
        "capacity": "3",
        "covered": "yes"
      },
      "geometry": {
        "type": "Point",
        "coordinates": [
          30.322455,
          59.844978
        ]
      },
      "id": "node/8914723206"
    },
    {
      "type": "Feature",
      "properties": {
        "@id": "node/8914735530",
        "amenity": "bicycle_parking",
        "bicycle_parking": "stands",
        "capacity": "3",
        "covered": "no"
      },
      "geometry": {
        "type": "Point",
        "coordinates": [
          30.3383162,
          59.8594693
        ]
      },
      "id": "node/8914735530"
    },
    {
      "type": "Feature",
      "properties": {
        "@id": "node/8914735801",
        "amenity": "bicycle_parking",
        "bicycle_parking": "stands",
        "capacity": "5",
        "covered": "no"
      },
      "geometry": {
        "type": "Point",
        "coordinates": [
          30.3223589,
          59.8448863
        ]
      },
      "id": "node/8914735801"
    },
    {
      "type": "Feature",
      "properties": {
        "@id": "node/8934064830",
        "access": "yes",
        "amenity": "bicycle_parking",
        "bicycle_parking": "rack",
        "capacity": "4",
        "fee": "no",
        "opening_hours": "24/7"
      },
      "geometry": {
        "type": "Point",
        "coordinates": [
          30.4430629,
          60.0587826
        ]
      },
      "id": "node/8934064830"
    },
    {
      "type": "Feature",
      "properties": {
        "@id": "node/8935512944",
        "amenity": "bicycle_parking",
        "capacity": "7"
      },
      "geometry": {
        "type": "Point",
        "coordinates": [
          30.3556886,
          59.984092
        ]
      },
      "id": "node/8935512944"
    },
    {
      "type": "Feature",
      "properties": {
        "@id": "node/8935512945",
        "amenity": "bicycle_parking",
        "capacity": "7"
      },
      "geometry": {
        "type": "Point",
        "coordinates": [
          30.3562854,
          59.9841511
        ]
      },
      "id": "node/8935512945"
    },
    {
      "type": "Feature",
      "properties": {
        "@id": "node/8935512948",
        "amenity": "bicycle_parking"
      },
      "geometry": {
        "type": "Point",
        "coordinates": [
          30.3567669,
          59.9831407
        ]
      },
      "id": "node/8935512948"
    },
    {
      "type": "Feature",
      "properties": {
        "@id": "node/8935512974",
        "amenity": "bicycle_parking"
      },
      "geometry": {
        "type": "Point",
        "coordinates": [
          30.356217,
          59.9833715
        ]
      },
      "id": "node/8935512974"
    },
    {
      "type": "Feature",
      "properties": {
        "@id": "node/8939828095",
        "amenity": "bicycle_parking",
        "bicycle_parking": "wall_loops",
        "covered": "no"
      },
      "geometry": {
        "type": "Point",
        "coordinates": [
          30.3197682,
          59.8722197
        ]
      },
      "id": "node/8939828095"
    },
    {
      "type": "Feature",
      "properties": {
        "@id": "node/8939870255",
        "amenity": "bicycle_parking"
      },
      "geometry": {
        "type": "Point",
        "coordinates": [
          30.3171049,
          59.8487485
        ]
      },
      "id": "node/8939870255"
    },
    {
      "type": "Feature",
      "properties": {
        "@id": "node/8939873755",
        "amenity": "bicycle_parking",
        "bicycle_parking": "stands",
        "capacity": "5",
        "covered": "no"
      },
      "geometry": {
        "type": "Point",
        "coordinates": [
          30.315413,
          59.8662619
        ]
      },
      "id": "node/8939873755"
    },
    {
      "type": "Feature",
      "properties": {
        "@id": "node/8946960232",
        "amenity": "bicycle_parking",
        "bicycle_parking": "stands",
        "capacity": "6",
        "covered": "yes"
      },
      "geometry": {
        "type": "Point",
        "coordinates": [
          30.3362726,
          59.8641892
        ]
      },
      "id": "node/8946960232"
    },
    {
      "type": "Feature",
      "properties": {
        "@id": "node/8952063265",
        "amenity": "bicycle_parking"
      },
      "geometry": {
        "type": "Point",
        "coordinates": [
          30.3435539,
          59.9950138
        ]
      },
      "id": "node/8952063265"
    },
    {
      "type": "Feature",
      "properties": {
        "@id": "node/8952590567",
        "amenity": "bicycle_parking",
        "bicycle_parking": "wall_loops",
        "covered": "no"
      },
      "geometry": {
        "type": "Point",
        "coordinates": [
          30.3304503,
          59.8625738
        ]
      },
      "id": "node/8952590567"
    },
    {
      "type": "Feature",
      "properties": {
        "@id": "node/8952590629",
        "amenity": "bicycle_parking",
        "bicycle_parking": "wall_loops",
        "covered": "no"
      },
      "geometry": {
        "type": "Point",
        "coordinates": [
          30.3304587,
          59.8625044
        ]
      },
      "id": "node/8952590629"
    },
    {
      "type": "Feature",
      "properties": {
        "@id": "node/8959215548",
        "access": "yes",
        "amenity": "bicycle_parking",
        "bicycle_parking": "stands",
        "covered": "yes",
        "fee": "no"
      },
      "geometry": {
        "type": "Point",
        "coordinates": [
          30.5020227,
          59.8722471
        ]
      },
      "id": "node/8959215548"
    },
    {
      "type": "Feature",
      "properties": {
        "@id": "node/8959215549",
        "access": "yes",
        "amenity": "bicycle_parking",
        "bicycle_parking": "stands",
        "covered": "yes",
        "fee": "no"
      },
      "geometry": {
        "type": "Point",
        "coordinates": [
          30.5020879,
          59.8722151
        ]
      },
      "id": "node/8959215549"
    },
    {
      "type": "Feature",
      "properties": {
        "@id": "node/8990608265",
        "amenity": "bicycle_parking"
      },
      "geometry": {
        "type": "Point",
        "coordinates": [
          30.3253258,
          59.8513558
        ]
      },
      "id": "node/8990608265"
    },
    {
      "type": "Feature",
      "properties": {
        "@id": "node/8990623375",
        "amenity": "bicycle_parking",
        "bicycle_parking": "wall_loops",
        "covered": "no"
      },
      "geometry": {
        "type": "Point",
        "coordinates": [
          30.2732707,
          59.9003836
        ]
      },
      "id": "node/8990623375"
    },
    {
      "type": "Feature",
      "properties": {
        "@id": "node/8990637031",
        "amenity": "bicycle_parking",
        "bicycle_parking": "stands",
        "capacity": "3",
        "covered": "no"
      },
      "geometry": {
        "type": "Point",
        "coordinates": [
          30.3203527,
          59.8852585
        ]
      },
      "id": "node/8990637031"
    },
    {
      "type": "Feature",
      "properties": {
        "@id": "node/8990639737",
        "amenity": "bicycle_parking",
        "covered": "no"
      },
      "geometry": {
        "type": "Point",
        "coordinates": [
          30.3218354,
          59.8840986
        ]
      },
      "id": "node/8990639737"
    },
    {
      "type": "Feature",
      "properties": {
        "@id": "node/8990640445",
        "amenity": "bicycle_parking",
        "bicycle_parking": "wall_loops",
        "capacity": "6",
        "covered": "no"
      },
      "geometry": {
        "type": "Point",
        "coordinates": [
          30.2738096,
          59.8998048
        ]
      },
      "id": "node/8990640445"
    },
    {
      "type": "Feature",
      "properties": {
        "@id": "node/9009589504",
        "amenity": "bicycle_parking",
        "bicycle_parking": "rack",
        "covered": "no"
      },
      "geometry": {
        "type": "Point",
        "coordinates": [
          30.3662049,
          59.8751366
        ]
      },
      "id": "node/9009589504"
    },
    {
      "type": "Feature",
      "properties": {
        "@id": "node/9009589505",
        "amenity": "bicycle_parking",
        "bicycle_parking": "wall_loops",
        "capacity": "10",
        "colour": "black",
        "covered": "no",
        "fee": "no",
        "source": "survey"
      },
      "geometry": {
        "type": "Point",
        "coordinates": [
          30.3711673,
          59.877073
        ]
      },
      "id": "node/9009589505"
    },
    {
      "type": "Feature",
      "properties": {
        "@id": "node/9016104741",
        "amenity": "bicycle_parking"
      },
      "geometry": {
        "type": "Point",
        "coordinates": [
          30.3179137,
          59.8919859
        ]
      },
      "id": "node/9016104741"
    },
    {
      "type": "Feature",
      "properties": {
        "@id": "node/9016875157",
        "amenity": "bicycle_parking",
        "bicycle_parking": "rack"
      },
      "geometry": {
        "type": "Point",
        "coordinates": [
          30.3001126,
          59.8718165
        ]
      },
      "id": "node/9016875157"
    },
    {
      "type": "Feature",
      "properties": {
        "@id": "node/9016875158",
        "amenity": "bicycle_parking",
        "bicycle_parking": "rack"
      },
      "geometry": {
        "type": "Point",
        "coordinates": [
          30.3088629,
          59.8718276
        ]
      },
      "id": "node/9016875158"
    },
    {
      "type": "Feature",
      "properties": {
        "@id": "node/9018441806",
        "amenity": "bicycle_parking",
        "bicycle_parking": "rack",
        "capacity": "10",
        "covered": "no",
        "fee": "no"
      },
      "geometry": {
        "type": "Point",
        "coordinates": [
          30.5140091,
          59.9092294
        ]
      },
      "id": "node/9018441806"
    },
    {
      "type": "Feature",
      "properties": {
        "@id": "node/9018478067",
        "amenity": "bicycle_parking",
        "bicycle_parking": "rack",
        "capacity": "6",
        "covered": "no",
        "fee": "no"
      },
      "geometry": {
        "type": "Point",
        "coordinates": [
          30.5224234,
          59.9169009
        ]
      },
      "id": "node/9018478067"
    },
    {
      "type": "Feature",
      "properties": {
        "@id": "node/9018478068",
        "amenity": "bicycle_parking",
        "bicycle_parking": "rack",
        "capacity": "6",
        "covered": "no",
        "fee": "no"
      },
      "geometry": {
        "type": "Point",
        "coordinates": [
          30.5222359,
          59.9168687
        ]
      },
      "id": "node/9018478068"
    },
    {
      "type": "Feature",
      "properties": {
        "@id": "node/9018489586",
        "amenity": "bicycle_parking",
        "bicycle_parking": "rack",
        "capacity": "7",
        "covered": "no",
        "fee": "no"
      },
      "geometry": {
        "type": "Point",
        "coordinates": [
          30.4824646,
          59.9008827
        ]
      },
      "id": "node/9018489586"
    },
    {
      "type": "Feature",
      "properties": {
        "@id": "node/9019484722",
        "amenity": "bicycle_parking",
        "bicycle_parking": "wall_loops",
        "capacity": "9",
        "covered": "no"
      },
      "geometry": {
        "type": "Point",
        "coordinates": [
          30.2582294,
          59.8964992
        ]
      },
      "id": "node/9019484722"
    },
    {
      "type": "Feature",
      "properties": {
        "@id": "node/9032144129",
        "access": "yes",
        "amenity": "bicycle_parking",
        "bicycle_parking": "rack",
        "capacity": "12",
        "covered": "no",
        "fee": "no"
      },
      "geometry": {
        "type": "Point",
        "coordinates": [
          30.3799298,
          59.8704142
        ]
      },
      "id": "node/9032144129"
    },
    {
      "type": "Feature",
      "properties": {
        "@id": "node/9032144130",
        "amenity": "bicycle_parking",
        "bicycle_parking": "rack",
        "capacity": "11",
        "covered": "no"
      },
      "geometry": {
        "type": "Point",
        "coordinates": [
          30.3785366,
          59.8702226
        ]
      },
      "id": "node/9032144130"
    },
    {
      "type": "Feature",
      "properties": {
        "@id": "node/9060331856",
        "amenity": "bicycle_parking",
        "bicycle_parking": "wall_loops"
      },
      "geometry": {
        "type": "Point",
        "coordinates": [
          30.2502118,
          59.9104054
        ]
      },
      "id": "node/9060331856"
    },
    {
      "type": "Feature",
      "properties": {
        "@id": "node/9074161279",
        "amenity": "bicycle_parking",
        "bicycle_parking": "wall_loops",
        "capacity": "10",
        "covered": "no"
      },
      "geometry": {
        "type": "Point",
        "coordinates": [
          30.2498594,
          59.8384172
        ]
      },
      "id": "node/9074161279"
    },
    {
      "type": "Feature",
      "properties": {
        "@id": "node/9085699705",
        "amenity": "bicycle_parking",
        "bicycle_parking": "wall_loops",
        "covered": "no"
      },
      "geometry": {
        "type": "Point",
        "coordinates": [
          30.3662821,
          59.8884637
        ]
      },
      "id": "node/9085699705"
    },
    {
      "type": "Feature",
      "properties": {
        "@id": "node/9085699706",
        "amenity": "bicycle_parking",
        "bicycle_parking": "wall_loops"
      },
      "geometry": {
        "type": "Point",
        "coordinates": [
          30.3647049,
          59.8888087
        ]
      },
      "id": "node/9085699706"
    },
    {
      "type": "Feature",
      "properties": {
        "@id": "node/9085699707",
        "amenity": "bicycle_parking",
        "bicycle_parking": "wall_loops",
        "covered": "no"
      },
      "geometry": {
        "type": "Point",
        "coordinates": [
          30.3657245,
          59.8860837
        ]
      },
      "id": "node/9085699707"
    },
    {
      "type": "Feature",
      "properties": {
        "@id": "node/9091718214",
        "access": "yes",
        "amenity": "bicycle_parking",
        "bicycle_parking": "stands",
        "fee": "no"
      },
      "geometry": {
        "type": "Point",
        "coordinates": [
          30.1942946,
          59.9411607
        ]
      },
      "id": "node/9091718214"
    },
    {
      "type": "Feature",
      "properties": {
        "@id": "node/9115432669",
        "amenity": "bicycle_parking"
      },
      "geometry": {
        "type": "Point",
        "coordinates": [
          30.231483,
          59.9381474
        ]
      },
      "id": "node/9115432669"
    },
    {
      "type": "Feature",
      "properties": {
        "@id": "node/9119854484",
        "amenity": "bicycle_parking",
        "bicycle_parking": "wave",
        "covered": "no"
      },
      "geometry": {
        "type": "Point",
        "coordinates": [
          30.3186802,
          59.9680906
        ]
      },
      "id": "node/9119854484"
    },
    {
      "type": "Feature",
      "properties": {
        "@id": "node/9120008946",
        "amenity": "bicycle_parking"
      },
      "geometry": {
        "type": "Point",
        "coordinates": [
          30.3380719,
          59.9659539
        ]
      },
      "id": "node/9120008946"
    },
    {
      "type": "Feature",
      "properties": {
        "@id": "node/9120079843",
        "amenity": "bicycle_parking"
      },
      "geometry": {
        "type": "Point",
        "coordinates": [
          30.3381258,
          59.966103
        ]
      },
      "id": "node/9120079843"
    },
    {
      "type": "Feature",
      "properties": {
        "@id": "node/9121275182",
        "amenity": "bicycle_parking",
        "bicycle_parking": "stands"
      },
      "geometry": {
        "type": "Point",
        "coordinates": [
          30.4199041,
          59.9406316
        ]
      },
      "id": "node/9121275182"
    },
    {
      "type": "Feature",
      "properties": {
        "@id": "node/9121275183",
        "amenity": "bicycle_parking"
      },
      "geometry": {
        "type": "Point",
        "coordinates": [
          30.4198568,
          59.9407761
        ]
      },
      "id": "node/9121275183"
    },
    {
      "type": "Feature",
      "properties": {
        "@id": "node/9121275206",
        "access": "yes",
        "amenity": "bicycle_parking",
        "bicycle_parking": "stands",
        "capacity": "10",
        "covered": "no",
        "fee": "no"
      },
      "geometry": {
        "type": "Point",
        "coordinates": [
          30.4167767,
          59.9392797
        ]
      },
      "id": "node/9121275206"
    },
    {
      "type": "Feature",
      "properties": {
        "@id": "node/9121312768",
        "amenity": "bicycle_parking"
      },
      "geometry": {
        "type": "Point",
        "coordinates": [
          30.418927,
          59.9396443
        ]
      },
      "id": "node/9121312768"
    },
    {
      "type": "Feature",
      "properties": {
        "@id": "node/9128948061",
        "amenity": "bicycle_parking"
      },
      "geometry": {
        "type": "Point",
        "coordinates": [
          30.4849712,
          59.9577951
        ]
      },
      "id": "node/9128948061"
    },
    {
      "type": "Feature",
      "properties": {
        "@id": "node/9130579708",
        "amenity": "bicycle_parking"
      },
      "geometry": {
        "type": "Point",
        "coordinates": [
          30.2695085,
          59.9702288
        ]
      },
      "id": "node/9130579708"
    },
    {
      "type": "Feature",
      "properties": {
        "@id": "node/9141675546",
        "amenity": "bicycle_parking"
      },
      "geometry": {
        "type": "Point",
        "coordinates": [
          30.267833,
          59.9696917
        ]
      },
      "id": "node/9141675546"
    },
    {
      "type": "Feature",
      "properties": {
        "@id": "node/9142496367",
        "amenity": "bicycle_parking",
        "bicycle_parking": "stands",
        "capacity": "10",
        "covered": "yes"
      },
      "geometry": {
        "type": "Point",
        "coordinates": [
          30.2591586,
          60.0087927
        ]
      },
      "id": "node/9142496367"
    },
    {
      "type": "Feature",
      "properties": {
        "@id": "node/9142517878",
        "amenity": "bicycle_parking"
      },
      "geometry": {
        "type": "Point",
        "coordinates": [
          30.3221761,
          59.8495166
        ]
      },
      "id": "node/9142517878"
    },
    {
      "type": "Feature",
      "properties": {
        "@id": "node/9142529080",
        "amenity": "bicycle_parking",
        "bicycle_parking": "stands",
        "capacity": "8",
        "covered": "no"
      },
      "geometry": {
        "type": "Point",
        "coordinates": [
          30.2486483,
          60.0321427
        ]
      },
      "id": "node/9142529080"
    },
    {
      "type": "Feature",
      "properties": {
        "@id": "node/9142529135",
        "amenity": "bicycle_parking",
        "bicycle_parking": "stands",
        "capacity": "10",
        "covered": "yes"
      },
      "geometry": {
        "type": "Point",
        "coordinates": [
          30.2592589,
          60.0087105
        ]
      },
      "id": "node/9142529135"
    },
    {
      "type": "Feature",
      "properties": {
        "@id": "node/9156255404",
        "access": "yes",
        "amenity": "bicycle_parking",
        "bicycle_parking": "stands",
        "covered": "no",
        "fee": "no"
      },
      "geometry": {
        "type": "Point",
        "coordinates": [
          30.1932041,
          59.941598
        ]
      },
      "id": "node/9156255404"
    },
    {
      "type": "Feature",
      "properties": {
        "@id": "node/9156255405",
        "access": "yes",
        "amenity": "bicycle_parking",
        "bicycle_parking": "stands",
        "covered": "no",
        "fee": "no"
      },
      "geometry": {
        "type": "Point",
        "coordinates": [
          30.1927206,
          59.9417831
        ]
      },
      "id": "node/9156255405"
    },
    {
      "type": "Feature",
      "properties": {
        "@id": "node/9165199684",
        "access": "private",
        "amenity": "bicycle_parking",
        "covered": "yes"
      },
      "geometry": {
        "type": "Point",
        "coordinates": [
          30.3738955,
          59.9983276
        ]
      },
      "id": "node/9165199684"
    },
    {
      "type": "Feature",
      "properties": {
        "@id": "node/9165222567",
        "access": "yes",
        "amenity": "bicycle_parking",
        "covered": "no"
      },
      "geometry": {
        "type": "Point",
        "coordinates": [
          30.3811786,
          60.0057544
        ]
      },
      "id": "node/9165222567"
    },
    {
      "type": "Feature",
      "properties": {
        "@id": "node/9165359274",
        "access": "private",
        "amenity": "bicycle_parking",
        "covered": "yes"
      },
      "geometry": {
        "type": "Point",
        "coordinates": [
          30.3738243,
          59.9983404
        ]
      },
      "id": "node/9165359274"
    },
    {
      "type": "Feature",
      "properties": {
        "@id": "node/9165842676",
        "access": "yes",
        "amenity": "bicycle_parking",
        "bicycle_parking": "stands",
        "covered": "no",
        "fee": "no"
      },
      "geometry": {
        "type": "Point",
        "coordinates": [
          30.1958096,
          59.9412861
        ]
      },
      "id": "node/9165842676"
    },
    {
      "type": "Feature",
      "properties": {
        "@id": "node/9165842677",
        "access": "yes",
        "amenity": "bicycle_parking",
        "bicycle_parking": "stands",
        "fee": "no"
      },
      "geometry": {
        "type": "Point",
        "coordinates": [
          30.1937524,
          59.9411141
        ]
      },
      "id": "node/9165842677"
    },
    {
      "type": "Feature",
      "properties": {
        "@id": "node/9201218812",
        "amenity": "bicycle_parking",
        "covered": "yes"
      },
      "geometry": {
        "type": "Point",
        "coordinates": [
          30.3419295,
          59.9696031
        ]
      },
      "id": "node/9201218812"
    },
    {
      "type": "Feature",
      "properties": {
        "@id": "node/9203249287",
        "amenity": "bicycle_parking"
      },
      "geometry": {
        "type": "Point",
        "coordinates": [
          30.2473441,
          60.0171684
        ]
      },
      "id": "node/9203249287"
    },
    {
      "type": "Feature",
      "properties": {
        "@id": "node/9203250807",
        "amenity": "bicycle_parking"
      },
      "geometry": {
        "type": "Point",
        "coordinates": [
          30.2401617,
          60.0389816
        ]
      },
      "id": "node/9203250807"
    },
    {
      "type": "Feature",
      "properties": {
        "@id": "node/9220510389",
        "amenity": "bicycle_parking"
      },
      "geometry": {
        "type": "Point",
        "coordinates": [
          30.2713784,
          59.9725943
        ]
      },
      "id": "node/9220510389"
    },
    {
      "type": "Feature",
      "properties": {
        "@id": "node/9228446793",
        "amenity": "bicycle_parking"
      },
      "geometry": {
        "type": "Point",
        "coordinates": [
          30.2273648,
          60.0035597
        ]
      },
      "id": "node/9228446793"
    },
    {
      "type": "Feature",
      "properties": {
        "@id": "node/9228469668",
        "amenity": "bicycle_parking",
        "bicycle_parking": "stands",
        "capacity": "5",
        "covered": "no"
      },
      "geometry": {
        "type": "Point",
        "coordinates": [
          30.2514577,
          60.0227311
        ]
      },
      "id": "node/9228469668"
    },
    {
      "type": "Feature",
      "properties": {
        "@id": "node/9228469767",
        "amenity": "bicycle_parking",
        "bicycle_parking": "stands",
        "capacity": "3",
        "covered": "no"
      },
      "geometry": {
        "type": "Point",
        "coordinates": [
          30.2514705,
          60.0226605
        ]
      },
      "id": "node/9228469767"
    },
    {
      "type": "Feature",
      "properties": {
        "@id": "node/9228479565",
        "amenity": "bicycle_parking"
      },
      "geometry": {
        "type": "Point",
        "coordinates": [
          30.2277365,
          60.0036853
        ]
      },
      "id": "node/9228479565"
    },
    {
      "type": "Feature",
      "properties": {
        "@id": "node/9239862532",
        "access": "yes",
        "amenity": "bicycle_parking",
        "bicycle_parking": "wall_loops",
        "capacity": "5"
      },
      "geometry": {
        "type": "Point",
        "coordinates": [
          30.2108859,
          60.0005711
        ]
      },
      "id": "node/9239862532"
    },
    {
      "type": "Feature",
      "properties": {
        "@id": "node/9239862533",
        "access": "yes",
        "amenity": "bicycle_parking",
        "bicycle_parking": "wall_loops",
        "capacity": "5"
      },
      "geometry": {
        "type": "Point",
        "coordinates": [
          30.2107441,
          60.0002924
        ]
      },
      "id": "node/9239862533"
    },
    {
      "type": "Feature",
      "properties": {
        "@id": "node/9239862566",
        "access": "yes",
        "addr:floor": "G",
        "amenity": "bicycle_parking",
        "bicycle_parking": "wall_loops",
        "bike_ride": "no",
        "capacity": "6",
        "colour": "black",
        "covered": "no",
        "fee": "no",
        "indoor": "no",
        "level": "0",
        "lit": "no",
        "source": "survey"
      },
      "geometry": {
        "type": "Point",
        "coordinates": [
          30.1993978,
          59.9991631
        ]
      },
      "id": "node/9239862566"
    },
    {
      "type": "Feature",
      "properties": {
        "@id": "node/9364088607",
        "amenity": "bicycle_parking"
      },
      "geometry": {
        "type": "Point",
        "coordinates": [
          30.219942,
          59.9860315
        ]
      },
      "id": "node/9364088607"
    },
    {
      "type": "Feature",
      "properties": {
        "@id": "node/9364091615",
        "access": "yes",
        "amenity": "bicycle_parking",
        "bicycle_parking": "wall_loops",
        "covered": "yes"
      },
      "geometry": {
        "type": "Point",
        "coordinates": [
          30.2030965,
          59.9859861
        ]
      },
      "id": "node/9364091615"
    },
    {
      "type": "Feature",
      "properties": {
        "@id": "node/9364904657",
        "amenity": "bicycle_parking"
      },
      "geometry": {
        "type": "Point",
        "coordinates": [
          30.1507256,
          59.9935094
        ]
      },
      "id": "node/9364904657"
    },
    {
      "type": "Feature",
      "properties": {
        "@id": "node/9434749149",
        "access": "yes",
        "amenity": "bicycle_parking",
        "bicycle_parking": "rack",
        "capacity": "6",
        "covered": "yes",
        "fee": "no",
        "opening_hours": "24/7"
      },
      "geometry": {
        "type": "Point",
        "coordinates": [
          30.4587062,
          59.9475129
        ]
      },
      "id": "node/9434749149"
    },
    {
      "type": "Feature",
      "properties": {
        "@id": "node/9638855918",
        "amenity": "bicycle_parking",
        "check_date": "2022-04-04"
      },
      "geometry": {
        "type": "Point",
        "coordinates": [
          30.3107179,
          59.9580374
        ]
      },
      "id": "node/9638855918"
    },
    {
      "type": "Feature",
      "properties": {
        "@id": "node/9662465118",
        "amenity": "bicycle_parking",
        "bicycle_parking": "stands",
        "capacity": "10",
        "covered": "no"
      },
      "geometry": {
        "type": "Point",
        "coordinates": [
          30.459864,
          59.8972082
        ]
      },
      "id": "node/9662465118"
    },
    {
      "type": "Feature",
      "properties": {
        "@id": "node/9662472736",
        "amenity": "bicycle_parking",
        "bicycle_parking": "stands",
        "capacity": "10",
        "covered": "no"
      },
      "geometry": {
        "type": "Point",
        "coordinates": [
          30.4599504,
          59.8970578
        ]
      },
      "id": "node/9662472736"
    },
    {
      "type": "Feature",
      "properties": {
        "@id": "node/9663398920",
        "amenity": "bicycle_parking"
      },
      "geometry": {
        "type": "Point",
        "coordinates": [
          30.2949416,
          60.0008349
        ]
      },
      "id": "node/9663398920"
    },
    {
      "type": "Feature",
      "properties": {
        "@id": "node/9695531783",
        "access": "yes",
        "amenity": "bicycle_parking",
        "bicycle_parking": "rack",
        "capacity": "42",
        "covered": "yes",
        "fee": "no",
        "opening_hours": "24/7"
      },
      "geometry": {
        "type": "Point",
        "coordinates": [
          30.4027618,
          59.9614263
        ]
      },
      "id": "node/9695531783"
    },
    {
      "type": "Feature",
      "properties": {
        "@id": "node/9695531790",
        "amenity": "bicycle_parking",
        "bicycle_parking": "wall_loops",
        "covered": "no"
      },
      "geometry": {
        "type": "Point",
        "coordinates": [
          30.413883,
          59.9595105
        ]
      },
      "id": "node/9695531790"
    },
    {
      "type": "Feature",
      "properties": {
        "@id": "node/9695531791",
        "amenity": "bicycle_parking",
        "bicycle_parking": "wall_loops",
        "covered": "no"
      },
      "geometry": {
        "type": "Point",
        "coordinates": [
          30.4141934,
          59.9595481
        ]
      },
      "id": "node/9695531791"
    },
    {
      "type": "Feature",
      "properties": {
        "@id": "node/9698431949",
        "amenity": "bicycle_parking",
        "bicycle_parking": "wall_loops",
        "capacity": "5",
        "covered": "no"
      },
      "geometry": {
        "type": "Point",
        "coordinates": [
          30.4302536,
          59.960126
        ]
      },
      "id": "node/9698431949"
    },
    {
      "type": "Feature",
      "properties": {
        "@id": "node/9711042731",
        "amenity": "bicycle_parking",
        "capacity": "5"
      },
      "geometry": {
        "type": "Point",
        "coordinates": [
          30.4750375,
          59.9466357
        ]
      },
      "id": "node/9711042731"
    },
    {
      "type": "Feature",
      "properties": {
        "@id": "node/9711042760",
        "amenity": "bicycle_parking",
        "bicycle_parking": "wall_loops",
        "capacity": "6",
        "covered": "no"
      },
      "geometry": {
        "type": "Point",
        "coordinates": [
          30.4769264,
          59.9469856
        ]
      },
      "id": "node/9711042760"
    },
    {
      "type": "Feature",
      "properties": {
        "@id": "node/9711052244",
        "amenity": "bicycle_parking"
      },
      "geometry": {
        "type": "Point",
        "coordinates": [
          30.4896394,
          59.9459283
        ]
      },
      "id": "node/9711052244"
    },
    {
      "type": "Feature",
      "properties": {
        "@id": "node/9716392007",
        "access": "private",
        "amenity": "bicycle_parking",
        "bicycle_parking": "stands",
        "capacity": "5",
        "covered": "no",
        "fee": "no"
      },
      "geometry": {
        "type": "Point",
        "coordinates": [
          30.3627885,
          60.0455468
        ]
      },
      "id": "node/9716392007"
    },
    {
      "type": "Feature",
      "properties": {
        "@id": "node/9717345183",
        "access": "private",
        "amenity": "bicycle_parking",
        "bicycle_parking": "stands",
        "capacity": "5"
      },
      "geometry": {
        "type": "Point",
        "coordinates": [
          30.3639507,
          60.0452893
        ]
      },
      "id": "node/9717345183"
    },
    {
      "type": "Feature",
      "properties": {
        "@id": "node/9717345184",
        "access": "private",
        "amenity": "bicycle_parking",
        "bicycle_parking": "stands",
        "capacity": "5",
        "covered": "no",
        "fee": "no"
      },
      "geometry": {
        "type": "Point",
        "coordinates": [
          30.3638523,
          60.0455009
        ]
      },
      "id": "node/9717345184"
    },
    {
      "type": "Feature",
      "properties": {
        "@id": "node/9717813844",
        "access": "yes",
        "amenity": "bicycle_parking",
        "bicycle_parking": "wall_loops",
        "covered": "yes",
        "fee": "no"
      },
      "geometry": {
        "type": "Point",
        "coordinates": [
          30.3393695,
          59.9266421
        ]
      },
      "id": "node/9717813844"
    },
    {
      "type": "Feature",
      "properties": {
        "@id": "node/9722545538",
        "access": "private",
        "amenity": "bicycle_parking",
        "bicycle_parking": "stands",
        "capacity": "5",
        "covered": "no",
        "fee": "no"
      },
      "geometry": {
        "type": "Point",
        "coordinates": [
          30.3649588,
          60.0459759
        ]
      },
      "id": "node/9722545538"
    },
    {
      "type": "Feature",
      "properties": {
        "@id": "node/9739479746",
        "access": "private",
        "amenity": "bicycle_parking",
        "bicycle_parking": "stands",
        "covered": "no",
        "fee": "no"
      },
      "geometry": {
        "type": "Point",
        "coordinates": [
          30.4177728,
          60.0434763
        ]
      },
      "id": "node/9739479746"
    },
    {
      "type": "Feature",
      "properties": {
        "@id": "node/9741337446",
        "access": "private",
        "amenity": "bicycle_parking",
        "bicycle_parking": "stands",
        "capacity": "5",
        "covered": "no",
        "fee": "no"
      },
      "geometry": {
        "type": "Point",
        "coordinates": [
          30.3610437,
          60.0467856
        ]
      },
      "id": "node/9741337446"
    },
    {
      "type": "Feature",
      "properties": {
        "@id": "node/9748548029",
        "amenity": "bicycle_parking"
      },
      "geometry": {
        "type": "Point",
        "coordinates": [
          30.3430803,
          59.9278657
        ]
      },
      "id": "node/9748548029"
    },
    {
      "type": "Feature",
      "properties": {
        "@id": "node/9770335678",
        "access": "yes",
        "amenity": "bicycle_parking",
        "capacity": "8",
        "covered": "no"
      },
      "geometry": {
        "type": "Point",
        "coordinates": [
          30.4298289,
          60.0573203
        ]
      },
      "id": "node/9770335678"
    },
    {
      "type": "Feature",
      "properties": {
        "@id": "node/9782871589",
        "amenity": "bicycle_parking"
      },
      "geometry": {
        "type": "Point",
        "coordinates": [
          30.3008585,
          59.9668486
        ]
      },
      "id": "node/9782871589"
    },
    {
      "type": "Feature",
      "properties": {
        "@id": "node/9783458766",
        "amenity": "bicycle_parking",
        "bicycle_parking": "wall_loops",
        "capacity": "5",
        "covered": "no",
        "fee": "no"
      },
      "geometry": {
        "type": "Point",
        "coordinates": [
          30.3934031,
          60.0080362
        ]
      },
      "id": "node/9783458766"
    },
    {
      "type": "Feature",
      "properties": {
        "@id": "node/9788977911",
        "amenity": "bicycle_parking",
        "capacity": "10",
        "covered": "no",
        "fee": "no"
      },
      "geometry": {
        "type": "Point",
        "coordinates": [
          30.4279976,
          60.0577519
        ]
      },
      "id": "node/9788977911"
    },
    {
      "type": "Feature",
      "properties": {
        "@id": "node/9793207526",
        "amenity": "bicycle_parking"
      },
      "geometry": {
        "type": "Point",
        "coordinates": [
          30.3269535,
          59.927835
        ]
      },
      "id": "node/9793207526"
    },
    {
      "type": "Feature",
      "properties": {
        "@id": "node/9793351629",
        "amenity": "bicycle_parking"
      },
      "geometry": {
        "type": "Point",
        "coordinates": [
          30.4870728,
          59.950482
        ]
      },
      "id": "node/9793351629"
    },
    {
      "type": "Feature",
      "properties": {
        "@id": "node/9793386420",
        "amenity": "bicycle_parking"
      },
      "geometry": {
        "type": "Point",
        "coordinates": [
          30.4913234,
          59.9464525
        ]
      },
      "id": "node/9793386420"
    },
    {
      "type": "Feature",
      "properties": {
        "@id": "node/9796897403",
        "access": "yes",
        "amenity": "bicycle_parking",
        "capacity": "4",
        "covered": "no",
        "fee": "no"
      },
      "geometry": {
        "type": "Point",
        "coordinates": [
          30.4878688,
          60.1080964
        ]
      },
      "id": "node/9796897403"
    },
    {
      "type": "Feature",
      "properties": {
        "@id": "node/9796897404",
        "access": "yes",
        "amenity": "bicycle_parking",
        "bicycle_parking": "wall_loops",
        "capacity": "4",
        "covered": "no",
        "fee": "no"
      },
      "geometry": {
        "type": "Point",
        "coordinates": [
          30.4876369,
          60.1081219
        ]
      },
      "id": "node/9796897404"
    },
    {
      "type": "Feature",
      "properties": {
        "@id": "node/9798271390",
        "amenity": "bicycle_parking"
      },
      "geometry": {
        "type": "Point",
        "coordinates": [
          30.3082908,
          59.9573483
        ]
      },
      "id": "node/9798271390"
    },
    {
      "type": "Feature",
      "properties": {
        "@id": "node/9803104244",
        "access": "yes",
        "amenity": "bicycle_parking",
        "bicycle_parking": "rack",
        "capacity": "36",
        "covered": "yes",
        "fee": "no",
        "opening_hours": "24/7"
      },
      "geometry": {
        "type": "Point",
        "coordinates": [
          30.4019267,
          59.9616123
        ]
      },
      "id": "node/9803104244"
    },
    {
      "type": "Feature",
      "properties": {
        "@id": "node/9809194269",
        "amenity": "bicycle_parking"
      },
      "geometry": {
        "type": "Point",
        "coordinates": [
          30.4486863,
          59.9575188
        ]
      },
      "id": "node/9809194269"
    },
    {
      "type": "Feature",
      "properties": {
        "@id": "node/9809238574",
        "amenity": "bicycle_parking"
      },
      "geometry": {
        "type": "Point",
        "coordinates": [
          30.4496606,
          59.9567423
        ]
      },
      "id": "node/9809238574"
    },
    {
      "type": "Feature",
      "properties": {
        "@id": "node/9815304158",
        "amenity": "bicycle_parking"
      },
      "geometry": {
        "type": "Point",
        "coordinates": [
          30.4965281,
          59.9397618
        ]
      },
      "id": "node/9815304158"
    },
    {
      "type": "Feature",
      "properties": {
        "@id": "node/9815304171",
        "amenity": "bicycle_parking",
        "covered": "yes"
      },
      "geometry": {
        "type": "Point",
        "coordinates": [
          30.507829,
          59.9801401
        ]
      },
      "id": "node/9815304171"
    },
    {
      "type": "Feature",
      "properties": {
        "@id": "node/9822966783",
        "access": "private",
        "amenity": "bicycle_parking",
        "bicycle_parking": "stands",
        "capacity": "5",
        "covered": "no",
        "fee": "no"
      },
      "geometry": {
        "type": "Point",
        "coordinates": [
          30.3632172,
          60.0465457
        ]
      },
      "id": "node/9822966783"
    },
    {
      "type": "Feature",
      "properties": {
        "@id": "node/9822966796",
        "access": "private",
        "amenity": "bicycle_parking",
        "bicycle_parking": "stands",
        "capacity": "5",
        "covered": "no",
        "fee": "no"
      },
      "geometry": {
        "type": "Point",
        "coordinates": [
          30.3612573,
          60.0460125
        ]
      },
      "id": "node/9822966796"
    },
    {
      "type": "Feature",
      "properties": {
        "@id": "node/9822966807",
        "access": "private",
        "amenity": "bicycle_parking",
        "bicycle_parking": "stands",
        "capacity": "5",
        "covered": "no",
        "fee": "no"
      },
      "geometry": {
        "type": "Point",
        "coordinates": [
          30.3620996,
          60.0456705
        ]
      },
      "id": "node/9822966807"
    },
    {
      "type": "Feature",
      "properties": {
        "@id": "node/9822985005",
        "amenity": "bicycle_parking"
      },
      "geometry": {
        "type": "Point",
        "coordinates": [
          30.4825145,
          59.9077942
        ]
      },
      "id": "node/9822985005"
    },
    {
      "type": "Feature",
      "properties": {
        "@id": "node/9822985011",
        "amenity": "bicycle_parking"
      },
      "geometry": {
        "type": "Point",
        "coordinates": [
          30.4815456,
          59.909041
        ]
      },
      "id": "node/9822985011"
    },
    {
      "type": "Feature",
      "properties": {
        "@id": "node/9823043500",
        "amenity": "bicycle_parking"
      },
      "geometry": {
        "type": "Point",
        "coordinates": [
          30.4838481,
          59.9236479
        ]
      },
      "id": "node/9823043500"
    },
    {
      "type": "Feature",
      "properties": {
        "@id": "node/9823043509",
        "amenity": "bicycle_parking"
      },
      "geometry": {
        "type": "Point",
        "coordinates": [
          30.4858169,
          59.91962
        ]
      },
      "id": "node/9823043509"
    },
    {
      "type": "Feature",
      "properties": {
        "@id": "node/9823161619",
        "amenity": "bicycle_parking"
      },
      "geometry": {
        "type": "Point",
        "coordinates": [
          30.4874,
          59.9154837
        ]
      },
      "id": "node/9823161619"
    },
    {
      "type": "Feature",
      "properties": {
        "@id": "node/9840620353",
        "access": "yes",
        "amenity": "bicycle_parking",
        "bicycle_parking": "wall_loops",
        "capacity": "4",
        "covered": "no",
        "fee": "no",
        "opening_hours": "24/7",
        "supervised": "no"
      },
      "geometry": {
        "type": "Point",
        "coordinates": [
          30.4162663,
          59.9618088
        ]
      },
      "id": "node/9840620353"
    },
    {
      "type": "Feature",
      "properties": {
        "@id": "node/9844436718",
        "amenity": "bicycle_parking"
      },
      "geometry": {
        "type": "Point",
        "coordinates": [
          30.3472135,
          59.9428815
        ]
      },
      "id": "node/9844436718"
    },
    {
      "type": "Feature",
      "properties": {
        "@id": "node/9844436721",
        "amenity": "bicycle_parking"
      },
      "geometry": {
        "type": "Point",
        "coordinates": [
          30.3595843,
          59.9448096
        ]
      },
      "id": "node/9844436721"
    },
    {
      "type": "Feature",
      "properties": {
        "@id": "node/9851440305",
        "amenity": "bicycle_parking"
      },
      "geometry": {
        "type": "Point",
        "coordinates": [
          30.4978673,
          59.9449818
        ]
      },
      "id": "node/9851440305"
    },
    {
      "type": "Feature",
      "properties": {
        "@id": "node/9853574896",
        "amenity": "bicycle_parking"
      },
      "geometry": {
        "type": "Point",
        "coordinates": [
          30.2934658,
          59.9512525
        ]
      },
      "id": "node/9853574896"
    },
    {
      "type": "Feature",
      "properties": {
        "@id": "node/9853740652",
        "amenity": "bicycle_parking",
        "bicycle_parking": "wall_loops",
        "capacity": "5",
        "covered": "no"
      },
      "geometry": {
        "type": "Point",
        "coordinates": [
          30.3393306,
          59.9422669
        ]
      },
      "id": "node/9853740652"
    },
    {
      "type": "Feature",
      "properties": {
        "@id": "node/9853740653",
        "amenity": "bicycle_parking"
      },
      "geometry": {
        "type": "Point",
        "coordinates": [
          30.3392576,
          59.944965
        ]
      },
      "id": "node/9853740653"
    },
    {
      "type": "Feature",
      "properties": {
        "@id": "node/9854524217",
        "amenity": "bicycle_parking",
        "bicycle_parking": "stands",
        "capacity": "5",
        "covered": "no"
      },
      "geometry": {
        "type": "Point",
        "coordinates": [
          30.3448774,
          59.9384269
        ]
      },
      "id": "node/9854524217"
    },
    {
      "type": "Feature",
      "properties": {
        "@id": "node/9858718908",
        "access": "yes",
        "amenity": "bicycle_parking",
        "bicycle_parking": "stands",
        "capacity": "8",
        "covered": "no",
        "fee": "no",
        "operator:type": "public"
      },
      "geometry": {
        "type": "Point",
        "coordinates": [
          30.4591443,
          59.8982663
        ]
      },
      "id": "node/9858718908"
    },
    {
      "type": "Feature",
      "properties": {
        "@id": "node/9862360119",
        "amenity": "bicycle_parking"
      },
      "geometry": {
        "type": "Point",
        "coordinates": [
          30.3664066,
          59.9252471
        ]
      },
      "id": "node/9862360119"
    },
    {
      "type": "Feature",
      "properties": {
        "@id": "node/9862381317",
        "amenity": "bicycle_parking"
      },
      "geometry": {
        "type": "Point",
        "coordinates": [
          30.3671093,
          59.9251543
        ]
      },
      "id": "node/9862381317"
    },
    {
      "type": "Feature",
      "properties": {
        "@id": "node/9862427017",
        "amenity": "bicycle_parking",
        "bicycle_parking": "stands",
        "capacity": "10",
        "covered": "yes"
      },
      "geometry": {
        "type": "Point",
        "coordinates": [
          30.3088727,
          59.9562748
        ]
      },
      "id": "node/9862427017"
    },
    {
      "type": "Feature",
      "properties": {
        "@id": "node/9862513117",
        "amenity": "bicycle_parking",
        "bicycle_parking": "wall_loops",
        "covered": "no"
      },
      "geometry": {
        "type": "Point",
        "coordinates": [
          30.4133762,
          59.9423468
        ]
      },
      "id": "node/9862513117"
    },
    {
      "type": "Feature",
      "properties": {
        "@id": "node/9863007220",
        "amenity": "bicycle_parking"
      },
      "geometry": {
        "type": "Point",
        "coordinates": [
          30.3239069,
          59.8594239
        ]
      },
      "id": "node/9863007220"
    },
    {
      "type": "Feature",
      "properties": {
        "@id": "node/9863008817",
        "amenity": "bicycle_parking"
      },
      "geometry": {
        "type": "Point",
        "coordinates": [
          30.3603042,
          59.9286439
        ]
      },
      "id": "node/9863008817"
    },
    {
      "type": "Feature",
      "properties": {
        "@id": "node/9863075017",
        "amenity": "bicycle_parking"
      },
      "geometry": {
        "type": "Point",
        "coordinates": [
          30.3716617,
          59.92312
        ]
      },
      "id": "node/9863075017"
    },
    {
      "type": "Feature",
      "properties": {
        "@id": "node/9863076617",
        "amenity": "bicycle_parking"
      },
      "geometry": {
        "type": "Point",
        "coordinates": [
          30.4455693,
          59.9117077
        ]
      },
      "id": "node/9863076617"
    },
    {
      "type": "Feature",
      "properties": {
        "@id": "node/9863794617",
        "amenity": "bicycle_parking"
      },
      "geometry": {
        "type": "Point",
        "coordinates": [
          30.4458306,
          59.9119047
        ]
      },
      "id": "node/9863794617"
    },
    {
      "type": "Feature",
      "properties": {
        "@id": "node/9863872620",
        "amenity": "bicycle_parking"
      },
      "geometry": {
        "type": "Point",
        "coordinates": [
          30.374892,
          59.92434
        ]
      },
      "id": "node/9863872620"
    },
    {
      "type": "Feature",
      "properties": {
        "@id": "node/9863926918",
        "amenity": "bicycle_parking"
      },
      "geometry": {
        "type": "Point",
        "coordinates": [
          30.3696224,
          59.9236639
        ]
      },
      "id": "node/9863926918"
    },
    {
      "type": "Feature",
      "properties": {
        "@id": "node/9867019394",
        "amenity": "bicycle_parking",
        "bicycle_parking": "stands",
        "capacity": "5",
        "covered": "no"
      },
      "geometry": {
        "type": "Point",
        "coordinates": [
          30.3440291,
          59.9850467
        ]
      },
      "id": "node/9867019394"
    },
    {
      "type": "Feature",
      "properties": {
        "@id": "node/9867019395",
        "amenity": "bicycle_parking",
        "capacity": "7"
      },
      "geometry": {
        "type": "Point",
        "coordinates": [
          30.3569439,
          59.9834748
        ]
      },
      "id": "node/9867019395"
    },
    {
      "type": "Feature",
      "properties": {
        "@id": "node/9867019396",
        "amenity": "bicycle_parking",
        "capacity": "7"
      },
      "geometry": {
        "type": "Point",
        "coordinates": [
          30.3568393,
          59.9837298
        ]
      },
      "id": "node/9867019396"
    },
    {
      "type": "Feature",
      "properties": {
        "@id": "node/9867019402",
        "amenity": "bicycle_parking",
        "capacity": "5"
      },
      "geometry": {
        "type": "Point",
        "coordinates": [
          30.3545138,
          59.9821692
        ]
      },
      "id": "node/9867019402"
    },
    {
      "type": "Feature",
      "properties": {
        "@id": "node/9867024023",
        "amenity": "bicycle_parking",
        "capacity": "7"
      },
      "geometry": {
        "type": "Point",
        "coordinates": [
          30.3552166,
          59.9832065
        ]
      },
      "id": "node/9867024023"
    },
    {
      "type": "Feature",
      "properties": {
        "@id": "node/9867024026",
        "amenity": "bicycle_parking",
        "capacity": "7"
      },
      "geometry": {
        "type": "Point",
        "coordinates": [
          30.3546023,
          59.9839713
        ]
      },
      "id": "node/9867024026"
    },
    {
      "type": "Feature",
      "properties": {
        "@id": "node/9867024036",
        "amenity": "bicycle_parking",
        "capacity": "7",
        "covered": "no"
      },
      "geometry": {
        "type": "Point",
        "coordinates": [
          30.3545997,
          59.982663
        ]
      },
      "id": "node/9867024036"
    },
    {
      "type": "Feature",
      "properties": {
        "@id": "node/9885797272",
        "amenity": "bicycle_parking"
      },
      "geometry": {
        "type": "Point",
        "coordinates": [
          30.2849952,
          59.9466264
        ]
      },
      "id": "node/9885797272"
    },
    {
      "type": "Feature",
      "properties": {
        "@id": "node/9885797289",
        "amenity": "bicycle_parking"
      },
      "geometry": {
        "type": "Point",
        "coordinates": [
          30.2849317,
          59.9466809
        ]
      },
      "id": "node/9885797289"
    },
    {
      "type": "Feature",
      "properties": {
        "@id": "node/9891305288",
        "amenity": "bicycle_parking"
      },
      "geometry": {
        "type": "Point",
        "coordinates": [
          30.2883729,
          59.8720827
        ]
      },
      "id": "node/9891305288"
    },
    {
      "type": "Feature",
      "properties": {
        "@id": "node/9910582017",
        "amenity": "bicycle_parking"
      },
      "geometry": {
        "type": "Point",
        "coordinates": [
          30.3642958,
          59.9857624
        ]
      },
      "id": "node/9910582017"
    },
    {
      "type": "Feature",
      "properties": {
        "@id": "node/9917348308",
        "amenity": "bicycle_parking",
        "capacity": "6",
        "covered": "no"
      },
      "geometry": {
        "type": "Point",
        "coordinates": [
          30.3536743,
          59.9845764
        ]
      },
      "id": "node/9917348308"
    },
    {
      "type": "Feature",
      "properties": {
        "@id": "node/9917348309",
        "amenity": "bicycle_parking",
        "capacity": "6",
        "covered": "no"
      },
      "geometry": {
        "type": "Point",
        "coordinates": [
          30.3536984,
          59.9844154
        ]
      },
      "id": "node/9917348309"
    },
    {
      "type": "Feature",
      "properties": {
        "@id": "node/9917368676",
        "amenity": "bicycle_parking",
        "capacity": "5",
        "covered": "no"
      },
      "geometry": {
        "type": "Point",
        "coordinates": [
          30.3577164,
          59.9824188
        ]
      },
      "id": "node/9917368676"
    },
    {
      "type": "Feature",
      "properties": {
        "@id": "node/9917368827",
        "amenity": "bicycle_parking",
        "capacity": "6",
        "covered": "no"
      },
      "geometry": {
        "type": "Point",
        "coordinates": [
          30.3587598,
          59.9826301
        ]
      },
      "id": "node/9917368827"
    },
    {
      "type": "Feature",
      "properties": {
        "@id": "node/9917368919",
        "amenity": "bicycle_parking",
        "capacity": "9",
        "covered": "no"
      },
      "geometry": {
        "type": "Point",
        "coordinates": [
          30.3586728,
          59.9832679
        ]
      },
      "id": "node/9917368919"
    },
    {
      "type": "Feature",
      "properties": {
        "@id": "node/9917368920",
        "amenity": "bicycle_parking",
        "capacity": "6",
        "covered": "no"
      },
      "geometry": {
        "type": "Point",
        "coordinates": [
          30.3591471,
          59.9831275
        ]
      },
      "id": "node/9917368920"
    },
    {
      "type": "Feature",
      "properties": {
        "@id": "node/9917368921",
        "amenity": "bicycle_parking",
        "capacity": "6",
        "covered": "no"
      },
      "geometry": {
        "type": "Point",
        "coordinates": [
          30.358947,
          59.9835858
        ]
      },
      "id": "node/9917368921"
    },
    {
      "type": "Feature",
      "properties": {
        "@id": "node/9917368922",
        "amenity": "bicycle_parking",
        "capacity": "6",
        "covered": "no"
      },
      "geometry": {
        "type": "Point",
        "coordinates": [
          30.3596911,
          59.9833387
        ]
      },
      "id": "node/9917368922"
    },
    {
      "type": "Feature",
      "properties": {
        "@id": "node/9917368923",
        "amenity": "bicycle_parking",
        "capacity": "6",
        "covered": "no"
      },
      "geometry": {
        "type": "Point",
        "coordinates": [
          30.359974,
          59.9834671
        ]
      },
      "id": "node/9917368923"
    },
    {
      "type": "Feature",
      "properties": {
        "@id": "node/9917368924",
        "amenity": "bicycle_parking",
        "capacity": "6",
        "covered": "no"
      },
      "geometry": {
        "type": "Point",
        "coordinates": [
          30.359554,
          59.9837185
        ]
      },
      "id": "node/9917368924"
    },
    {
      "type": "Feature",
      "properties": {
        "@id": "node/9917368925",
        "amenity": "bicycle_parking",
        "capacity": "6",
        "covered": "no"
      },
      "geometry": {
        "type": "Point",
        "coordinates": [
          30.3591841,
          59.983773
        ]
      },
      "id": "node/9917368925"
    },
    {
      "type": "Feature",
      "properties": {
        "@id": "node/9917368926",
        "amenity": "bicycle_parking",
        "capacity": "6",
        "covered": "no"
      },
      "geometry": {
        "type": "Point",
        "coordinates": [
          30.3586315,
          59.9830829
        ]
      },
      "id": "node/9917368926"
    },
    {
      "type": "Feature",
      "properties": {
        "@id": "node/9917368928",
        "amenity": "bicycle_parking",
        "capacity": "6",
        "covered": "no"
      },
      "geometry": {
        "type": "Point",
        "coordinates": [
          30.3589361,
          59.9829033
        ]
      },
      "id": "node/9917368928"
    },
    {
      "type": "Feature",
      "properties": {
        "@id": "node/9917368929",
        "amenity": "bicycle_parking",
        "capacity": "6",
        "covered": "no"
      },
      "geometry": {
        "type": "Point",
        "coordinates": [
          30.3583399,
          59.9834345
        ]
      },
      "id": "node/9917368929"
    },
    {
      "type": "Feature",
      "properties": {
        "@id": "node/9924848700",
        "amenity": "bicycle_parking",
        "covered": "no"
      },
      "geometry": {
        "type": "Point",
        "coordinates": [
          30.3527972,
          59.985792
        ]
      },
      "id": "node/9924848700"
    },
    {
      "type": "Feature",
      "properties": {
        "@id": "node/9924878339",
        "amenity": "bicycle_parking",
        "capacity": "6",
        "covered": "no"
      },
      "geometry": {
        "type": "Point",
        "coordinates": [
          30.3585814,
          59.9838297
        ]
      },
      "id": "node/9924878339"
    },
    {
      "type": "Feature",
      "properties": {
        "@id": "node/9924878417",
        "amenity": "bicycle_parking",
        "bicycle_parking": "stands",
        "capacity": "5",
        "covered": "yes"
      },
      "geometry": {
        "type": "Point",
        "coordinates": [
          30.3572698,
          59.9933253
        ]
      },
      "id": "node/9924878417"
    },
    {
      "type": "Feature",
      "properties": {
        "@id": "node/9924878426",
        "amenity": "bicycle_parking",
        "covered": "no"
      },
      "geometry": {
        "type": "Point",
        "coordinates": [
          30.3563324,
          59.9937049
        ]
      },
      "id": "node/9924878426"
    },
    {
      "type": "Feature",
      "properties": {
        "@id": "node/9924878427",
        "amenity": "bicycle_parking",
        "capacity": "6",
        "covered": "no"
      },
      "geometry": {
        "type": "Point",
        "coordinates": [
          30.3563149,
          59.9933548
        ]
      },
      "id": "node/9924878427"
    },
    {
      "type": "Feature",
      "properties": {
        "@id": "node/9924878428",
        "amenity": "bicycle_parking",
        "capacity": "10",
        "covered": "no"
      },
      "geometry": {
        "type": "Point",
        "coordinates": [
          30.3562251,
          59.9934132
        ]
      },
      "id": "node/9924878428"
    },
    {
      "type": "Feature",
      "properties": {
        "@id": "node/9924878429",
        "amenity": "bicycle_parking",
        "capacity": "10",
        "covered": "no"
      },
      "geometry": {
        "type": "Point",
        "coordinates": [
          30.3567602,
          59.9934065
        ]
      },
      "id": "node/9924878429"
    },
    {
      "type": "Feature",
      "properties": {
        "@id": "node/9924878430",
        "amenity": "bicycle_parking",
        "capacity": "6",
        "covered": "no"
      },
      "geometry": {
        "type": "Point",
        "coordinates": [
          30.3568259,
          59.9937036
        ]
      },
      "id": "node/9924878430"
    },
    {
      "type": "Feature",
      "properties": {
        "@id": "node/9924878472",
        "amenity": "bicycle_parking",
        "bicycle_parking": "wall_loops",
        "capacity": "5",
        "covered": "yes"
      },
      "geometry": {
        "type": "Point",
        "coordinates": [
          30.3567454,
          59.9931087
        ]
      },
      "id": "node/9924878472"
    },
    {
      "type": "Feature",
      "properties": {
        "@id": "node/9930019414",
        "amenity": "bicycle_parking",
        "capacity": "9"
      },
      "geometry": {
        "type": "Point",
        "coordinates": [
          30.3365833,
          59.9867087
        ]
      },
      "id": "node/9930019414"
    },
    {
      "type": "Feature",
      "properties": {
        "@id": "node/9930050438",
        "amenity": "bicycle_parking",
        "covered": "no"
      },
      "geometry": {
        "type": "Point",
        "coordinates": [
          30.3401893,
          59.987205
        ]
      },
      "id": "node/9930050438"
    },
    {
      "type": "Feature",
      "properties": {
        "@id": "node/9933068142",
        "access": "yes",
        "amenity": "bicycle_parking",
        "bicycle_parking": "rack",
        "capacity": "12",
        "covered": "yes",
        "fee": "no",
        "opening_hours": "24/7"
      },
      "geometry": {
        "type": "Point",
        "coordinates": [
          30.4030186,
          59.9621048
        ]
      },
      "id": "node/9933068142"
    },
    {
      "type": "Feature",
      "properties": {
        "@id": "node/9933068143",
        "access": "yes",
        "amenity": "bicycle_parking",
        "bicycle_parking": "rack",
        "capacity": "12",
        "covered": "yes",
        "fee": "no",
        "opening_hours": "24/7"
      },
      "geometry": {
        "type": "Point",
        "coordinates": [
          30.4029466,
          59.9621244
        ]
      },
      "id": "node/9933068143"
    },
    {
      "type": "Feature",
      "properties": {
        "@id": "node/9934050776",
        "amenity": "bicycle_parking",
        "capacity": "9"
      },
      "geometry": {
        "type": "Point",
        "coordinates": [
          30.3551187,
          59.9570313
        ]
      },
      "id": "node/9934050776"
    },
    {
      "type": "Feature",
      "properties": {
        "@id": "node/9939785790",
        "amenity": "bicycle_parking",
        "capacity": "7"
      },
      "geometry": {
        "type": "Point",
        "coordinates": [
          30.4228578,
          59.9772034
        ]
      },
      "id": "node/9939785790"
    },
    {
      "type": "Feature",
      "properties": {
        "@id": "node/9940940817",
        "amenity": "bicycle_parking"
      },
      "geometry": {
        "type": "Point",
        "coordinates": [
          30.3606577,
          59.9296503
        ]
      },
      "id": "node/9940940817"
    },
    {
      "type": "Feature",
      "properties": {
        "@id": "node/9942076517",
        "amenity": "bicycle_parking"
      },
      "geometry": {
        "type": "Point",
        "coordinates": [
          30.3648777,
          59.9386587
        ]
      },
      "id": "node/9942076517"
    },
    {
      "type": "Feature",
      "properties": {
        "@id": "node/9943342000",
        "amenity": "bicycle_parking"
      },
      "geometry": {
        "type": "Point",
        "coordinates": [
          30.3459895,
          59.9136398
        ]
      },
      "id": "node/9943342000"
    },
    {
      "type": "Feature",
      "properties": {
        "@id": "node/9948258093",
        "amenity": "bicycle_parking",
        "capacity": "8",
        "covered": "no"
      },
      "geometry": {
        "type": "Point",
        "coordinates": [
          30.3532693,
          59.9847294
        ]
      },
      "id": "node/9948258093"
    },
    {
      "type": "Feature",
      "properties": {
        "@id": "node/9948258109",
        "amenity": "bicycle_parking",
        "capacity": "8",
        "covered": "no"
      },
      "geometry": {
        "type": "Point",
        "coordinates": [
          30.3545085,
          59.984618
        ]
      },
      "id": "node/9948258109"
    },
    {
      "type": "Feature",
      "properties": {
        "@id": "node/9948263232",
        "amenity": "bicycle_parking",
        "capacity": "3",
        "covered": "no"
      },
      "geometry": {
        "type": "Point",
        "coordinates": [
          30.3501606,
          59.9809723
        ]
      },
      "id": "node/9948263232"
    },
    {
      "type": "Feature",
      "properties": {
        "@id": "node/9950196724",
        "amenity": "bicycle_parking",
        "bicycle_parking": "wall_loops",
        "capacity": "12",
        "colour": "black",
        "covered": "no",
        "fee": "no",
        "operator:type": "private",
        "source": "survey"
      },
      "geometry": {
        "type": "Point",
        "coordinates": [
          30.3691922,
          59.8850926
        ]
      },
      "id": "node/9950196724"
    },
    {
      "type": "Feature",
      "properties": {
        "@id": "node/9950196725",
        "amenity": "bicycle_parking",
        "capacity": "15",
        "covered": "no"
      },
      "geometry": {
        "type": "Point",
        "coordinates": [
          30.3676419,
          59.8848574
        ]
      },
      "id": "node/9950196725"
    },
    {
      "type": "Feature",
      "properties": {
        "@id": "node/9950690078",
        "amenity": "bicycle_parking",
        "bicycle_parking": "wall_loops",
        "capacity": "10",
        "covered": "no"
      },
      "geometry": {
        "type": "Point",
        "coordinates": [
          30.3685927,
          59.8839807
        ]
      },
      "id": "node/9950690078"
    },
    {
      "type": "Feature",
      "properties": {
        "@id": "node/9959167307",
        "amenity": "bicycle_parking",
        "capacity": "3",
        "covered": "no"
      },
      "geometry": {
        "type": "Point",
        "coordinates": [
          30.3953525,
          59.9849094
        ]
      },
      "id": "node/9959167307"
    },
    {
      "type": "Feature",
      "properties": {
        "@id": "node/9959175627",
        "amenity": "bicycle_parking",
        "capacity": "3",
        "covered": "no"
      },
      "geometry": {
        "type": "Point",
        "coordinates": [
          30.3929531,
          59.9852186
        ]
      },
      "id": "node/9959175627"
    },
    {
      "type": "Feature",
      "properties": {
        "@id": "node/9961422366",
        "amenity": "bicycle_parking",
        "capacity": "12"
      },
      "geometry": {
        "type": "Point",
        "coordinates": [
          30.2610958,
          59.9736247
        ]
      },
      "id": "node/9961422366"
    },
    {
      "type": "Feature",
      "properties": {
        "@id": "node/9967800178",
        "amenity": "bicycle_parking",
        "capacity": "6"
      },
      "geometry": {
        "type": "Point",
        "coordinates": [
          30.2244093,
          59.9816386
        ]
      },
      "id": "node/9967800178"
    },
    {
      "type": "Feature",
      "properties": {
        "@id": "node/9967800179",
        "amenity": "bicycle_parking",
        "capacity": "6"
      },
      "geometry": {
        "type": "Point",
        "coordinates": [
          30.2241008,
          59.9817291
        ]
      },
      "id": "node/9967800179"
    },
    {
      "type": "Feature",
      "properties": {
        "@id": "node/9967800185",
        "amenity": "bicycle_parking",
        "capacity": "6"
      },
      "geometry": {
        "type": "Point",
        "coordinates": [
          30.2241786,
          59.9831889
        ]
      },
      "id": "node/9967800185"
    },
    {
      "type": "Feature",
      "properties": {
        "@id": "node/9968797419",
        "access": "yes",
        "amenity": "bicycle_parking",
        "bicycle_parking": "rack",
        "capacity": "6",
        "covered": "no",
        "fee": "no"
      },
      "geometry": {
        "type": "Point",
        "coordinates": [
          30.3594571,
          59.9381773
        ]
      },
      "id": "node/9968797419"
    },
    {
      "type": "Feature",
      "properties": {
        "@id": "node/9972812080",
        "amenity": "bicycle_parking",
        "capacity": "11",
        "covered": "yes"
      },
      "geometry": {
        "type": "Point",
        "coordinates": [
          30.229315,
          59.9469608
        ]
      },
      "id": "node/9972812080"
    },
    {
      "type": "Feature",
      "properties": {
        "@id": "node/9983609513",
        "amenity": "bicycle_parking",
        "covered": "yes"
      },
      "geometry": {
        "type": "Point",
        "coordinates": [
          30.310307,
          60.0133547
        ]
      },
      "id": "node/9983609513"
    },
    {
      "type": "Feature",
      "properties": {
        "@id": "node/9983609514",
        "amenity": "bicycle_parking",
        "covered": "yes"
      },
      "geometry": {
        "type": "Point",
        "coordinates": [
          30.3100522,
          60.0134278
        ]
      },
      "id": "node/9983609514"
    },
    {
      "type": "Feature",
      "properties": {
        "@id": "node/9983609515",
        "amenity": "bicycle_parking",
        "covered": "yes"
      },
      "geometry": {
        "type": "Point",
        "coordinates": [
          30.3098088,
          60.0135044
        ]
      },
      "id": "node/9983609515"
    },
    {
      "type": "Feature",
      "properties": {
        "@id": "node/9983609516",
        "amenity": "bicycle_parking",
        "covered": "yes"
      },
      "geometry": {
        "type": "Point",
        "coordinates": [
          30.3095613,
          60.0135892
        ]
      },
      "id": "node/9983609516"
    },
    {
      "type": "Feature",
      "properties": {
        "@id": "node/9983610117",
        "amenity": "bicycle_parking",
        "covered": "yes"
      },
      "geometry": {
        "type": "Point",
        "coordinates": [
          30.3091181,
          60.0137262
        ]
      },
      "id": "node/9983610117"
    },
    {
      "type": "Feature",
      "properties": {
        "@id": "node/9983610123",
        "amenity": "bicycle_parking",
        "covered": "yes"
      },
      "geometry": {
        "type": "Point",
        "coordinates": [
          30.3105202,
          60.0120726
        ]
      },
      "id": "node/9983610123"
    },
    {
      "type": "Feature",
      "properties": {
        "@id": "node/9983610148",
        "amenity": "bicycle_parking",
        "covered": "yes"
      },
      "geometry": {
        "type": "Point",
        "coordinates": [
          30.3097689,
          60.0125662
        ]
      },
      "id": "node/9983610148"
    },
    {
      "type": "Feature",
      "properties": {
        "@id": "node/9983610150",
        "amenity": "bicycle_parking",
        "covered": "yes"
      },
      "geometry": {
        "type": "Point",
        "coordinates": [
          30.3083001,
          60.0138739
        ]
      },
      "id": "node/9983610150"
    },
    {
      "type": "Feature",
      "properties": {
        "@id": "node/9983610164",
        "amenity": "bicycle_parking",
        "covered": "yes"
      },
      "geometry": {
        "type": "Point",
        "coordinates": [
          30.3104921,
          60.0128781
        ]
      },
      "id": "node/9983610164"
    },
    {
      "type": "Feature",
      "properties": {
        "@id": "node/9983610184",
        "amenity": "bicycle_parking",
        "covered": "yes"
      },
      "geometry": {
        "type": "Point",
        "coordinates": [
          30.3109252,
          60.0131523
        ]
      },
      "id": "node/9983610184"
    },
    {
      "type": "Feature",
      "properties": {
        "@id": "node/9988069774",
        "access": "customers",
        "amenity": "bicycle_parking",
        "bicycle_parking": "wall_loops",
        "capacity": "5",
        "covered": "no",
        "opening_hours": "24/7",
        "supervised": "no"
      },
      "geometry": {
        "type": "Point",
        "coordinates": [
          30.3237848,
          60.0138943
        ]
      },
      "id": "node/9988069774"
    },
    {
      "type": "Feature",
      "properties": {
        "@id": "node/9998769232",
        "access": "yes",
        "amenity": "bicycle_parking",
        "bicycle_parking": "stands",
        "capacity": "6",
        "covered": "no",
        "fee": "no"
      },
      "geometry": {
        "type": "Point",
        "coordinates": [
          30.3547791,
          59.9581664
        ]
      },
      "id": "node/9998769232"
    },
    {
      "type": "Feature",
      "properties": {
        "@id": "node/10006425918",
        "amenity": "bicycle_parking"
      },
      "geometry": {
        "type": "Point",
        "coordinates": [
          30.2718435,
          59.9569574
        ]
      },
      "id": "node/10006425918"
    },
    {
      "type": "Feature",
      "properties": {
        "@id": "node/10009076526",
        "amenity": "bicycle_parking",
        "bicycle_parking": "stands",
        "capacity": "11",
        "covered": "no"
      },
      "geometry": {
        "type": "Point",
        "coordinates": [
          30.3569986,
          60.0427748
        ]
      },
      "id": "node/10009076526"
    },
    {
      "type": "Feature",
      "properties": {
        "@id": "node/10009340425",
        "amenity": "bicycle_parking"
      },
      "geometry": {
        "type": "Point",
        "coordinates": [
          30.3393566,
          59.9266597
        ]
      },
      "id": "node/10009340425"
    },
    {
      "type": "Feature",
      "properties": {
        "@id": "node/10011300104",
        "amenity": "bicycle_parking",
        "bicycle_parking": "stands",
        "capacity": "5",
        "covered": "no"
      },
      "geometry": {
        "type": "Point",
        "coordinates": [
          30.2820851,
          59.9667
        ]
      },
      "id": "node/10011300104"
    },
    {
      "type": "Feature",
      "properties": {
        "@id": "node/10011300695",
        "amenity": "bicycle_parking",
        "bicycle_parking": "stands",
        "capacity": "22",
        "covered": "no"
      },
      "geometry": {
        "type": "Point",
        "coordinates": [
          30.296648,
          59.9596017
        ]
      },
      "id": "node/10011300695"
    },
    {
      "type": "Feature",
      "properties": {
        "@id": "node/10012154000",
        "amenity": "bicycle_parking",
        "capacity": "6"
      },
      "geometry": {
        "type": "Point",
        "coordinates": [
          30.2602932,
          59.8430565
        ]
      },
      "id": "node/10012154000"
    },
    {
      "type": "Feature",
      "properties": {
        "@id": "node/10031313148",
        "amenity": "bicycle_parking"
      },
      "geometry": {
        "type": "Point",
        "coordinates": [
          30.4773174,
          59.938534
        ]
      },
      "id": "node/10031313148"
    },
    {
      "type": "Feature",
      "properties": {
        "@id": "node/10031313149",
        "amenity": "bicycle_parking"
      },
      "geometry": {
        "type": "Point",
        "coordinates": [
          30.47738,
          59.9386959
        ]
      },
      "id": "node/10031313149"
    },
    {
      "type": "Feature",
      "properties": {
        "@id": "node/10032385503",
        "amenity": "bicycle_parking",
        "capacity": "8",
        "covered": "no"
      },
      "geometry": {
        "type": "Point",
        "coordinates": [
          30.3546175,
          59.9843682
        ]
      },
      "id": "node/10032385503"
    },
    {
      "type": "Feature",
      "properties": {
        "@id": "node/10036222070",
        "amenity": "bicycle_parking",
        "bicycle_parking": "stands",
        "capacity": "1",
        "covered": "no"
      },
      "geometry": {
        "type": "Point",
        "coordinates": [
          30.3179095,
          59.9570861
        ]
      },
      "id": "node/10036222070"
    },
    {
      "type": "Feature",
      "properties": {
        "@id": "node/10036322355",
        "amenity": "bicycle_parking"
      },
      "geometry": {
        "type": "Point",
        "coordinates": [
          30.3969619,
          59.9027454
        ]
      },
      "id": "node/10036322355"
    },
    {
      "type": "Feature",
      "properties": {
        "@id": "node/10036326346",
        "amenity": "bicycle_parking"
      },
      "geometry": {
        "type": "Point",
        "coordinates": [
          30.4154179,
          59.939877
        ]
      },
      "id": "node/10036326346"
    },
    {
      "type": "Feature",
      "properties": {
        "@id": "node/10041475934",
        "access": "yes",
        "amenity": "bicycle_parking",
        "covered": "no",
        "fee": "no",
        "supervised": "no"
      },
      "geometry": {
        "type": "Point",
        "coordinates": [
          30.2451884,
          60.0066821
        ]
      },
      "id": "node/10041475934"
    },
    {
      "type": "Feature",
      "properties": {
        "@id": "node/10042444667",
        "amenity": "bicycle_parking",
        "bicycle_parking": "wall_loops",
        "capacity": "2",
        "covered": "no"
      },
      "geometry": {
        "type": "Point",
        "coordinates": [
          30.3136433,
          59.959158
        ]
      },
      "id": "node/10042444667"
    },
    {
      "type": "Feature",
      "properties": {
        "@id": "node/10048668817",
        "amenity": "bicycle_parking"
      },
      "geometry": {
        "type": "Point",
        "coordinates": [
          30.2952619,
          59.9731053
        ]
      },
      "id": "node/10048668817"
    },
    {
      "type": "Feature",
      "properties": {
        "@id": "node/10051943201",
        "amenity": "bicycle_parking",
        "capacity": "4"
      },
      "geometry": {
        "type": "Point",
        "coordinates": [
          30.3114454,
          59.9889928
        ]
      },
      "id": "node/10051943201"
    },
    {
      "type": "Feature",
      "properties": {
        "@id": "node/10054821887",
        "amenity": "bicycle_parking",
        "bicycle_parking": "rack"
      },
      "geometry": {
        "type": "Point",
        "coordinates": [
          30.3334853,
          59.9601647
        ]
      },
      "id": "node/10054821887"
    },
    {
      "type": "Feature",
      "properties": {
        "@id": "node/10059001883",
        "amenity": "bicycle_parking",
        "bicycle_parking": "stands",
        "capacity": "6",
        "covered": "no",
        "fee": "no"
      },
      "geometry": {
        "type": "Point",
        "coordinates": [
          30.364456,
          59.9171766
        ]
      },
      "id": "node/10059001883"
    },
    {
      "type": "Feature",
      "properties": {
        "@id": "node/10059001884",
        "amenity": "bicycle_parking",
        "bicycle_parking": "stands",
        "capacity": "6",
        "covered": "no",
        "fee": "no"
      },
      "geometry": {
        "type": "Point",
        "coordinates": [
          30.3644184,
          59.9172842
        ]
      },
      "id": "node/10059001884"
    },
    {
      "type": "Feature",
      "properties": {
        "@id": "node/10059001885",
        "amenity": "bicycle_parking",
        "bicycle_parking": "stands",
        "capacity": "7",
        "covered": "yes",
        "fee": "no",
        "operator": "Сервисное локомотивное депо Санкт-Петербург",
        "operator:type": "private"
      },
      "geometry": {
        "type": "Point",
        "coordinates": [
          30.3645417,
          59.9184175
        ]
      },
      "id": "node/10059001885"
    },
    {
      "type": "Feature",
      "properties": {
        "@id": "node/10060125070",
        "amenity": "bicycle_parking"
      },
      "geometry": {
        "type": "Point",
        "coordinates": [
          30.2974551,
          60.0253545
        ]
      },
      "id": "node/10060125070"
    },
    {
      "type": "Feature",
      "properties": {
        "@id": "node/10060942531",
        "amenity": "bicycle_parking"
      },
      "geometry": {
        "type": "Point",
        "coordinates": [
          30.3419891,
          59.9327761
        ]
      },
      "id": "node/10060942531"
    },
    {
      "type": "Feature",
      "properties": {
        "@id": "node/10064956768",
        "access": "yes",
        "amenity": "bicycle_parking",
        "bicycle_parking": "stands",
        "capacity": "2",
        "covered": "no",
        "fee": "no"
      },
      "geometry": {
        "type": "Point",
        "coordinates": [
          30.3550238,
          59.93899
        ]
      },
      "id": "node/10064956768"
    },
    {
      "type": "Feature",
      "properties": {
        "@id": "node/10064956769",
        "access": "permit",
        "amenity": "bicycle_parking",
        "bicycle_parking": "stands",
        "capacity": "9",
        "covered": "yes",
        "fee": "no"
      },
      "geometry": {
        "type": "Point",
        "coordinates": [
          30.3649855,
          59.9275015
        ]
      },
      "id": "node/10064956769"
    },
    {
      "type": "Feature",
      "properties": {
        "@id": "node/10069339296",
        "amenity": "bicycle_parking"
      },
      "geometry": {
        "type": "Point",
        "coordinates": [
          30.488573,
          59.9496797
        ]
      },
      "id": "node/10069339296"
    },
    {
      "type": "Feature",
      "properties": {
        "@id": "node/10080464665",
        "access": "yes",
        "amenity": "bicycle_parking",
        "bicycle_parking": "wall_loops",
        "capacity": "10",
        "covered": "no",
        "fee": "no"
      },
      "geometry": {
        "type": "Point",
        "coordinates": [
          30.3621456,
          59.9314515
        ]
      },
      "id": "node/10080464665"
    },
    {
      "type": "Feature",
      "properties": {
        "@id": "node/10080464666",
        "access": "yes",
        "amenity": "bicycle_parking",
        "bicycle_parking": "wall_loops",
        "capacity": "3",
        "covered": "no",
        "fee": "no"
      },
      "geometry": {
        "type": "Point",
        "coordinates": [
          30.356435,
          59.920786
        ]
      },
      "id": "node/10080464666"
    },
    {
      "type": "Feature",
      "properties": {
        "@id": "node/10080464667",
        "access": "yes",
        "amenity": "bicycle_parking",
        "bicycle_parking": "rack",
        "capacity": "9",
        "covered": "no",
        "fee": "no",
        "operator": "Бургер Кинг",
        "operator:type": "private"
      },
      "geometry": {
        "type": "Point",
        "coordinates": [
          30.3569146,
          59.9207107
        ]
      },
      "id": "node/10080464667"
    },
    {
      "type": "Feature",
      "properties": {
        "@id": "node/10091638274",
        "amenity": "bicycle_parking",
        "bicycle_parking": "wall_loops",
        "capacity": "5",
        "covered": "no"
      },
      "geometry": {
        "type": "Point",
        "coordinates": [
          30.3077979,
          59.9682544
        ]
      },
      "id": "node/10091638274"
    },
    {
      "type": "Feature",
      "properties": {
        "@id": "node/10091638277",
        "amenity": "bicycle_parking"
      },
      "geometry": {
        "type": "Point",
        "coordinates": [
          30.3071443,
          59.9681024
        ]
      },
      "id": "node/10091638277"
    },
    {
      "type": "Feature",
      "properties": {
        "@id": "node/10091638278",
        "amenity": "bicycle_parking"
      },
      "geometry": {
        "type": "Point",
        "coordinates": [
          30.3069684,
          59.9680682
        ]
      },
      "id": "node/10091638278"
    },
    {
      "type": "Feature",
      "properties": {
        "@id": "node/10100871595",
        "amenity": "bicycle_parking",
        "bicycle_parking": "wall_loops",
        "capacity": "10",
        "covered": "no"
      },
      "geometry": {
        "type": "Point",
        "coordinates": [
          30.2976129,
          59.9607219
        ]
      },
      "id": "node/10100871595"
    },
    {
      "type": "Feature",
      "properties": {
        "@id": "node/10101178743",
        "amenity": "bicycle_parking",
        "bicycle_parking": "wall_loops",
        "covered": "no"
      },
      "geometry": {
        "type": "Point",
        "coordinates": [
          30.2563796,
          59.9897535
        ]
      },
      "id": "node/10101178743"
    },
    {
      "type": "Feature",
      "properties": {
        "@id": "node/10103631370",
        "amenity": "bicycle_parking",
        "bicycle_parking": "rack",
        "capacity": "5",
        "covered": "no",
        "fee": "no"
      },
      "geometry": {
        "type": "Point",
        "coordinates": [
          30.43746,
          59.9333292
        ]
      },
      "id": "node/10103631370"
    },
    {
      "type": "Feature",
      "properties": {
        "@id": "node/10103631371",
        "access": "yes",
        "amenity": "bicycle_parking",
        "bicycle_parking": "stands",
        "capacity": "6",
        "covered": "no",
        "fee": "no",
        "operator": "Теремок",
        "operator:type": "private"
      },
      "geometry": {
        "type": "Point",
        "coordinates": [
          30.4319937,
          59.9322165
        ]
      },
      "id": "node/10103631371"
    },
    {
      "type": "Feature",
      "properties": {
        "@id": "node/10103631372",
        "access": "yes",
        "amenity": "bicycle_parking",
        "bicycle_parking": "wall_loops",
        "capacity": "16",
        "covered": "no",
        "fee": "no"
      },
      "geometry": {
        "type": "Point",
        "coordinates": [
          30.4317121,
          59.9319343
        ]
      },
      "id": "node/10103631372"
    },
    {
      "type": "Feature",
      "properties": {
        "@id": "node/10103631373",
        "access": "yes",
        "amenity": "bicycle_parking",
        "bicycle_parking": "wall_loops",
        "capacity": "4",
        "covered": "no",
        "fee": "no"
      },
      "geometry": {
        "type": "Point",
        "coordinates": [
          30.4301725,
          59.9313296
        ]
      },
      "id": "node/10103631373"
    },
    {
      "type": "Feature",
      "properties": {
        "@id": "node/10108909275",
        "amenity": "bicycle_parking"
      },
      "geometry": {
        "type": "Point",
        "coordinates": [
          30.3149295,
          59.9560048
        ]
      },
      "id": "node/10108909275"
    },
    {
      "type": "Feature",
      "properties": {
        "@id": "node/10112883857",
        "amenity": "bicycle_parking",
        "bicycle_parking": "wall_loops",
        "capacity": "17",
        "covered": "no"
      },
      "geometry": {
        "type": "Point",
        "coordinates": [
          30.2734302,
          59.8995271
        ]
      },
      "id": "node/10112883857"
    },
    {
      "type": "Feature",
      "properties": {
        "@id": "node/10112883858",
        "amenity": "bicycle_parking",
        "bicycle_parking": "wall_loops",
        "capacity": "9",
        "covered": "no"
      },
      "geometry": {
        "type": "Point",
        "coordinates": [
          30.2735348,
          59.8993913
        ]
      },
      "id": "node/10112883858"
    },
    {
      "type": "Feature",
      "properties": {
        "@id": "node/10116281941",
        "amenity": "bicycle_parking"
      },
      "geometry": {
        "type": "Point",
        "coordinates": [
          30.3076108,
          59.9721037
        ]
      },
      "id": "node/10116281941"
    },
    {
      "type": "Feature",
      "properties": {
        "@id": "node/10126493747",
        "amenity": "bicycle_parking"
      },
      "geometry": {
        "type": "Point",
        "coordinates": [
          30.2851424,
          59.9390266
        ]
      },
      "id": "node/10126493747"
    },
    {
      "type": "Feature",
      "properties": {
        "@id": "node/10132359432",
        "amenity": "bicycle_parking",
        "bicycle_parking": "stands",
        "capacity": "24",
        "covered": "yes",
        "fee": "no",
        "operator:type": "university"
      },
      "geometry": {
        "type": "Point",
        "coordinates": [
          30.3232839,
          59.9717866
        ]
      },
      "id": "node/10132359432"
    },
    {
      "type": "Feature",
      "properties": {
        "@id": "node/10132370069",
        "amenity": "bicycle_parking",
        "bicycle_parking": "stands",
        "capacity": "12",
        "covered": "yes",
        "fee": "no",
        "operator:type": "university"
      },
      "geometry": {
        "type": "Point",
        "coordinates": [
          30.3230329,
          59.9719073
        ]
      },
      "id": "node/10132370069"
    },
    {
      "type": "Feature",
      "properties": {
        "@id": "node/10138332796",
        "amenity": "bicycle_parking",
        "bicycle_parking": "wall_loops",
        "covered": "no"
      },
      "geometry": {
        "type": "Point",
        "coordinates": [
          30.3091117,
          59.9939409
        ]
      },
      "id": "node/10138332796"
    },
    {
      "type": "Feature",
      "properties": {
        "@id": "node/10138332797",
        "amenity": "bicycle_parking",
        "bicycle_parking": "wall_loops",
        "covered": "no"
      },
      "geometry": {
        "type": "Point",
        "coordinates": [
          30.3090615,
          59.9939301
        ]
      },
      "id": "node/10138332797"
    },
    {
      "type": "Feature",
      "properties": {
        "@id": "node/10138332799",
        "amenity": "bicycle_parking",
        "bicycle_parking": "wall_loops",
        "capacity": "4",
        "covered": "no"
      },
      "geometry": {
        "type": "Point",
        "coordinates": [
          30.3099361,
          59.988533
        ]
      },
      "id": "node/10138332799"
    },
    {
      "type": "Feature",
      "properties": {
        "@id": "node/10138332805",
        "amenity": "bicycle_parking"
      },
      "geometry": {
        "type": "Point",
        "coordinates": [
          30.3006251,
          59.9857962
        ]
      },
      "id": "node/10138332805"
    },
    {
      "type": "Feature",
      "properties": {
        "@id": "node/10159546850",
        "amenity": "bicycle_parking"
      },
      "geometry": {
        "type": "Point",
        "coordinates": [
          30.278763,
          59.9478873
        ]
      },
      "id": "node/10159546850"
    },
    {
      "type": "Feature",
      "properties": {
        "@id": "node/10168598957",
        "access": "private",
        "amenity": "bicycle_parking",
        "bicycle_parking": "rack",
        "fee": "no"
      },
      "geometry": {
        "type": "Point",
        "coordinates": [
          30.3109322,
          59.9592644
        ]
      },
      "id": "node/10168598957"
    },
    {
      "type": "Feature",
      "properties": {
        "@id": "node/10182377445",
        "access": "private",
        "amenity": "bicycle_parking",
        "bicycle_parking": "stands",
        "covered": "yes",
        "fee": "no"
      },
      "geometry": {
        "type": "Point",
        "coordinates": [
          30.3608981,
          60.0458938
        ]
      },
      "id": "node/10182377445"
    },
    {
      "type": "Feature",
      "properties": {
        "@id": "node/10183839599",
        "amenity": "bicycle_parking",
        "bicycle_parking": "wall_loops",
        "capacity": "7",
        "covered": "no",
        "fee": "no",
        "operator:type": "private"
      },
      "geometry": {
        "type": "Point",
        "coordinates": [
          30.3127139,
          59.9677774
        ]
      },
      "id": "node/10183839599"
    },
    {
      "type": "Feature",
      "properties": {
        "@id": "node/10183839606",
        "amenity": "bicycle_parking",
        "bicycle_parking": "stands",
        "capacity": "20",
        "covered": "no",
        "fee": "no"
      },
      "geometry": {
        "type": "Point",
        "coordinates": [
          30.3148285,
          59.9686198
        ]
      },
      "id": "node/10183839606"
    },
    {
      "type": "Feature",
      "properties": {
        "@id": "node/10183839610",
        "amenity": "bicycle_parking",
        "bicycle_parking": "wall_loops",
        "capacity": "10",
        "covered": "no",
        "fee": "no"
      },
      "geometry": {
        "type": "Point",
        "coordinates": [
          30.3179329,
          59.9689536
        ]
      },
      "id": "node/10183839610"
    },
    {
      "type": "Feature",
      "properties": {
        "@id": "node/10183839611",
        "amenity": "bicycle_parking",
        "bicycle_parking": "wall_loops",
        "capacity": "7",
        "covered": "no",
        "fee": "no"
      },
      "geometry": {
        "type": "Point",
        "coordinates": [
          30.3187197,
          59.9698734
        ]
      },
      "id": "node/10183839611"
    },
    {
      "type": "Feature",
      "properties": {
        "@id": "node/10183930796",
        "amenity": "bicycle_parking",
        "bicycle_parking": "wall_loops",
        "capacity": "8",
        "covered": "no",
        "fee": "no",
        "operator:type": "private"
      },
      "geometry": {
        "type": "Point",
        "coordinates": [
          30.3170427,
          59.9687496
        ]
      },
      "id": "node/10183930796"
    },
    {
      "type": "Feature",
      "properties": {
        "@id": "node/10184591918",
        "access": "yes",
        "amenity": "bicycle_parking",
        "bicycle_parking": "wall_loops",
        "capacity": "5",
        "covered": "no",
        "fee": "no"
      },
      "geometry": {
        "type": "Point",
        "coordinates": [
          30.4022015,
          59.8555761
        ]
      },
      "id": "node/10184591918"
    },
    {
      "type": "Feature",
      "properties": {
        "@id": "node/10184591919",
        "access": "yes",
        "amenity": "bicycle_parking",
        "bicycle_parking": "wall_loops",
        "capacity": "5",
        "covered": "no",
        "fee": "no"
      },
      "geometry": {
        "type": "Point",
        "coordinates": [
          30.4023659,
          59.8555113
        ]
      },
      "id": "node/10184591919"
    },
    {
      "type": "Feature",
      "properties": {
        "@id": "node/10186555892",
        "access": "yes",
        "amenity": "bicycle_parking",
        "bicycle_parking": "wall_loops",
        "capacity": "6",
        "colour": "gray",
        "covered": "yes",
        "fee": "no",
        "lit": "yes",
        "operator:type": "private"
      },
      "geometry": {
        "type": "Point",
        "coordinates": [
          30.3787196,
          59.8713545
        ]
      },
      "id": "node/10186555892"
    },
    {
      "type": "Feature",
      "properties": {
        "@id": "node/10188933155",
        "access": "yes",
        "amenity": "bicycle_parking",
        "bicycle_parking": "rack",
        "capacity": "4",
        "covered": "no",
        "fee": "no"
      },
      "geometry": {
        "type": "Point",
        "coordinates": [
          30.3562043,
          59.9207967
        ]
      },
      "id": "node/10188933155"
    },
    {
      "type": "Feature",
      "properties": {
        "@id": "node/10188969726",
        "access": "yes",
        "amenity": "bicycle_parking",
        "bicycle_parking": "rack",
        "capacity": "4",
        "covered": "no",
        "fee": "no"
      },
      "geometry": {
        "type": "Point",
        "coordinates": [
          30.3688277,
          59.8539466
        ]
      },
      "id": "node/10188969726"
    },
    {
      "type": "Feature",
      "properties": {
        "@id": "node/10188969727",
        "access": "yes",
        "amenity": "bicycle_parking",
        "bicycle_parking": "wall_loops",
        "capacity": "4",
        "covered": "no",
        "fee": "no"
      },
      "geometry": {
        "type": "Point",
        "coordinates": [
          30.3710861,
          59.8544584
        ]
      },
      "id": "node/10188969727"
    },
    {
      "type": "Feature",
      "properties": {
        "@id": "node/10188969728",
        "access": "yes",
        "amenity": "bicycle_parking",
        "bicycle_parking": "stands",
        "capacity": "3",
        "covered": "no",
        "fee": "no"
      },
      "geometry": {
        "type": "Point",
        "coordinates": [
          30.3745485,
          59.8549375
        ]
      },
      "id": "node/10188969728"
    },
    {
      "type": "Feature",
      "properties": {
        "@id": "node/10188969729",
        "access": "yes",
        "amenity": "bicycle_parking",
        "bicycle_parking": "rack",
        "capacity": "5",
        "covered": "yes",
        "fee": "no"
      },
      "geometry": {
        "type": "Point",
        "coordinates": [
          30.3894667,
          59.8578457
        ]
      },
      "id": "node/10188969729"
    },
    {
      "type": "Feature",
      "properties": {
        "@id": "node/10199103897",
        "amenity": "bicycle_parking",
        "bicycle_parking": "wall_loops",
        "capacity": "3",
        "covered": "no"
      },
      "geometry": {
        "type": "Point",
        "coordinates": [
          30.2510334,
          59.8321661
        ]
      },
      "id": "node/10199103897"
    },
    {
      "type": "Feature",
      "properties": {
        "@id": "node/10199121141",
        "amenity": "bicycle_parking",
        "bicycle_parking": "wall_loops",
        "capacity": "15",
        "covered": "no"
      },
      "geometry": {
        "type": "Point",
        "coordinates": [
          30.2502116,
          59.8318538
        ]
      },
      "id": "node/10199121141"
    },
    {
      "type": "Feature",
      "properties": {
        "@id": "node/10199730720",
        "amenity": "bicycle_parking",
        "bicycle_parking": "wall_loops",
        "capacity": "7",
        "covered": "no",
        "fee": "no"
      },
      "geometry": {
        "type": "Point",
        "coordinates": [
          30.3308874,
          59.9360581
        ]
      },
      "id": "node/10199730720"
    },
    {
      "type": "Feature",
      "properties": {
        "@id": "node/10204046818",
        "access": "yes",
        "amenity": "bicycle_parking",
        "bicycle_parking": "rack",
        "capacity": "11",
        "covered": "no",
        "fee": "no",
        "operator": "ООО «Лента»"
      },
      "geometry": {
        "type": "Point",
        "coordinates": [
          30.4350698,
          59.9470701
        ]
      },
      "id": "node/10204046818"
    },
    {
      "type": "Feature",
      "properties": {
        "@id": "node/10212073102",
        "amenity": "bicycle_parking"
      },
      "geometry": {
        "type": "Point",
        "coordinates": [
          30.2863841,
          59.94543
        ]
      },
      "id": "node/10212073102"
    },
    {
      "type": "Feature",
      "properties": {
        "@id": "node/10221620939",
        "amenity": "bicycle_parking"
      },
      "geometry": {
        "type": "Point",
        "coordinates": [
          30.3598125,
          59.9252909
        ]
      },
      "id": "node/10221620939"
    },
    {
      "type": "Feature",
      "properties": {
        "@id": "node/10224041409",
        "amenity": "bicycle_parking"
      },
      "geometry": {
        "type": "Point",
        "coordinates": [
          30.2851969,
          59.9394017
        ]
      },
      "id": "node/10224041409"
    },
    {
      "type": "Feature",
      "properties": {
        "@id": "node/10225949055",
        "amenity": "bicycle_parking"
      },
      "geometry": {
        "type": "Point",
        "coordinates": [
          30.3619065,
          59.9247608
        ]
      },
      "id": "node/10225949055"
    },
    {
      "type": "Feature",
      "properties": {
        "@id": "node/10235238154",
        "amenity": "bicycle_parking",
        "bicycle_parking": "wall_loops",
        "capacity": "6",
        "covered": "no"
      },
      "geometry": {
        "type": "Point",
        "coordinates": [
          30.3076609,
          59.9575643
        ]
      },
      "id": "node/10235238154"
    },
    {
      "type": "Feature",
      "properties": {
        "@id": "node/10235300760",
        "amenity": "bicycle_parking"
      },
      "geometry": {
        "type": "Point",
        "coordinates": [
          30.3117413,
          59.9608603
        ]
      },
      "id": "node/10235300760"
    },
    {
      "type": "Feature",
      "properties": {
        "@id": "node/10235300774",
        "amenity": "bicycle_parking",
        "covered": "no"
      },
      "geometry": {
        "type": "Point",
        "coordinates": [
          30.3173279,
          59.9685844
        ]
      },
      "id": "node/10235300774"
    },
    {
      "type": "Feature",
      "properties": {
        "@id": "node/10236312661",
        "access": "yes",
        "amenity": "bicycle_parking",
        "bicycle_parking": "rack",
        "capacity": "5",
        "covered": "no",
        "fee": "no"
      },
      "geometry": {
        "type": "Point",
        "coordinates": [
          30.3229323,
          59.935625
        ]
      },
      "id": "node/10236312661"
    },
    {
      "type": "Feature",
      "properties": {
        "@id": "node/10236368448",
        "amenity": "bicycle_parking",
        "covered": "yes"
      },
      "geometry": {
        "type": "Point",
        "coordinates": [
          30.3098983,
          60.0124803
        ]
      },
      "id": "node/10236368448"
    },
    {
      "type": "Feature",
      "properties": {
        "@id": "node/10236368449",
        "amenity": "bicycle_parking",
        "covered": "yes"
      },
      "geometry": {
        "type": "Point",
        "coordinates": [
          30.3098322,
          60.0125256
        ]
      },
      "id": "node/10236368449"
    },
    {
      "type": "Feature",
      "properties": {
        "@id": "node/10236582813",
        "amenity": "bicycle_parking",
        "covered": "yes"
      },
      "geometry": {
        "type": "Point",
        "coordinates": [
          30.3083101,
          60.0139281
        ]
      },
      "id": "node/10236582813"
    },
    {
      "type": "Feature",
      "properties": {
        "@id": "node/10242688562",
        "access": "yes",
        "amenity": "bicycle_parking",
        "bicycle_parking": "stands",
        "capacity": "9",
        "covered": "no",
        "fee": "no"
      },
      "geometry": {
        "type": "Point",
        "coordinates": [
          30.3335011,
          60.0519359
        ]
      },
      "id": "node/10242688562"
    },
    {
      "type": "Feature",
      "properties": {
        "@id": "node/10242688563",
        "access": "yes",
        "amenity": "bicycle_parking",
        "bicycle_parking": "stands",
        "capacity": "9",
        "covered": "no",
        "fee": "no"
      },
      "geometry": {
        "type": "Point",
        "coordinates": [
          30.3336996,
          60.0521742
        ]
      },
      "id": "node/10242688563"
    },
    {
      "type": "Feature",
      "properties": {
        "@id": "node/10244438273",
        "amenity": "bicycle_parking",
        "capacity": "7"
      },
      "geometry": {
        "type": "Point",
        "coordinates": [
          30.418636,
          59.960546
        ]
      },
      "id": "node/10244438273"
    },
    {
      "type": "Feature",
      "properties": {
        "@id": "node/10250789519",
        "amenity": "bicycle_parking",
        "bicycle_parking": "wall_loops",
        "capacity": "12",
        "covered": "yes"
      },
      "geometry": {
        "type": "Point",
        "coordinates": [
          30.2503873,
          59.8422529
        ]
      },
      "id": "node/10250789519"
    },
    {
      "type": "Feature",
      "properties": {
        "@id": "node/10250789548",
        "amenity": "bicycle_parking",
        "bicycle_parking": "wall_loops",
        "capacity": "6",
        "covered": "no"
      },
      "geometry": {
        "type": "Point",
        "coordinates": [
          30.2710041,
          59.8388716
        ]
      },
      "id": "node/10250789548"
    },
    {
      "type": "Feature",
      "properties": {
        "@id": "node/10267628131",
        "amenity": "bicycle_parking",
        "capacity": "6"
      },
      "geometry": {
        "type": "Point",
        "coordinates": [
          30.4109487,
          59.9481839
        ]
      },
      "id": "node/10267628131"
    },
    {
      "type": "Feature",
      "properties": {
        "@id": "node/10267628155",
        "amenity": "bicycle_parking",
        "capacity": "6",
        "covered": "no"
      },
      "geometry": {
        "type": "Point",
        "coordinates": [
          30.4133633,
          59.948024
        ]
      },
      "id": "node/10267628155"
    },
    {
      "type": "Feature",
      "properties": {
        "@id": "node/10267628186",
        "amenity": "bicycle_parking",
        "covered": "no"
      },
      "geometry": {
        "type": "Point",
        "coordinates": [
          30.4122322,
          59.9497623
        ]
      },
      "id": "node/10267628186"
    },
    {
      "type": "Feature",
      "properties": {
        "@id": "node/10289836372",
        "amenity": "bicycle_parking"
      },
      "geometry": {
        "type": "Point",
        "coordinates": [
          30.3630535,
          59.9241872
        ]
      },
      "id": "node/10289836372"
    },
    {
      "type": "Feature",
      "properties": {
        "@id": "node/10301003587",
        "access": "yes",
        "amenity": "bicycle_parking",
        "bicycle_parking": "wall_loops",
        "capacity": "10",
        "covered": "no",
        "fee": "no"
      },
      "geometry": {
        "type": "Point",
        "coordinates": [
          30.3986472,
          59.8544253
        ]
      },
      "id": "node/10301003587"
    },
    {
      "type": "Feature",
      "properties": {
        "@id": "node/10301003589",
        "access": "yes",
        "amenity": "bicycle_parking",
        "bicycle_parking": "wall_loops",
        "capacity": "10",
        "covered": "no",
        "fee": "no"
      },
      "geometry": {
        "type": "Point",
        "coordinates": [
          30.3984196,
          59.8542988
        ]
      },
      "id": "node/10301003589"
    },
    {
      "type": "Feature",
      "properties": {
        "@id": "node/10308841357",
        "access": "yes",
        "amenity": "bicycle_parking",
        "bicycle_parking": "rack",
        "capacity": "6",
        "covered": "yes",
        "fee": "no"
      },
      "geometry": {
        "type": "Point",
        "coordinates": [
          30.4241761,
          60.0069351
        ]
      },
      "id": "node/10308841357"
    },
    {
      "type": "Feature",
      "properties": {
        "@id": "node/10308841358",
        "access": "yes",
        "amenity": "bicycle_parking",
        "bicycle_parking": "rack",
        "capacity": "6",
        "covered": "yes",
        "fee": "no"
      },
      "geometry": {
        "type": "Point",
        "coordinates": [
          30.4242452,
          60.0068379
        ]
      },
      "id": "node/10308841358"
    },
    {
      "type": "Feature",
      "properties": {
        "@id": "node/10554270918",
        "amenity": "bicycle_parking",
        "capacity": "8"
      },
      "geometry": {
        "type": "Point",
        "coordinates": [
          30.44791,
          59.956167
        ]
      },
      "id": "node/10554270918"
    },
    {
      "type": "Feature",
      "properties": {
        "@id": "node/10554270933",
        "amenity": "bicycle_parking",
        "capacity": "4"
      },
      "geometry": {
        "type": "Point",
        "coordinates": [
          30.447913,
          59.9561253
        ]
      },
      "id": "node/10554270933"
    },
    {
      "type": "Feature",
      "properties": {
        "@id": "node/10554270934",
        "amenity": "bicycle_parking",
        "capacity": "8"
      },
      "geometry": {
        "type": "Point",
        "coordinates": [
          30.4479543,
          59.9560476
        ]
      },
      "id": "node/10554270934"
    },
    {
      "type": "Feature",
      "properties": {
        "@id": "node/10554270936",
        "amenity": "bicycle_parking",
        "capacity": "8"
      },
      "geometry": {
        "type": "Point",
        "coordinates": [
          30.447977,
          59.9558323
        ]
      },
      "id": "node/10554270936"
    },
    {
      "type": "Feature",
      "properties": {
        "@id": "node/10554270939",
        "amenity": "bicycle_parking",
        "capacity": "8"
      },
      "geometry": {
        "type": "Point",
        "coordinates": [
          30.4479983,
          59.955619
        ]
      },
      "id": "node/10554270939"
    },
    {
      "type": "Feature",
      "properties": {
        "@id": "node/10559715563",
        "access": "yes",
        "addr:floor": "1",
        "amenity": "bicycle_parking",
        "bicycle_parking": "stands",
        "capacity": "6",
        "covered": "yes",
        "fee": "no",
        "level": "0",
        "lit": "yes",
        "source": "survey"
      },
      "geometry": {
        "type": "Point",
        "coordinates": [
          30.3167962,
          59.9696114
        ]
      },
      "id": "node/10559715563"
    },
    {
      "type": "Feature",
      "properties": {
        "@id": "node/10559715564",
        "access": "yes",
        "amenity": "bicycle_parking",
        "bicycle_parking": "stands",
        "capacity": "6",
        "covered": "no",
        "fee": "no",
        "lit": "yes",
        "source": "survey"
      },
      "geometry": {
        "type": "Point",
        "coordinates": [
          30.3164299,
          59.9695748
        ]
      },
      "id": "node/10559715564"
    },
    {
      "type": "Feature",
      "properties": {
        "@id": "node/10587050976",
        "amenity": "bicycle_parking",
        "bicycle_parking": "wall_loops",
        "capacity": "15",
        "covered": "no",
        "fee": "no",
        "source": "survey"
      },
      "geometry": {
        "type": "Point",
        "coordinates": [
          30.3765136,
          59.8765407
        ]
      },
      "id": "node/10587050976"
    },
    {
      "type": "Feature",
      "properties": {
        "@id": "node/10606566787",
        "amenity": "bicycle_parking",
        "covered": "no"
      },
      "geometry": {
        "type": "Point",
        "coordinates": [
          30.2813927,
          59.940484
        ]
      },
      "id": "node/10606566787"
    },
    {
      "type": "Feature",
      "properties": {
        "@id": "node/10632794112",
        "amenity": "bicycle_parking",
        "bicycle_parking": "wall_loops",
        "capacity": "5",
        "covered": "no",
        "fee": "no"
      },
      "geometry": {
        "type": "Point",
        "coordinates": [
          30.3394915,
          59.9320195
        ]
      },
      "id": "node/10632794112"
    },
    {
      "type": "Feature",
      "properties": {
        "@id": "node/10633474802",
        "access": "yes",
        "amenity": "bicycle_parking",
        "bicycle_parking": "stands",
        "capacity": "5",
        "covered": "no",
        "fee": "no"
      },
      "geometry": {
        "type": "Point",
        "coordinates": [
          30.3644381,
          59.9361228
        ]
      },
      "id": "node/10633474802"
    },
    {
      "type": "Feature",
      "properties": {
        "@id": "node/10652301812",
        "amenity": "bicycle_parking"
      },
      "geometry": {
        "type": "Point",
        "coordinates": [
          30.4968327,
          59.9397228
        ]
      },
      "id": "node/10652301812"
    },
    {
      "type": "Feature",
      "properties": {
        "@id": "node/10652344724",
        "access": "yes",
        "amenity": "bicycle_parking",
        "bicycle_parking": "rack",
        "capacity": "5",
        "covered": "no",
        "fee": "no",
        "operator": "Room hair project",
        "operator:type": "private"
      },
      "geometry": {
        "type": "Point",
        "coordinates": [
          30.2623414,
          60.0134061
        ]
      },
      "id": "node/10652344724"
    },
    {
      "type": "Feature",
      "properties": {
        "@id": "node/10674833404",
        "amenity": "bicycle_parking",
        "bicycle_parking": "stands",
        "capacity": "12",
        "covered": "yes",
        "fee": "no",
        "indoor": "no",
        "lit": "yes",
        "source": "survey"
      },
      "geometry": {
        "type": "Point",
        "coordinates": [
          30.3216748,
          59.9718499
        ]
      },
      "id": "node/10674833404"
    },
    {
      "type": "Feature",
      "properties": {
        "@id": "node/10676192115",
        "amenity": "bicycle_parking"
      },
      "geometry": {
        "type": "Point",
        "coordinates": [
          30.4893813,
          59.9446847
        ]
      },
      "id": "node/10676192115"
    },
    {
      "type": "Feature",
      "properties": {
        "@id": "node/10678902428",
        "access": "yes",
        "amenity": "bicycle_parking",
        "bicycle_parking": "stands",
        "capacity": "5",
        "covered": "no",
        "fee": "no",
        "operator": "Цех85",
        "operator:type": "private"
      },
      "geometry": {
        "type": "Point",
        "coordinates": [
          30.3584228,
          59.927494
        ]
      },
      "id": "node/10678902428"
    },
    {
      "type": "Feature",
      "properties": {
        "@id": "node/10678919096",
        "access": "yes",
        "amenity": "bicycle_parking",
        "bicycle_parking": "wall_hoops",
        "capacity": "3",
        "covered": "no",
        "fee": "no",
        "operator": "Shulz и Strida",
        "operator:type": "private"
      },
      "geometry": {
        "type": "Point",
        "coordinates": [
          30.3677826,
          59.9286979
        ]
      },
      "id": "node/10678919096"
    },
    {
      "type": "Feature",
      "properties": {
        "@id": "node/10678919097",
        "access": "yes",
        "amenity": "bicycle_parking",
        "bicycle_parking": "wall_hoops",
        "capacity": "4",
        "covered": "no",
        "fee": "no",
        "operator": "Shulz и Strida",
        "operator:type": "private"
      },
      "geometry": {
        "type": "Point",
        "coordinates": [
          30.3679142,
          59.9286493
        ]
      },
      "id": "node/10678919097"
    },
    {
      "type": "Feature",
      "properties": {
        "@id": "node/10681423937",
        "access": "yes",
        "amenity": "bicycle_parking",
        "bicycle_parking": "stands",
        "capacity": "1",
        "covered": "no",
        "fee": "no"
      },
      "geometry": {
        "type": "Point",
        "coordinates": [
          30.3608963,
          59.9420503
        ]
      },
      "id": "node/10681423937"
    },
    {
      "type": "Feature",
      "properties": {
        "@id": "node/10681423938",
        "access": "yes",
        "amenity": "bicycle_parking",
        "bicycle_parking": "rack",
        "capacity": "5",
        "covered": "no",
        "fee": "no"
      },
      "geometry": {
        "type": "Point",
        "coordinates": [
          30.3608914,
          59.9427934
        ]
      },
      "id": "node/10681423938"
    },
    {
      "type": "Feature",
      "properties": {
        "@id": "node/10692826271",
        "amenity": "bicycle_parking",
        "bicycle_parking": "stands",
        "capacity": "12"
      },
      "geometry": {
        "type": "Point",
        "coordinates": [
          30.3596559,
          60.0388373
        ]
      },
      "id": "node/10692826271"
    },
    {
      "type": "Feature",
      "properties": {
        "@id": "node/10697819703",
        "access": "yes",
        "amenity": "bicycle_parking",
        "bicycle_parking": "wall_loops",
        "capacity": "7",
        "covered": "no",
        "fee": "no",
        "lit": "yes",
        "operator:type": "private",
        "source": "survey"
      },
      "geometry": {
        "type": "Point",
        "coordinates": [
          30.3109394,
          59.9661247
        ]
      },
      "id": "node/10697819703"
    },
    {
      "type": "Feature",
      "properties": {
        "@id": "node/10697839925",
        "amenity": "bicycle_parking",
        "bicycle_parking": "wall_loops",
        "capacity": "5",
        "covered": "no",
        "fee": "no"
      },
      "geometry": {
        "type": "Point",
        "coordinates": [
          30.308627,
          59.9648603
        ]
      },
      "id": "node/10697839925"
    },
    {
      "type": "Feature",
      "properties": {
        "@id": "node/10705239853",
        "amenity": "bicycle_parking",
        "covered": "yes"
      },
      "geometry": {
        "type": "Point",
        "coordinates": [
          30.4048999,
          59.9586421
        ]
      },
      "id": "node/10705239853"
    },
    {
      "type": "Feature",
      "properties": {
        "@id": "node/10709295047",
        "amenity": "bicycle_parking"
      },
      "geometry": {
        "type": "Point",
        "coordinates": [
          30.3601838,
          59.9303845
        ]
      },
      "id": "node/10709295047"
    },
    {
      "type": "Feature",
      "properties": {
        "@id": "node/10709329438",
        "amenity": "bicycle_parking"
      },
      "geometry": {
        "type": "Point",
        "coordinates": [
          30.4670846,
          59.9196664
        ]
      },
      "id": "node/10709329438"
    },
    {
      "type": "Feature",
      "properties": {
        "@id": "node/10714444923",
        "amenity": "bicycle_parking",
        "bicycle_parking": "wall_loops",
        "capacity": "11",
        "covered": "no"
      },
      "geometry": {
        "type": "Point",
        "coordinates": [
          30.3010401,
          60.0473513
        ]
      },
      "id": "node/10714444923"
    },
    {
      "type": "Feature",
      "properties": {
        "@id": "node/10717376577",
        "access": "yes",
        "amenity": "bicycle_parking",
        "bicycle_parking": "stands",
        "capacity": "5",
        "covered": "yes",
        "fee": "no"
      },
      "geometry": {
        "type": "Point",
        "coordinates": [
          30.3249961,
          59.9372674
        ]
      },
      "id": "node/10717376577"
    },
    {
      "type": "Feature",
      "properties": {
        "@id": "node/10717411531",
        "access": "yes",
        "amenity": "bicycle_parking",
        "bicycle_parking": "stands",
        "capacity": "3",
        "covered": "no",
        "fee": "no"
      },
      "geometry": {
        "type": "Point",
        "coordinates": [
          30.355059,
          59.852519
        ]
      },
      "id": "node/10717411531"
    },
    {
      "type": "Feature",
      "properties": {
        "@id": "node/10717411532",
        "access": "yes",
        "amenity": "bicycle_parking",
        "bicycle_parking": "stands",
        "capacity": "3",
        "covered": "no",
        "fee": "no"
      },
      "geometry": {
        "type": "Point",
        "coordinates": [
          30.3572933,
          59.8525217
        ]
      },
      "id": "node/10717411532"
    },
    {
      "type": "Feature",
      "properties": {
        "@id": "node/10717421438",
        "access": "yes",
        "amenity": "bicycle_parking",
        "bicycle_parking": "stands",
        "capacity": "3",
        "covered": "no",
        "fee": "no",
        "operator": "Лавка пекаря",
        "operator:type": "private"
      },
      "geometry": {
        "type": "Point",
        "coordinates": [
          30.2090332,
          59.8542424
        ]
      },
      "id": "node/10717421438"
    },
    {
      "type": "Feature",
      "properties": {
        "@id": "node/10717427759",
        "access": "yes",
        "amenity": "bicycle_parking",
        "bicycle_parking": "wall_loops",
        "capacity": "8",
        "covered": "no",
        "fee": "no"
      },
      "geometry": {
        "type": "Point",
        "coordinates": [
          30.3339162,
          59.937526
        ]
      },
      "id": "node/10717427759"
    },
    {
      "type": "Feature",
      "properties": {
        "@id": "node/10719382427",
        "amenity": "bicycle_parking",
        "bicycle_parking": "wall_loops",
        "capacity": "8",
        "covered": "no",
        "fee": "no",
        "lit": "no",
        "source": "survey"
      },
      "geometry": {
        "type": "Point",
        "coordinates": [
          30.3167253,
          59.9707585
        ]
      },
      "id": "node/10719382427"
    },
    {
      "type": "Feature",
      "properties": {
        "@id": "node/10720013759",
        "amenity": "bicycle_parking",
        "bicycle_parking": "wall_loops",
        "capacity": "5"
      },
      "geometry": {
        "type": "Point",
        "coordinates": [
          30.3179634,
          59.9752085
        ]
      },
      "id": "node/10720013759"
    },
    {
      "type": "Feature",
      "properties": {
        "@id": "node/10720013775",
        "amenity": "bicycle_parking",
        "bicycle_parking": "wall_loops",
        "capacity": "5"
      },
      "geometry": {
        "type": "Point",
        "coordinates": [
          30.3211793,
          59.9730778
        ]
      },
      "id": "node/10720013775"
    },
    {
      "type": "Feature",
      "properties": {
        "@id": "node/10721700629",
        "access": "yes",
        "amenity": "bicycle_parking",
        "bicycle_parking": "stands",
        "capacity": "5",
        "covered": "yes",
        "fee": "no",
        "operator": "ООО «Строительная компания Бриз»",
        "operator:type": "private"
      },
      "geometry": {
        "type": "Point",
        "coordinates": [
          30.3592066,
          59.9272599
        ]
      },
      "id": "node/10721700629"
    },
    {
      "type": "Feature",
      "properties": {
        "@id": "node/10723963671",
        "access": "customers",
        "amenity": "bicycle_parking",
        "bicycle_parking": "rack",
        "capacity": "10",
        "covered": "no",
        "fee": "no",
        "operator": "ГБОУ Гимназия №209 «Павловская гимназия»",
        "operator:type": "government"
      },
      "geometry": {
        "type": "Point",
        "coordinates": [
          30.3596515,
          59.9343948
        ]
      },
      "id": "node/10723963671"
    },
    {
      "type": "Feature",
      "properties": {
        "@id": "node/10726087642",
        "amenity": "bicycle_parking",
        "bicycle_parking": "informal",
        "covered": "no"
      },
      "geometry": {
        "type": "Point",
        "coordinates": [
          30.4442018,
          60.0495386
        ]
      },
      "id": "node/10726087642"
    },
    {
      "type": "Feature",
      "properties": {
        "@id": "node/10726087644",
        "amenity": "bicycle_parking",
        "bicycle_parking": "wall_loops",
        "capacity": "10",
        "colour": "black",
        "covered": "no",
        "fee": "no"
      },
      "geometry": {
        "type": "Point",
        "coordinates": [
          30.4436794,
          60.0493547
        ]
      },
      "id": "node/10726087644"
    },
    {
      "type": "Feature",
      "properties": {
        "@id": "node/10727251305",
        "amenity": "bicycle_parking"
      },
      "geometry": {
        "type": "Point",
        "coordinates": [
          30.4672089,
          59.9192894
        ]
      },
      "id": "node/10727251305"
    },
    {
      "type": "Feature",
      "properties": {
        "@id": "node/10732052386",
        "amenity": "bicycle_parking",
        "bicycle_parking": "wall_loops",
        "covered": "no",
        "fee": "no",
        "opening_hours": "24/7",
        "supervised": "no"
      },
      "geometry": {
        "type": "Point",
        "coordinates": [
          30.3421099,
          60.0727504
        ]
      },
      "id": "node/10732052386"
    },
    {
      "type": "Feature",
      "properties": {
        "@id": "node/10735816898",
        "access": "yes",
        "amenity": "bicycle_parking",
        "bicycle_parking": "rack",
        "capacity": "8",
        "covered": "no",
        "fee": "no"
      },
      "geometry": {
        "type": "Point",
        "coordinates": [
          30.3792268,
          59.8452038
        ]
      },
      "id": "node/10735816898"
    },
    {
      "type": "Feature",
      "properties": {
        "@id": "node/10737719846",
        "amenity": "bicycle_parking"
      },
      "geometry": {
        "type": "Point",
        "coordinates": [
          30.2893937,
          59.9594
        ]
      },
      "id": "node/10737719846"
    },
    {
      "type": "Feature",
      "properties": {
        "@id": "node/10738937572",
        "amenity": "bicycle_parking",
        "bicycle_parking": "wall_loops",
        "capacity": "10",
        "covered": "no"
      },
      "geometry": {
        "type": "Point",
        "coordinates": [
          30.3255023,
          59.9852672
        ]
      },
      "id": "node/10738937572"
    },
    {
      "type": "Feature",
      "properties": {
        "@id": "node/10738937576",
        "amenity": "bicycle_parking",
        "bicycle_parking": "wall_loops",
        "capacity": "15",
        "covered": "yes"
      },
      "geometry": {
        "type": "Point",
        "coordinates": [
          30.3264557,
          59.9851101
        ]
      },
      "id": "node/10738937576"
    },
    {
      "type": "Feature",
      "properties": {
        "@id": "node/10738937578",
        "amenity": "bicycle_parking",
        "bicycle_parking": "wall_loops",
        "capacity": "10",
        "covered": "yes"
      },
      "geometry": {
        "type": "Point",
        "coordinates": [
          30.3267291,
          59.9850646
        ]
      },
      "id": "node/10738937578"
    },
    {
      "type": "Feature",
      "properties": {
        "@id": "node/10738937583",
        "amenity": "bicycle_parking",
        "bicycle_parking": "wall_loops",
        "capacity": "15",
        "covered": "yes"
      },
      "geometry": {
        "type": "Point",
        "coordinates": [
          30.3245986,
          59.9854178
        ]
      },
      "id": "node/10738937583"
    },
    {
      "type": "Feature",
      "properties": {
        "@id": "node/10738942007",
        "amenity": "bicycle_parking",
        "bicycle_parking": "wall_loops",
        "capacity": "15",
        "covered": "yes"
      },
      "geometry": {
        "type": "Point",
        "coordinates": [
          30.32429,
          59.9854688
        ]
      },
      "id": "node/10738942007"
    },
    {
      "type": "Feature",
      "properties": {
        "@id": "node/10738942024",
        "amenity": "bicycle_parking"
      },
      "geometry": {
        "type": "Point",
        "coordinates": [
          30.3205248,
          59.9860831
        ]
      },
      "id": "node/10738942024"
    },
    {
      "type": "Feature",
      "properties": {
        "@id": "node/10738942027",
        "amenity": "bicycle_parking"
      },
      "geometry": {
        "type": "Point",
        "coordinates": [
          30.3211665,
          59.9859788
        ]
      },
      "id": "node/10738942027"
    },
    {
      "type": "Feature",
      "properties": {
        "@id": "node/10738942031",
        "amenity": "bicycle_parking"
      },
      "geometry": {
        "type": "Point",
        "coordinates": [
          30.3217521,
          59.985885
        ]
      },
      "id": "node/10738942031"
    },
    {
      "type": "Feature",
      "properties": {
        "@id": "node/10738942034",
        "amenity": "bicycle_parking"
      },
      "geometry": {
        "type": "Point",
        "coordinates": [
          30.3201985,
          59.9850101
        ]
      },
      "id": "node/10738942034"
    },
    {
      "type": "Feature",
      "properties": {
        "@id": "node/10738942035",
        "amenity": "bicycle_parking",
        "bicycle_parking": "wall_loops",
        "capacity": "15",
        "covered": "no"
      },
      "geometry": {
        "type": "Point",
        "coordinates": [
          30.3196804,
          59.9850949
        ]
      },
      "id": "node/10738942035"
    },
    {
      "type": "Feature",
      "properties": {
        "@id": "node/10738942036",
        "amenity": "bicycle_parking"
      },
      "geometry": {
        "type": "Point",
        "coordinates": [
          30.3207262,
          59.9849228
        ]
      },
      "id": "node/10738942036"
    },
    {
      "type": "Feature",
      "properties": {
        "@id": "node/10743173592",
        "amenity": "bicycle_parking"
      },
      "geometry": {
        "type": "Point",
        "coordinates": [
          30.3436188,
          59.9259133
        ]
      },
      "id": "node/10743173592"
    },
    {
      "type": "Feature",
      "properties": {
        "@id": "node/10747255501",
        "amenity": "bicycle_parking",
        "bicycle_parking": "wall_loops",
        "colour": "orange",
        "covered": "yes"
      },
      "geometry": {
        "type": "Point",
        "coordinates": [
          30.4054181,
          59.8571358
        ]
      },
      "id": "node/10747255501"
    },
    {
      "type": "Feature",
      "properties": {
        "@id": "node/10751407853",
        "amenity": "bicycle_parking",
        "bicycle_parking": "wall_loops",
        "capacity": "5",
        "colour": "gray",
        "fee": "no"
      },
      "geometry": {
        "type": "Point",
        "coordinates": [
          30.4148736,
          59.8600733
        ]
      },
      "id": "node/10751407853"
    },
    {
      "type": "Feature",
      "properties": {
        "@id": "node/10751407863",
        "amenity": "bicycle_parking",
        "bicycle_parking": "wall_loops",
        "capacity": "10",
        "colour": "gray",
        "fee": "no"
      },
      "geometry": {
        "type": "Point",
        "coordinates": [
          30.4146,
          59.8603722
        ]
      },
      "id": "node/10751407863"
    },
    {
      "type": "Feature",
      "properties": {
        "@id": "node/10751924660",
        "amenity": "bicycle_parking",
        "bicycle_parking": "wall_loops",
        "capacity": "4",
        "colour": "gray",
        "fee": "no"
      },
      "geometry": {
        "type": "Point",
        "coordinates": [
          30.4101817,
          59.8594753
        ]
      },
      "id": "node/10751924660"
    },
    {
      "type": "Feature",
      "properties": {
        "@id": "node/10751924661",
        "amenity": "bicycle_parking",
        "bicycle_parking": "wall_loops",
        "capacity": "4",
        "colour": "gray",
        "fee": "no"
      },
      "geometry": {
        "type": "Point",
        "coordinates": [
          30.4106451,
          59.8595965
        ]
      },
      "id": "node/10751924661"
    },
    {
      "type": "Feature",
      "properties": {
        "@id": "node/10751924662",
        "amenity": "bicycle_parking",
        "bicycle_parking": "wall_loops",
        "capacity": "4",
        "colour": "gray",
        "fee": "no"
      },
      "geometry": {
        "type": "Point",
        "coordinates": [
          30.4110937,
          59.8597207
        ]
      },
      "id": "node/10751924662"
    },
    {
      "type": "Feature",
      "properties": {
        "@id": "node/10751924663",
        "amenity": "bicycle_parking",
        "bicycle_parking": "wall_loops",
        "capacity": "10",
        "colour": "gray",
        "fee": "no"
      },
      "geometry": {
        "type": "Point",
        "coordinates": [
          30.4119741,
          59.8599738
        ]
      },
      "id": "node/10751924663"
    },
    {
      "type": "Feature",
      "properties": {
        "@id": "node/10751924665",
        "amenity": "bicycle_parking",
        "bicycle_parking": "wall_loops",
        "capacity": "10",
        "colour": "gray",
        "fee": "no"
      },
      "geometry": {
        "type": "Point",
        "coordinates": [
          30.4124334,
          59.8601007
        ]
      },
      "id": "node/10751924665"
    },
    {
      "type": "Feature",
      "properties": {
        "@id": "node/10751924666",
        "amenity": "bicycle_parking",
        "bicycle_parking": "wall_loops",
        "capacity": "10",
        "colour": "gray",
        "fee": "no"
      },
      "geometry": {
        "type": "Point",
        "coordinates": [
          30.412881,
          59.8602194
        ]
      },
      "id": "node/10751924666"
    },
    {
      "type": "Feature",
      "properties": {
        "@id": "node/10751955575",
        "amenity": "bicycle_parking",
        "bicycle_parking": "wall_loops",
        "capacity": "10",
        "colour": "gray",
        "fee": "no"
      },
      "geometry": {
        "type": "Point",
        "coordinates": [
          30.4143221,
          59.8595706
        ]
      },
      "id": "node/10751955575"
    },
    {
      "type": "Feature",
      "properties": {
        "@id": "node/10757576152",
        "amenity": "bicycle_parking",
        "bicycle_parking": "wall_loops",
        "capacity": "4",
        "colour": "gray",
        "fee": "no"
      },
      "geometry": {
        "type": "Point",
        "coordinates": [
          30.4114005,
          59.8578778
        ]
      },
      "id": "node/10757576152"
    },
    {
      "type": "Feature",
      "properties": {
        "@id": "node/10757576153",
        "amenity": "bicycle_parking",
        "bicycle_parking": "wall_loops",
        "capacity": "4",
        "colour": "gray",
        "fee": "no"
      },
      "geometry": {
        "type": "Point",
        "coordinates": [
          30.4110645,
          59.858181
        ]
      },
      "id": "node/10757576153"
    },
    {
      "type": "Feature",
      "properties": {
        "@id": "node/10757576154",
        "amenity": "bicycle_parking",
        "bicycle_parking": "wall_loops",
        "capacity": "4",
        "colour": "gray",
        "fee": "no"
      },
      "geometry": {
        "type": "Point",
        "coordinates": [
          30.4087273,
          59.8588445
        ]
      },
      "id": "node/10757576154"
    },
    {
      "type": "Feature",
      "properties": {
        "@id": "node/10757576155",
        "amenity": "bicycle_parking",
        "bicycle_parking": "wall_loops",
        "capacity": "4",
        "colour": "gray",
        "fee": "no"
      },
      "geometry": {
        "type": "Point",
        "coordinates": [
          30.4084011,
          59.8591482
        ]
      },
      "id": "node/10757576155"
    },
    {
      "type": "Feature",
      "properties": {
        "@id": "node/10757576159",
        "amenity": "bicycle_parking",
        "bicycle_parking": "wall_loops",
        "capacity": "5",
        "colour": "gray",
        "fee": "no"
      },
      "geometry": {
        "type": "Point",
        "coordinates": [
          30.4126249,
          59.8594142
        ]
      },
      "id": "node/10757576159"
    },
    {
      "type": "Feature",
      "properties": {
        "@id": "node/10757576162",
        "amenity": "bicycle_parking",
        "bicycle_parking": "wall_loops",
        "capacity": "5",
        "colour": "gray",
        "fee": "no"
      },
      "geometry": {
        "type": "Point",
        "coordinates": [
          30.4129407,
          59.8591219
        ]
      },
      "id": "node/10757576162"
    },
    {
      "type": "Feature",
      "properties": {
        "@id": "node/10757794413",
        "amenity": "bicycle_parking",
        "bicycle_parking": "wall_loops",
        "capacity": "4",
        "colour": "gray",
        "fee": "no"
      },
      "geometry": {
        "type": "Point",
        "coordinates": [
          30.4073493,
          59.8584224
        ]
      },
      "id": "node/10757794413"
    },
    {
      "type": "Feature",
      "properties": {
        "@id": "node/10757794414",
        "amenity": "bicycle_parking",
        "bicycle_parking": "wall_loops",
        "capacity": "4",
        "colour": "gray",
        "fee": "no"
      },
      "geometry": {
        "type": "Point",
        "coordinates": [
          30.4058352,
          59.8580439
        ]
      },
      "id": "node/10757794414"
    },
    {
      "type": "Feature",
      "properties": {
        "@id": "node/10758433623",
        "amenity": "bicycle_parking",
        "bicycle_parking": "safe_loops",
        "capacity": "4",
        "covered": "no"
      },
      "geometry": {
        "type": "Point",
        "coordinates": [
          30.3114026,
          60.0521507
        ]
      },
      "id": "node/10758433623"
    },
    {
      "type": "Feature",
      "properties": {
        "@id": "node/10761451659",
        "access": "customers",
        "amenity": "bicycle_parking",
        "bicycle_parking": "rack",
        "capacity": "6",
        "covered": "no",
        "fee": "no"
      },
      "geometry": {
        "type": "Point",
        "coordinates": [
          30.3639245,
          59.9365259
        ]
      },
      "id": "node/10761451659"
    },
    {
      "type": "Feature",
      "properties": {
        "@id": "node/10763846953",
        "amenity": "bicycle_parking",
        "bicycle_parking": "stands",
        "capacity": "4",
        "colour": "orange",
        "covered": "yes",
        "fee": "no"
      },
      "geometry": {
        "type": "Point",
        "coordinates": [
          30.3913609,
          59.8729945
        ]
      },
      "id": "node/10763846953"
    },
    {
      "type": "Feature",
      "properties": {
        "@id": "node/10763846954",
        "amenity": "bicycle_parking",
        "bicycle_parking": "stands",
        "capacity": "6",
        "colour": "gray",
        "covered": "no",
        "fee": "no"
      },
      "geometry": {
        "type": "Point",
        "coordinates": [
          30.3912971,
          59.872797
        ]
      },
      "id": "node/10763846954"
    },
    {
      "type": "Feature",
      "properties": {
        "@id": "node/10764649941",
        "amenity": "bicycle_parking",
        "bicycle_parking": "stands",
        "capacity": "7",
        "covered": "no",
        "fee": "no",
        "opening_hours": "24/7",
        "supervised": "no"
      },
      "geometry": {
        "type": "Point",
        "coordinates": [
          30.3631398,
          59.9004035
        ]
      },
      "id": "node/10764649941"
    },
    {
      "type": "Feature",
      "properties": {
        "@id": "node/10773856631",
        "access": "yes",
        "amenity": "bicycle_parking",
        "bicycle_parking": "stands",
        "capacity": "4",
        "covered": "no",
        "fee": "no",
        "operator": "ОАО «РЖД»",
        "operator:type": "private"
      },
      "geometry": {
        "type": "Point",
        "coordinates": [
          30.3632323,
          59.9293939
        ]
      },
      "id": "node/10773856631"
    },
    {
      "type": "Feature",
      "properties": {
        "@id": "node/10777561926",
        "access": "yes",
        "amenity": "bicycle_parking",
        "bicycle_parking": "wall_loops",
        "capacity": "5",
        "covered": "no",
        "fee": "no"
      },
      "geometry": {
        "type": "Point",
        "coordinates": [
          30.3983191,
          59.8273789
        ]
      },
      "id": "node/10777561926"
    },
    {
      "type": "Feature",
      "properties": {
        "@id": "node/10792593333",
        "amenity": "bicycle_parking",
        "bicycle_parking": "wall_loops",
        "capacity": "5",
        "covered": "no"
      },
      "geometry": {
        "type": "Point",
        "coordinates": [
          30.3992015,
          59.8268287
        ]
      },
      "id": "node/10792593333"
    },
    {
      "type": "Feature",
      "properties": {
        "@id": "node/10794811434",
        "amenity": "bicycle_parking",
        "capacity": "5",
        "covered": "no"
      },
      "geometry": {
        "type": "Point",
        "coordinates": [
          30.3448925,
          59.9597204
        ]
      },
      "id": "node/10794811434"
    },
    {
      "type": "Feature",
      "properties": {
        "@id": "node/10795113550",
        "amenity": "bicycle_parking"
      },
      "geometry": {
        "type": "Point",
        "coordinates": [
          30.3446554,
          59.9215218
        ]
      },
      "id": "node/10795113550"
    },
    {
      "type": "Feature",
      "properties": {
        "@id": "node/10795113551",
        "amenity": "bicycle_parking"
      },
      "geometry": {
        "type": "Point",
        "coordinates": [
          30.3447257,
          59.9214863
        ]
      },
      "id": "node/10795113551"
    },
    {
      "type": "Feature",
      "properties": {
        "@id": "node/10795206855",
        "amenity": "bicycle_parking"
      },
      "geometry": {
        "type": "Point",
        "coordinates": [
          30.2343344,
          59.9489529
        ]
      },
      "id": "node/10795206855"
    },
    {
      "type": "Feature",
      "properties": {
        "@id": "node/10795420431",
        "amenity": "bicycle_parking",
        "bicycle_parking": "wall_loops",
        "capacity": "5",
        "covered": "no"
      },
      "geometry": {
        "type": "Point",
        "coordinates": [
          30.3988266,
          59.827156
        ]
      },
      "id": "node/10795420431"
    },
    {
      "type": "Feature",
      "properties": {
        "@id": "node/10797303199",
        "amenity": "bicycle_parking"
      },
      "geometry": {
        "type": "Point",
        "coordinates": [
          30.2866529,
          59.9418015
        ]
      },
      "id": "node/10797303199"
    },
    {
      "type": "Feature",
      "properties": {
        "@id": "node/10798980746",
        "access": "yes",
        "amenity": "bicycle_parking",
        "bicycle_parking": "wall_loops",
        "capacity": "5",
        "covered": "no",
        "fee": "no"
      },
      "geometry": {
        "type": "Point",
        "coordinates": [
          30.397805,
          59.8283804
        ]
      },
      "id": "node/10798980746"
    },
    {
      "type": "Feature",
      "properties": {
        "@id": "node/10803234994",
        "amenity": "bicycle_parking",
        "bicycle_parking": "wall_loops",
        "capacity": "8",
        "covered": "no"
      },
      "geometry": {
        "type": "Point",
        "coordinates": [
          30.2114386,
          60.0019327
        ]
      },
      "id": "node/10803234994"
    },
    {
      "type": "Feature",
      "properties": {
        "@id": "node/10803234995",
        "amenity": "bicycle_parking",
        "bicycle_parking": "wall_loops",
        "capacity": "7",
        "covered": "no"
      },
      "geometry": {
        "type": "Point",
        "coordinates": [
          30.2118381,
          60.0014198
        ]
      },
      "id": "node/10803234995"
    },
    {
      "type": "Feature",
      "properties": {
        "@id": "node/10807028927",
        "access": "yes",
        "amenity": "bicycle_parking",
        "bicycle_parking": "wall_loops",
        "capacity": "7",
        "covered": "no",
        "fee": "no"
      },
      "geometry": {
        "type": "Point",
        "coordinates": [
          30.3985614,
          59.8290645
        ]
      },
      "id": "node/10807028927"
    },
    {
      "type": "Feature",
      "properties": {
        "@id": "node/10823930999",
        "access": "yes",
        "amenity": "bicycle_parking",
        "bicycle_parking": "wall_loops",
        "capacity": "5",
        "covered": "no",
        "fee": "no"
      },
      "geometry": {
        "type": "Point",
        "coordinates": [
          30.3993092,
          59.8287676
        ]
      },
      "id": "node/10823930999"
    },
    {
      "type": "Feature",
      "properties": {
        "@id": "node/10834381380",
        "access": "yes",
        "amenity": "bicycle_parking",
        "bicycle_parking": "stands",
        "capacity": "5",
        "covered": "no",
        "fee": "no"
      },
      "geometry": {
        "type": "Point",
        "coordinates": [
          30.3344166,
          59.9583136
        ]
      },
      "id": "node/10834381380"
    },
    {
      "type": "Feature",
      "properties": {
        "@id": "node/10834404833",
        "access": "yes",
        "amenity": "bicycle_parking",
        "bicycle_parking": "stands",
        "capacity": "3",
        "covered": "no",
        "fee": "no",
        "operator": "JNBY",
        "operator:type": "private"
      },
      "geometry": {
        "type": "Point",
        "coordinates": [
          30.3720274,
          59.928826
        ]
      },
      "id": "node/10834404833"
    },
    {
      "type": "Feature",
      "properties": {
        "@id": "node/10834409381",
        "access": "yes",
        "amenity": "bicycle_parking",
        "bicycle_parking": "stands",
        "capacity": "5",
        "covered": "no",
        "fee": "no"
      },
      "geometry": {
        "type": "Point",
        "coordinates": [
          30.3559224,
          59.9872401
        ]
      },
      "id": "node/10834409381"
    },
    {
      "type": "Feature",
      "properties": {
        "@id": "node/10834409382",
        "access": "yes",
        "amenity": "bicycle_parking",
        "bicycle_parking": "stands",
        "capacity": "5",
        "covered": "no",
        "fee": "no"
      },
      "geometry": {
        "type": "Point",
        "coordinates": [
          30.3548134,
          59.987873
        ]
      },
      "id": "node/10834409382"
    },
    {
      "type": "Feature",
      "properties": {
        "@id": "node/10834412772",
        "access": "permit",
        "amenity": "bicycle_parking",
        "bicycle_parking": "wall_loops",
        "capacity": "13",
        "covered": "no",
        "fee": "no",
        "operator": "АО «Компрессор»",
        "operator:type": "private"
      },
      "geometry": {
        "type": "Point",
        "coordinates": [
          30.3380531,
          59.9768829
        ]
      },
      "id": "node/10834412772"
    },
    {
      "type": "Feature",
      "properties": {
        "@id": "node/10834412916",
        "access": "yes",
        "amenity": "bicycle_parking",
        "bicycle_parking": "wall_loops",
        "capacity": "5",
        "covered": "no",
        "fee": "no"
      },
      "geometry": {
        "type": "Point",
        "coordinates": [
          30.3793218,
          59.8284316
        ]
      },
      "id": "node/10834412916"
    },
    {
      "type": "Feature",
      "properties": {
        "@id": "node/10834412917",
        "access": "yes",
        "amenity": "bicycle_parking",
        "bicycle_parking": "stands",
        "capacity": "8",
        "covered": "no",
        "fee": "no"
      },
      "geometry": {
        "type": "Point",
        "coordinates": [
          30.3802472,
          59.8284963
        ]
      },
      "id": "node/10834412917"
    },
    {
      "type": "Feature",
      "properties": {
        "@id": "node/10834431316",
        "access": "yes",
        "amenity": "bicycle_parking",
        "bicycle_parking": "wall_loops",
        "capacity": "15",
        "covered": "yes",
        "fee": "no"
      },
      "geometry": {
        "type": "Point",
        "coordinates": [
          30.3343231,
          59.9632522
        ]
      },
      "id": "node/10834431316"
    },
    {
      "type": "Feature",
      "properties": {
        "@id": "node/10840044588",
        "amenity": "bicycle_parking",
        "bicycle_parking": "rack",
        "capacity": "7",
        "covered": "yes",
        "fee": "no"
      },
      "geometry": {
        "type": "Point",
        "coordinates": [
          30.3698031,
          59.871286
        ]
      },
      "id": "node/10840044588"
    },
    {
      "type": "Feature",
      "properties": {
        "@id": "node/10840044593",
        "amenity": "bicycle_parking",
        "bicycle_parking": "rack",
        "capacity": "7",
        "covered": "yes",
        "fee": "no",
        "source": "survey"
      },
      "geometry": {
        "type": "Point",
        "coordinates": [
          30.3690534,
          59.8714008
        ]
      },
      "id": "node/10840044593"
    },
    {
      "type": "Feature",
      "properties": {
        "@id": "node/10856483185",
        "access": "yes",
        "amenity": "bicycle_parking",
        "bicycle_parking": "stands",
        "capacity": "6",
        "covered": "yes",
        "fee": "no"
      },
      "geometry": {
        "type": "Point",
        "coordinates": [
          30.3559048,
          59.9862099
        ]
      },
      "id": "node/10856483185"
    },
    {
      "type": "Feature",
      "properties": {
        "@id": "node/10858695736",
        "access": "customers",
        "amenity": "bicycle_parking",
        "bicycle_parking": "wall_loops",
        "capacity": "9",
        "covered": "no",
        "fee": "no",
        "operator": "ГБОУ школа №104 имени М.С.Харченко Выборгского района Санкт-Петербурга"
      },
      "geometry": {
        "type": "Point",
        "coordinates": [
          30.3501591,
          59.9864132
        ]
      },
      "id": "node/10858695736"
    },
    {
      "type": "Feature",
      "properties": {
        "@id": "node/10875009008",
        "amenity": "bicycle_parking",
        "bicycle_parking": "stands",
        "capacity": "4"
      },
      "geometry": {
        "type": "Point",
        "coordinates": [
          30.3628401,
          60.0432545
        ]
      },
      "id": "node/10875009008"
    },
    {
      "type": "Feature",
      "properties": {
        "@id": "node/10875009009",
        "amenity": "bicycle_parking",
        "bicycle_parking": "stands",
        "capacity": "4"
      },
      "geometry": {
        "type": "Point",
        "coordinates": [
          30.414091,
          60.0523764
        ]
      },
      "id": "node/10875009009"
    },
    {
      "type": "Feature",
      "properties": {
        "@id": "node/10878422512",
        "amenity": "bicycle_parking"
      },
      "geometry": {
        "type": "Point",
        "coordinates": [
          30.3860264,
          59.9470995
        ]
      },
      "id": "node/10878422512"
    },
    {
      "type": "Feature",
      "properties": {
        "@id": "node/10880349906",
        "access": "yes",
        "amenity": "bicycle_parking",
        "bicycle_parking": "wall_loops",
        "capacity": "9",
        "covered": "no",
        "fee": "no"
      },
      "geometry": {
        "type": "Point",
        "coordinates": [
          30.3988014,
          59.8276051
        ]
      },
      "id": "node/10880349906"
    },
    {
      "type": "Feature",
      "properties": {
        "@id": "node/10904669416",
        "access": "yes",
        "amenity": "bicycle_parking",
        "covered": "no",
        "fee": "no"
      },
      "geometry": {
        "type": "Point",
        "coordinates": [
          30.4093293,
          59.8315394
        ]
      },
      "id": "node/10904669416"
    },
    {
      "type": "Feature",
      "properties": {
        "@id": "node/10904719509",
        "access": "yes",
        "amenity": "bicycle_parking",
        "covered": "no",
        "fee": "no"
      },
      "geometry": {
        "type": "Point",
        "coordinates": [
          30.4059842,
          59.8343244
        ]
      },
      "id": "node/10904719509"
    },
    {
      "type": "Feature",
      "properties": {
        "@id": "node/10906469130",
        "amenity": "bicycle_parking",
        "bicycle_parking": "stands",
        "capacity": "4",
        "covered": "no",
        "fee": "no",
        "opening_hours": "24/7",
        "supervised": "no"
      },
      "geometry": {
        "type": "Point",
        "coordinates": [
          30.2418537,
          59.9247342
        ]
      },
      "id": "node/10906469130"
    },
    {
      "type": "Feature",
      "properties": {
        "@id": "node/10912032157",
        "access": "customers",
        "amenity": "bicycle_parking",
        "bicycle_parking": "wall_loops",
        "capacity": "10",
        "covered": "no",
        "fee": "no"
      },
      "geometry": {
        "type": "Point",
        "coordinates": [
          30.3617819,
          59.9361064
        ]
      },
      "id": "node/10912032157"
    },
    {
      "type": "Feature",
      "properties": {
        "@id": "node/10912055816",
        "access": "yes",
        "amenity": "bicycle_parking",
        "bicycle_parking": "wall_loops",
        "capacity": "10",
        "covered": "no",
        "fee": "no"
      },
      "geometry": {
        "type": "Point",
        "coordinates": [
          30.3895813,
          59.9481355
        ]
      },
      "id": "node/10912055816"
    },
    {
      "type": "Feature",
      "properties": {
        "@id": "node/10913992947",
        "amenity": "bicycle_parking"
      },
      "geometry": {
        "type": "Point",
        "coordinates": [
          30.3452703,
          59.9276648
        ]
      },
      "id": "node/10913992947"
    },
    {
      "type": "Feature",
      "properties": {
        "@id": "node/10919808861",
        "amenity": "bicycle_parking",
        "bicycle_parking": "wall_loops",
        "capacity": "3",
        "colour": "red",
        "covered": "no",
        "fee": "no",
        "operator:type": "private",
        "source": "survey"
      },
      "geometry": {
        "type": "Point",
        "coordinates": [
          30.3703483,
          59.8788552
        ]
      },
      "id": "node/10919808861"
    },
    {
      "type": "Feature",
      "properties": {
        "@id": "node/10921525231",
        "access": "yes",
        "amenity": "bicycle_parking",
        "bicycle_parking": "stands",
        "covered": "no",
        "fee": "no",
        "operator:type": "private"
      },
      "geometry": {
        "type": "Point",
        "coordinates": [
          30.2900581,
          59.9595521
        ]
      },
      "id": "node/10921525231"
    },
    {
      "type": "Feature",
      "properties": {
        "@id": "node/10926000752",
        "amenity": "bicycle_parking",
        "bicycle_parking": "stands",
        "capacity": "8",
        "covered": "no"
      },
      "geometry": {
        "type": "Point",
        "coordinates": [
          30.4100422,
          59.8327885
        ]
      },
      "id": "node/10926000752"
    },
    {
      "type": "Feature",
      "properties": {
        "@id": "node/10929174418",
        "amenity": "bicycle_parking",
        "bicycle_parking": "wall_loops",
        "covered": "no",
        "fee": "no",
        "opening_hours": "24/7",
        "supervised": "no"
      },
      "geometry": {
        "type": "Point",
        "coordinates": [
          30.4475529,
          59.956279
        ]
      },
      "id": "node/10929174418"
    },
    {
      "type": "Feature",
      "properties": {
        "@id": "node/10929174419",
        "amenity": "bicycle_parking",
        "bicycle_parking": "wall_loops",
        "covered": "no",
        "fee": "no",
        "opening_hours": "24/7",
        "supervised": "no"
      },
      "geometry": {
        "type": "Point",
        "coordinates": [
          30.4475006,
          59.9561571
        ]
      },
      "id": "node/10929174419"
    },
    {
      "type": "Feature",
      "properties": {
        "@id": "node/10929174420",
        "amenity": "bicycle_parking",
        "bicycle_parking": "wall_loops",
        "covered": "no",
        "fee": "no",
        "opening_hours": "24/7",
        "supervised": "no"
      },
      "geometry": {
        "type": "Point",
        "coordinates": [
          30.4475275,
          59.9559996
        ]
      },
      "id": "node/10929174420"
    },
    {
      "type": "Feature",
      "properties": {
        "@id": "node/10929174421",
        "amenity": "bicycle_parking",
        "bicycle_parking": "wall_loops",
        "covered": "no",
        "fee": "no",
        "opening_hours": "24/7",
        "supervised": "no"
      },
      "geometry": {
        "type": "Point",
        "coordinates": [
          30.447506,
          59.9558889
        ]
      },
      "id": "node/10929174421"
    },
    {
      "type": "Feature",
      "properties": {
        "@id": "node/10929174422",
        "amenity": "bicycle_parking",
        "bicycle_parking": "wall_loops",
        "covered": "no",
        "fee": "no",
        "opening_hours": "24/7",
        "supervised": "no"
      },
      "geometry": {
        "type": "Point",
        "coordinates": [
          30.4475711,
          59.9558093
        ]
      },
      "id": "node/10929174422"
    },
    {
      "type": "Feature",
      "properties": {
        "@id": "node/10929174423",
        "amenity": "bicycle_parking",
        "bicycle_parking": "wall_loops",
        "covered": "no",
        "fee": "no",
        "opening_hours": "24/7",
        "supervised": "no"
      },
      "geometry": {
        "type": "Point",
        "coordinates": [
          30.4475395,
          59.9556753
        ]
      },
      "id": "node/10929174423"
    },
    {
      "type": "Feature",
      "properties": {
        "@id": "node/10929174425",
        "amenity": "bicycle_parking",
        "bicycle_parking": "wall_loops",
        "covered": "no",
        "fee": "no",
        "opening_hours": "24/7",
        "supervised": "no"
      },
      "geometry": {
        "type": "Point",
        "coordinates": [
          30.4475503,
          59.955578
        ]
      },
      "id": "node/10929174425"
    },
    {
      "type": "Feature",
      "properties": {
        "@id": "node/10933643035",
        "access": "yes",
        "amenity": "bicycle_parking",
        "bicycle_parking": "wall_loops",
        "capacity": "6",
        "covered": "yes"
      },
      "geometry": {
        "type": "Point",
        "coordinates": [
          30.3111234,
          60.0526154
        ]
      },
      "id": "node/10933643035"
    },
    {
      "type": "Feature",
      "properties": {
        "@id": "node/10947354767",
        "access": "customers",
        "amenity": "bicycle_parking",
        "bicycle_parking": "wall_loops",
        "capacity": "5",
        "covered": "no",
        "fee": "no"
      },
      "geometry": {
        "type": "Point",
        "coordinates": [
          30.3457283,
          59.9125684
        ]
      },
      "id": "node/10947354767"
    },
    {
      "type": "Feature",
      "properties": {
        "@id": "node/10947438120",
        "access": "yes",
        "amenity": "bicycle_parking",
        "bicycle_parking": "wall_loops",
        "capacity": "2",
        "covered": "no",
        "fee": "no"
      },
      "geometry": {
        "type": "Point",
        "coordinates": [
          30.3841577,
          59.9485184
        ]
      },
      "id": "node/10947438120"
    },
    {
      "type": "Feature",
      "properties": {
        "@id": "node/10947438121",
        "access": "yes",
        "amenity": "bicycle_parking",
        "bicycle_parking": "wall_loops",
        "capacity": "2",
        "covered": "no",
        "fee": "no"
      },
      "geometry": {
        "type": "Point",
        "coordinates": [
          30.3846137,
          59.9485131
        ]
      },
      "id": "node/10947438121"
    },
    {
      "type": "Feature",
      "properties": {
        "@id": "node/10947438122",
        "access": "yes",
        "amenity": "bicycle_parking",
        "bicycle_parking": "wall_loops",
        "capacity": "2",
        "covered": "no",
        "fee": "no"
      },
      "geometry": {
        "type": "Point",
        "coordinates": [
          30.3840075,
          59.9485225
        ]
      },
      "id": "node/10947438122"
    },
    {
      "type": "Feature",
      "properties": {
        "@id": "node/10947438123",
        "access": "yes",
        "amenity": "bicycle_parking",
        "bicycle_parking": "wall_loops",
        "capacity": "2",
        "covered": "no",
        "fee": "no"
      },
      "geometry": {
        "type": "Point",
        "coordinates": [
          30.3847425,
          59.9485144
        ]
      },
      "id": "node/10947438123"
    },
    {
      "type": "Feature",
      "properties": {
        "@id": "node/10948844576",
        "amenity": "bicycle_parking",
        "bicycle_parking": "stands",
        "capacity": "2",
        "covered": "no"
      },
      "geometry": {
        "type": "Point",
        "coordinates": [
          30.3068639,
          59.9910584
        ]
      },
      "id": "node/10948844576"
    },
    {
      "type": "Feature",
      "properties": {
        "@id": "node/10949415655",
        "access": "yes",
        "amenity": "bicycle_parking",
        "bicycle_parking": "wall_loops",
        "capacity": "4",
        "covered": "yes",
        "fee": "no"
      },
      "geometry": {
        "type": "Point",
        "coordinates": [
          30.3929013,
          59.8576778
        ]
      },
      "id": "node/10949415655"
    },
    {
      "type": "Feature",
      "properties": {
        "@id": "node/10949415656",
        "access": "yes",
        "amenity": "bicycle_parking",
        "bicycle_parking": "wall_loops",
        "capacity": "5",
        "covered": "yes",
        "fee": "no"
      },
      "geometry": {
        "type": "Point",
        "coordinates": [
          30.3884341,
          59.8585414
        ]
      },
      "id": "node/10949415656"
    },
    {
      "type": "Feature",
      "properties": {
        "@id": "node/10949415657",
        "access": "yes",
        "amenity": "bicycle_parking",
        "bicycle_parking": "stands",
        "capacity": "4",
        "fee": "no"
      },
      "geometry": {
        "type": "Point",
        "coordinates": [
          30.3859422,
          59.857958
        ]
      },
      "id": "node/10949415657"
    },
    {
      "type": "Feature",
      "properties": {
        "@id": "node/10949446142",
        "amenity": "bicycle_parking",
        "bicycle_parking": "wall_loops",
        "capacity": "8",
        "covered": "no"
      },
      "geometry": {
        "type": "Point",
        "coordinates": [
          30.3031882,
          59.9870617
        ]
      },
      "id": "node/10949446142"
    },
    {
      "type": "Feature",
      "properties": {
        "@id": "node/10951859508",
        "amenity": "bicycle_parking",
        "bicycle_parking": "stands",
        "capacity": "8",
        "colour": "orange",
        "covered": "no",
        "fee": "no",
        "operator:type": "private",
        "source": "survey"
      },
      "geometry": {
        "type": "Point",
        "coordinates": [
          30.3679697,
          59.8845888
        ]
      },
      "id": "node/10951859508"
    },
    {
      "type": "Feature",
      "properties": {
        "@id": "node/10968060002",
        "amenity": "bicycle_parking"
      },
      "geometry": {
        "type": "Point",
        "coordinates": [
          30.4769047,
          59.9219207
        ]
      },
      "id": "node/10968060002"
    },
    {
      "type": "Feature",
      "properties": {
        "@id": "node/10971493648",
        "access": "yes",
        "amenity": "bicycle_parking",
        "bicycle_parking": "wall_loops",
        "capacity": "5",
        "covered": "no",
        "fee": "no"
      },
      "geometry": {
        "type": "Point",
        "coordinates": [
          30.3625242,
          59.936427
        ]
      },
      "id": "node/10971493648"
    },
    {
      "type": "Feature",
      "properties": {
        "@id": "node/10973773581",
        "amenity": "bicycle_parking",
        "bicycle_parking": "stands",
        "capacity": "5",
        "covered": "no"
      },
      "geometry": {
        "type": "Point",
        "coordinates": [
          30.2998457,
          59.9895352
        ]
      },
      "id": "node/10973773581"
    },
    {
      "type": "Feature",
      "properties": {
        "@id": "node/10977225391",
        "amenity": "bicycle_parking"
      },
      "geometry": {
        "type": "Point",
        "coordinates": [
          30.3126998,
          59.9623984
        ]
      },
      "id": "node/10977225391"
    },
    {
      "type": "Feature",
      "properties": {
        "@id": "node/11001464977",
        "amenity": "bicycle_parking",
        "capacity": "4",
        "covered": "no"
      },
      "geometry": {
        "type": "Point",
        "coordinates": [
          30.3469098,
          59.8779914
        ]
      },
      "id": "node/11001464977"
    },
    {
      "type": "Feature",
      "properties": {
        "@id": "node/11006054650",
        "access": "yes",
        "amenity": "bicycle_parking",
        "bicycle_parking": "stands",
        "capacity": "5",
        "covered": "no",
        "fee": "no"
      },
      "geometry": {
        "type": "Point",
        "coordinates": [
          30.3615949,
          59.9326758
        ]
      },
      "id": "node/11006054650"
    },
    {
      "type": "Feature",
      "properties": {
        "@id": "node/11025590070",
        "access": "yes",
        "amenity": "bicycle_parking",
        "covered": "no"
      },
      "geometry": {
        "type": "Point",
        "coordinates": [
          30.3171554,
          59.9871022
        ]
      },
      "id": "node/11025590070"
    },
    {
      "type": "Feature",
      "properties": {
        "@id": "node/11031811862",
        "amenity": "bicycle_parking",
        "bicycle_parking": "wall_loops",
        "capacity": "14",
        "covered": "no",
        "fee": "no",
        "source": "survey"
      },
      "geometry": {
        "type": "Point",
        "coordinates": [
          30.2774929,
          59.9235189
        ]
      },
      "id": "node/11031811862"
    },
    {
      "type": "Feature",
      "properties": {
        "@id": "node/11031867256",
        "access": "yes",
        "amenity": "bicycle_parking",
        "bicycle_parking": "stands",
        "capacity": "3",
        "covered": "no",
        "fee": "no",
        "opening_hours": "24/7"
      },
      "geometry": {
        "type": "Point",
        "coordinates": [
          30.3162485,
          59.9706674
        ]
      },
      "id": "node/11031867256"
    },
    {
      "type": "Feature",
      "properties": {
        "@id": "node/11034615510",
        "access": "yes",
        "amenity": "bicycle_parking",
        "bicycle_parking": "stands",
        "capacity": "2",
        "covered": "no",
        "fee": "no"
      },
      "geometry": {
        "type": "Point",
        "coordinates": [
          30.5571433,
          59.9461176
        ]
      },
      "id": "node/11034615510"
    },
    {
      "type": "Feature",
      "properties": {
        "@id": "node/11034617120",
        "access": "yes",
        "amenity": "bicycle_parking",
        "bicycle_parking": "wall_loops",
        "capacity": "4",
        "covered": "no",
        "fee": "no"
      },
      "geometry": {
        "type": "Point",
        "coordinates": [
          30.4133566,
          59.9443788
        ]
      },
      "id": "node/11034617120"
    },
    {
      "type": "Feature",
      "properties": {
        "@id": "node/11035190273",
        "amenity": "bicycle_parking",
        "covered": "no",
        "fee": "no"
      },
      "geometry": {
        "type": "Point",
        "coordinates": [
          30.3243463,
          59.8750592
        ]
      },
      "id": "node/11035190273"
    },
    {
      "type": "Feature",
      "properties": {
        "@id": "node/11039593050",
        "amenity": "bicycle_parking",
        "capacity": "6",
        "covered": "no",
        "fee": "no"
      },
      "geometry": {
        "type": "Point",
        "coordinates": [
          30.3526805,
          60.0001554
        ]
      },
      "id": "node/11039593050"
    },
    {
      "type": "Feature",
      "properties": {
        "@id": "node/11061364110",
        "amenity": "bicycle_parking",
        "capacity": "6",
        "covered": "no",
        "fee": "no"
      },
      "geometry": {
        "type": "Point",
        "coordinates": [
          30.2697715,
          59.903247
        ]
      },
      "id": "node/11061364110"
    },
    {
      "type": "Feature",
      "properties": {
        "@id": "node/11073912250",
        "amenity": "bicycle_parking",
        "bicycle_parking": "wall_loops",
        "capacity": "5",
        "covered": "yes"
      },
      "geometry": {
        "type": "Point",
        "coordinates": [
          30.3004147,
          59.9877256
        ]
      },
      "id": "node/11073912250"
    },
    {
      "type": "Feature",
      "properties": {
        "@id": "node/11074002661",
        "access": "yes",
        "amenity": "bicycle_parking",
        "bicycle_parking": "wall_loops",
        "capacity": "8",
        "covered": "no",
        "fee": "no"
      },
      "geometry": {
        "type": "Point",
        "coordinates": [
          30.2784133,
          59.9435164
        ]
      },
      "id": "node/11074002661"
    },
    {
      "type": "Feature",
      "properties": {
        "@id": "node/11074002662",
        "access": "yes",
        "amenity": "bicycle_parking",
        "bicycle_parking": "wall_loops",
        "capacity": "5",
        "covered": "no",
        "fee": "no"
      },
      "geometry": {
        "type": "Point",
        "coordinates": [
          30.2764527,
          59.9447128
        ]
      },
      "id": "node/11074002662"
    },
    {
      "type": "Feature",
      "properties": {
        "@id": "node/11074155300",
        "amenity": "bicycle_parking",
        "bicycle_parking": "rack"
      },
      "geometry": {
        "type": "Point",
        "coordinates": [
          30.2774477,
          59.9680477
        ]
      },
      "id": "node/11074155300"
    },
    {
      "type": "Feature",
      "properties": {
        "@id": "node/11080796375",
        "amenity": "bicycle_parking",
        "bicycle_parking": "rack",
        "covered": "no",
        "fee": "no"
      },
      "geometry": {
        "type": "Point",
        "coordinates": [
          30.3685621,
          60.0027632
        ]
      },
      "id": "node/11080796375"
    },
    {
      "type": "Feature",
      "properties": {
        "@id": "node/11080796376",
        "amenity": "bicycle_parking",
        "bicycle_parking": "rack",
        "covered": "no",
        "fee": "no"
      },
      "geometry": {
        "type": "Point",
        "coordinates": [
          30.3686429,
          60.0029035
        ]
      },
      "id": "node/11080796376"
    },
    {
      "type": "Feature",
      "properties": {
        "@id": "node/11082655298",
        "amenity": "bicycle_parking",
        "covered": "no",
        "fee": "no",
        "opening_hours": "24/7",
        "supervised": "no"
      },
      "geometry": {
        "type": "Point",
        "coordinates": [
          30.4064199,
          59.9591835
        ]
      },
      "id": "node/11082655298"
    },
    {
      "type": "Feature",
      "properties": {
        "@id": "node/11099014446",
        "amenity": "bicycle_parking",
        "covered": "no",
        "fee": "no"
      },
      "geometry": {
        "type": "Point",
        "coordinates": [
          30.3657334,
          60.0316919
        ]
      },
      "id": "node/11099014446"
    },
    {
      "type": "Feature",
      "properties": {
        "@id": "node/11099142994",
        "access": "yes",
        "amenity": "bicycle_parking",
        "bicycle_parking": "shed",
        "capacity": "14",
        "covered": "yes",
        "fee": "no"
      },
      "geometry": {
        "type": "Point",
        "coordinates": [
          30.3708872,
          60.0083488
        ]
      },
      "id": "node/11099142994"
    },
    {
      "type": "Feature",
      "properties": {
        "@id": "node/11100233305",
        "amenity": "bicycle_parking"
      },
      "geometry": {
        "type": "Point",
        "coordinates": [
          30.4185005,
          59.8793477
        ]
      },
      "id": "node/11100233305"
    },
    {
      "type": "Feature",
      "properties": {
        "@id": "node/11100233405",
        "amenity": "bicycle_parking"
      },
      "geometry": {
        "type": "Point",
        "coordinates": [
          30.4187425,
          59.8793774
        ]
      },
      "id": "node/11100233405"
    },
    {
      "type": "Feature",
      "properties": {
        "@id": "node/11126138436",
        "access": "yes",
        "amenity": "bicycle_parking",
        "capacity": "5",
        "covered": "yes",
        "fee": "no"
      },
      "geometry": {
        "type": "Point",
        "coordinates": [
          30.3351101,
          59.9864393
        ]
      },
      "id": "node/11126138436"
    },
    {
      "type": "Feature",
      "properties": {
        "@id": "node/11126138449",
        "amenity": "bicycle_parking"
      },
      "geometry": {
        "type": "Point",
        "coordinates": [
          30.336763,
          59.9873262
        ]
      },
      "id": "node/11126138449"
    },
    {
      "type": "Feature",
      "properties": {
        "@id": "node/11126138450",
        "amenity": "bicycle_parking"
      },
      "geometry": {
        "type": "Point",
        "coordinates": [
          30.3370164,
          59.9870162
        ]
      },
      "id": "node/11126138450"
    },
    {
      "type": "Feature",
      "properties": {
        "@id": "node/11137061205",
        "access": "yes",
        "amenity": "bicycle_parking",
        "bicycle_parking": "stands",
        "capacity": "1",
        "covered": "no",
        "fee": "no"
      },
      "geometry": {
        "type": "Point",
        "coordinates": [
          30.358661,
          59.9386926
        ]
      },
      "id": "node/11137061205"
    },
    {
      "type": "Feature",
      "properties": {
        "@id": "node/11137061206",
        "access": "yes",
        "amenity": "bicycle_parking",
        "bicycle_parking": "stands",
        "capacity": "2",
        "covered": "no",
        "fee": "no"
      },
      "geometry": {
        "type": "Point",
        "coordinates": [
          30.3591752,
          59.9386824
        ]
      },
      "id": "node/11137061206"
    },
    {
      "type": "Feature",
      "properties": {
        "@id": "node/11139968263",
        "access": "yes",
        "amenity": "bicycle_parking",
        "capacity": "5",
        "covered": "no",
        "fee": "no"
      },
      "geometry": {
        "type": "Point",
        "coordinates": [
          30.5095817,
          59.9808029
        ]
      },
      "id": "node/11139968263"
    },
    {
      "type": "Feature",
      "properties": {
        "@id": "node/11166507398",
        "access": "yes",
        "amenity": "bicycle_parking",
        "bicycle_parking": "stands",
        "capacity": "5",
        "covered": "no",
        "fee": "no"
      },
      "geometry": {
        "type": "Point",
        "coordinates": [
          30.1475013,
          60.0286322
        ]
      },
      "id": "node/11166507398"
    },
    {
      "type": "Feature",
      "properties": {
        "@id": "node/11167786276",
        "access": "customers",
        "amenity": "bicycle_parking",
        "bicycle_parking": "rack",
        "capacity": "10",
        "covered": "no",
        "fee": "no",
        "operator": "ГБОУ Гимназия №209 «Павловская гимназия»",
        "operator:type": "government"
      },
      "geometry": {
        "type": "Point",
        "coordinates": [
          30.3596507,
          59.9342905
        ]
      },
      "id": "node/11167786276"
    },
    {
      "type": "Feature",
      "properties": {
        "@id": "node/11176634605",
        "amenity": "bicycle_parking",
        "bicycle_parking": "wall_loops",
        "capacity": "5",
        "covered": "no",
        "fee": "no",
        "opening_hours": "24/7",
        "supervised": "no"
      },
      "geometry": {
        "type": "Point",
        "coordinates": [
          30.311292,
          59.9705201
        ]
      },
      "id": "node/11176634605"
    },
    {
      "type": "Feature",
      "properties": {
        "@id": "node/11178799698",
        "amenity": "bicycle_parking"
      },
      "geometry": {
        "type": "Point",
        "coordinates": [
          30.3162272,
          59.8872884
        ]
      },
      "id": "node/11178799698"
    },
    {
      "type": "Feature",
      "properties": {
        "@id": "node/11181704397",
        "amenity": "bicycle_parking",
        "capacity": "5"
      },
      "geometry": {
        "type": "Point",
        "coordinates": [
          30.4755055,
          59.9458708
        ]
      },
      "id": "node/11181704397"
    },
    {
      "type": "Feature",
      "properties": {
        "@id": "node/11181704427",
        "amenity": "bicycle_parking"
      },
      "geometry": {
        "type": "Point",
        "coordinates": [
          30.4696541,
          59.9521464
        ]
      },
      "id": "node/11181704427"
    },
    {
      "type": "Feature",
      "properties": {
        "@id": "node/11184103252",
        "amenity": "bicycle_parking",
        "bicycle_parking": "wall_loops",
        "covered": "no",
        "fee": "no",
        "opening_hours": "24/7",
        "supervised": "no"
      },
      "geometry": {
        "type": "Point",
        "coordinates": [
          30.4966374,
          59.8424066
        ]
      },
      "id": "node/11184103252"
    },
    {
      "type": "Feature",
      "properties": {
        "@id": "node/11186300992",
        "amenity": "bicycle_parking"
      },
      "geometry": {
        "type": "Point",
        "coordinates": [
          30.4924555,
          59.8915183
        ]
      },
      "id": "node/11186300992"
    },
    {
      "type": "Feature",
      "properties": {
        "@id": "node/11186359110",
        "amenity": "bicycle_parking"
      },
      "geometry": {
        "type": "Point",
        "coordinates": [
          30.4220011,
          59.9324689
        ]
      },
      "id": "node/11186359110"
    },
    {
      "type": "Feature",
      "properties": {
        "@id": "node/11186362797",
        "amenity": "bicycle_parking",
        "capacity": "4"
      },
      "geometry": {
        "type": "Point",
        "coordinates": [
          30.4925342,
          59.8917003
        ]
      },
      "id": "node/11186362797"
    },
    {
      "type": "Feature",
      "properties": {
        "@id": "node/11188398117",
        "amenity": "bicycle_parking"
      },
      "geometry": {
        "type": "Point",
        "coordinates": [
          30.4161293,
          59.9312031
        ]
      },
      "id": "node/11188398117"
    },
    {
      "type": "Feature",
      "properties": {
        "@id": "node/11188419144",
        "amenity": "bicycle_parking"
      },
      "geometry": {
        "type": "Point",
        "coordinates": [
          30.416048,
          59.931307
        ]
      },
      "id": "node/11188419144"
    },
    {
      "type": "Feature",
      "properties": {
        "@id": "node/11201886702",
        "amenity": "bicycle_parking",
        "capacity": "10",
        "covered": "no",
        "fee": "no"
      },
      "geometry": {
        "type": "Point",
        "coordinates": [
          30.3481378,
          59.9865222
        ]
      },
      "id": "node/11201886702"
    },
    {
      "type": "Feature",
      "properties": {
        "@id": "node/11201886708",
        "amenity": "bicycle_parking",
        "capacity": "32",
        "covered": "yes",
        "fee": "no"
      },
      "geometry": {
        "type": "Point",
        "coordinates": [
          30.347724,
          59.986765
        ]
      },
      "id": "node/11201886708"
    },
    {
      "type": "Feature",
      "properties": {
        "@id": "node/11201886709",
        "amenity": "bicycle_parking",
        "capacity": "5",
        "covered": "yes",
        "fee": "no"
      },
      "geometry": {
        "type": "Point",
        "coordinates": [
          30.3474795,
          59.9865327
        ]
      },
      "id": "node/11201886709"
    },
    {
      "type": "Feature",
      "properties": {
        "@id": "node/11208419264",
        "amenity": "bicycle_parking",
        "bicycle_parking": "wall_loops",
        "covered": "no"
      },
      "geometry": {
        "type": "Point",
        "coordinates": [
          30.2942928,
          59.9626278
        ]
      },
      "id": "node/11208419264"
    },
    {
      "type": "Feature",
      "properties": {
        "@id": "node/11208419312",
        "amenity": "bicycle_parking",
        "capacity": "5"
      },
      "geometry": {
        "type": "Point",
        "coordinates": [
          30.3036789,
          59.9673345
        ]
      },
      "id": "node/11208419312"
    },
    {
      "type": "Feature",
      "properties": {
        "@id": "node/11208419324",
        "amenity": "bicycle_parking"
      },
      "geometry": {
        "type": "Point",
        "coordinates": [
          30.2994058,
          59.965876
        ]
      },
      "id": "node/11208419324"
    },
    {
      "type": "Feature",
      "properties": {
        "@id": "node/11208434338",
        "amenity": "bicycle_parking",
        "capacity": "5"
      },
      "geometry": {
        "type": "Point",
        "coordinates": [
          30.2970511,
          59.9652075
        ]
      },
      "id": "node/11208434338"
    },
    {
      "type": "Feature",
      "properties": {
        "@id": "node/11210340953",
        "access": "yes",
        "amenity": "bicycle_parking",
        "bicycle_parking": "wall_loops",
        "capacity": "6",
        "covered": "yes",
        "fee": "no"
      },
      "geometry": {
        "type": "Point",
        "coordinates": [
          30.3786894,
          59.93754
        ]
      },
      "id": "node/11210340953"
    },
    {
      "type": "Feature",
      "properties": {
        "@id": "node/11210386337",
        "amenity": "bicycle_parking"
      },
      "geometry": {
        "type": "Point",
        "coordinates": [
          30.4887065,
          59.9613043
        ]
      },
      "id": "node/11210386337"
    },
    {
      "type": "Feature",
      "properties": {
        "@id": "node/11210386338",
        "amenity": "bicycle_parking"
      },
      "geometry": {
        "type": "Point",
        "coordinates": [
          30.4887529,
          59.9615121
        ]
      },
      "id": "node/11210386338"
    },
    {
      "type": "Feature",
      "properties": {
        "@id": "node/11220538766",
        "amenity": "bicycle_parking"
      },
      "geometry": {
        "type": "Point",
        "coordinates": [
          30.2916419,
          59.9429041
        ]
      },
      "id": "node/11220538766"
    },
    {
      "type": "Feature",
      "properties": {
        "@id": "node/11220538771",
        "amenity": "bicycle_parking"
      },
      "geometry": {
        "type": "Point",
        "coordinates": [
          30.2912499,
          59.9430115
        ]
      },
      "id": "node/11220538771"
    },
    {
      "type": "Feature",
      "properties": {
        "@id": "node/11220538772",
        "amenity": "bicycle_parking"
      },
      "geometry": {
        "type": "Point",
        "coordinates": [
          30.2911336,
          59.9432342
        ]
      },
      "id": "node/11220538772"
    },
    {
      "type": "Feature",
      "properties": {
        "@id": "node/11225298585",
        "access": "yes",
        "amenity": "bicycle_parking",
        "covered": "no",
        "fee": "no"
      },
      "geometry": {
        "type": "Point",
        "coordinates": [
          30.3198919,
          59.9575913
        ]
      },
      "id": "node/11225298585"
    },
    {
      "type": "Feature",
      "properties": {
        "@id": "node/11239657904",
        "amenity": "bicycle_parking"
      },
      "geometry": {
        "type": "Point",
        "coordinates": [
          30.3445752,
          59.8236877
        ]
      },
      "id": "node/11239657904"
    },
    {
      "type": "Feature",
      "properties": {
        "@id": "node/11275542544",
        "amenity": "bicycle_parking"
      },
      "geometry": {
        "type": "Point",
        "coordinates": [
          30.5079838,
          59.9094993
        ]
      },
      "id": "node/11275542544"
    },
    {
      "type": "Feature",
      "properties": {
        "@id": "node/11277172386",
        "amenity": "bicycle_parking"
      },
      "geometry": {
        "type": "Point",
        "coordinates": [
          30.2441671,
          59.9355864
        ]
      },
      "id": "node/11277172386"
    },
    {
      "type": "Feature",
      "properties": {
        "@id": "node/11303850483",
        "amenity": "bicycle_parking",
        "bicycle_parking": "wall_loops",
        "capacity": "7",
        "covered": "no",
        "fee": "no",
        "source": "survey"
      },
      "geometry": {
        "type": "Point",
        "coordinates": [
          30.2804738,
          59.9243849
        ]
      },
      "id": "node/11303850483"
    },
    {
      "type": "Feature",
      "properties": {
        "@id": "node/11305685898",
        "access": "yes",
        "amenity": "bicycle_parking",
        "bicycle_parking": "stands",
        "capacity": "4",
        "covered": "no",
        "fee": "no"
      },
      "geometry": {
        "type": "Point",
        "coordinates": [
          30.3602699,
          59.9442862
        ]
      },
      "id": "node/11305685898"
    },
    {
      "type": "Feature",
      "properties": {
        "@id": "node/11305685899",
        "access": "yes",
        "amenity": "bicycle_parking",
        "bicycle_parking": "wall_loops",
        "capacity": "5",
        "covered": "no",
        "fee": "no"
      },
      "geometry": {
        "type": "Point",
        "coordinates": [
          30.3506881,
          59.9439303
        ]
      },
      "id": "node/11305685899"
    },
    {
      "type": "Feature",
      "properties": {
        "@id": "node/11308304789",
        "access": "customers",
        "amenity": "bicycle_parking",
        "bicycle_parking": "wall_loops",
        "capacity": "5",
        "covered": "no",
        "fee": "no"
      },
      "geometry": {
        "type": "Point",
        "coordinates": [
          30.3856323,
          59.9482927
        ]
      },
      "id": "node/11308304789"
    },
    {
      "type": "Feature",
      "properties": {
        "@id": "node/11308304790",
        "access": "customers",
        "amenity": "bicycle_parking",
        "bicycle_parking": "wall_loops",
        "capacity": "5",
        "covered": "no",
        "fee": "no"
      },
      "geometry": {
        "type": "Point",
        "coordinates": [
          30.3854821,
          59.9482934
        ]
      },
      "id": "node/11308304790"
    },
    {
      "type": "Feature",
      "properties": {
        "@id": "node/11309981796",
        "amenity": "bicycle_parking",
        "bicycle_parking": "wall_loops",
        "capacity": "20",
        "covered": "yes"
      },
      "geometry": {
        "type": "Point",
        "coordinates": [
          30.500176,
          59.9365974
        ]
      },
      "id": "node/11309981796"
    },
    {
      "type": "Feature",
      "properties": {
        "@id": "node/11309981797",
        "amenity": "bicycle_parking",
        "bicycle_parking": "wall_loops",
        "capacity": "20",
        "covered": "yes"
      },
      "geometry": {
        "type": "Point",
        "coordinates": [
          30.5001834,
          59.9366205
        ]
      },
      "id": "node/11309981797"
    },
    {
      "type": "Feature",
      "properties": {
        "@id": "node/11309981798",
        "amenity": "bicycle_parking",
        "bicycle_parking": "wall_loops",
        "capacity": "20",
        "covered": "yes"
      },
      "geometry": {
        "type": "Point",
        "coordinates": [
          30.5001908,
          59.9366437
        ]
      },
      "id": "node/11309981798"
    },
    {
      "type": "Feature",
      "properties": {
        "@id": "node/11313825757",
        "amenity": "bicycle_parking"
      },
      "geometry": {
        "type": "Point",
        "coordinates": [
          30.4839058,
          59.9182309
        ]
      },
      "id": "node/11313825757"
    },
    {
      "type": "Feature",
      "properties": {
        "@id": "node/11343278872",
        "amenity": "bicycle_parking",
        "bicycle_parking": "wall_loops",
        "capacity": "7",
        "covered": "no",
        "name:signed": "no"
      },
      "geometry": {
        "type": "Point",
        "coordinates": [
          30.1791788,
          59.8573136
        ]
      },
      "id": "node/11343278872"
    },
    {
      "type": "Feature",
      "properties": {
        "@id": "node/11346095926",
        "amenity": "bicycle_parking",
        "bicycle_parking": "wall_loops",
        "capacity": "7",
        "covered": "no"
      },
      "geometry": {
        "type": "Point",
        "coordinates": [
          30.1435718,
          59.8436549
        ]
      },
      "id": "node/11346095926"
    },
    {
      "type": "Feature",
      "properties": {
        "@id": "node/11351626054",
        "access": "yes",
        "amenity": "bicycle_parking",
        "bicycle_parking": "wall_loops",
        "capacity": "8",
        "covered": "no",
        "fee": "no"
      },
      "geometry": {
        "type": "Point",
        "coordinates": [
          30.3645409,
          59.9882417
        ]
      },
      "id": "node/11351626054"
    },
    {
      "type": "Feature",
      "properties": {
        "@id": "node/11351626056",
        "access": "yes",
        "amenity": "bicycle_parking",
        "bicycle_parking": "wall_loops",
        "capacity": "8",
        "covered": "no",
        "fee": "no"
      },
      "geometry": {
        "type": "Point",
        "coordinates": [
          30.3648833,
          59.9882041
        ]
      },
      "id": "node/11351626056"
    },
    {
      "type": "Feature",
      "properties": {
        "@id": "node/11351626062",
        "access": "yes",
        "amenity": "bicycle_parking",
        "bicycle_parking": "wall_loops",
        "capacity": "8",
        "covered": "no",
        "fee": "no"
      },
      "geometry": {
        "type": "Point",
        "coordinates": [
          30.3655293,
          59.9882134
        ]
      },
      "id": "node/11351626062"
    },
    {
      "type": "Feature",
      "properties": {
        "@id": "node/11351636369",
        "access": "yes",
        "amenity": "bicycle_parking",
        "bicycle_parking": "wall_loops",
        "capacity": "8",
        "covered": "no",
        "fee": "no"
      },
      "geometry": {
        "type": "Point",
        "coordinates": [
          30.3661373,
          59.9885336
        ]
      },
      "id": "node/11351636369"
    },
    {
      "type": "Feature",
      "properties": {
        "@id": "node/11351636405",
        "access": "yes",
        "amenity": "bicycle_parking",
        "bicycle_parking": "wall_loops",
        "capacity": "16",
        "covered": "no",
        "fee": "no"
      },
      "geometry": {
        "type": "Point",
        "coordinates": [
          30.3682691,
          59.9898582
        ]
      },
      "id": "node/11351636405"
    },
    {
      "type": "Feature",
      "properties": {
        "@id": "node/11351636407",
        "access": "yes",
        "amenity": "bicycle_parking",
        "bicycle_parking": "wall_loops",
        "capacity": "8",
        "covered": "no",
        "fee": "no"
      },
      "geometry": {
        "type": "Point",
        "coordinates": [
          30.368451,
          59.9897226
        ]
      },
      "id": "node/11351636407"
    },
    {
      "type": "Feature",
      "properties": {
        "@id": "node/11351636415",
        "access": "yes",
        "amenity": "bicycle_parking",
        "bicycle_parking": "wall_loops",
        "capacity": "8",
        "covered": "no",
        "fee": "no"
      },
      "geometry": {
        "type": "Point",
        "coordinates": [
          30.3680715,
          59.9896006
        ]
      },
      "id": "node/11351636415"
    },
    {
      "type": "Feature",
      "properties": {
        "@id": "node/11351636418",
        "access": "yes",
        "amenity": "bicycle_parking",
        "bicycle_parking": "wall_loops",
        "capacity": "8",
        "covered": "no",
        "fee": "no"
      },
      "geometry": {
        "type": "Point",
        "coordinates": [
          30.3676275,
          59.9895469
        ]
      },
      "id": "node/11351636418"
    },
    {
      "type": "Feature",
      "properties": {
        "@id": "node/11351636429",
        "access": "yes",
        "amenity": "bicycle_parking",
        "bicycle_parking": "wall_loops",
        "capacity": "8",
        "covered": "no",
        "fee": "no"
      },
      "geometry": {
        "type": "Point",
        "coordinates": [
          30.367146,
          59.9893843
        ]
      },
      "id": "node/11351636429"
    },
    {
      "type": "Feature",
      "properties": {
        "@id": "node/11351636430",
        "access": "yes",
        "amenity": "bicycle_parking",
        "bicycle_parking": "wall_loops",
        "capacity": "8",
        "covered": "no",
        "fee": "no"
      },
      "geometry": {
        "type": "Point",
        "coordinates": [
          30.367041,
          59.9893143
        ]
      },
      "id": "node/11351636430"
    },
    {
      "type": "Feature",
      "properties": {
        "@id": "node/11351636431",
        "access": "yes",
        "amenity": "bicycle_parking",
        "bicycle_parking": "wall_loops",
        "capacity": "8",
        "covered": "no",
        "fee": "no"
      },
      "geometry": {
        "type": "Point",
        "coordinates": [
          30.3669195,
          59.9890664
        ]
      },
      "id": "node/11351636431"
    },
    {
      "type": "Feature",
      "properties": {
        "@id": "node/11351636442",
        "access": "yes",
        "amenity": "bicycle_parking",
        "bicycle_parking": "wall_loops",
        "capacity": "16",
        "covered": "no",
        "fee": "no"
      },
      "geometry": {
        "type": "Point",
        "coordinates": [
          30.3667371,
          59.9886609
        ]
      },
      "id": "node/11351636442"
    },
    {
      "type": "Feature",
      "properties": {
        "@id": "node/11351636447",
        "access": "yes",
        "amenity": "bicycle_parking",
        "bicycle_parking": "wall_loops",
        "capacity": "8",
        "covered": "no",
        "fee": "no"
      },
      "geometry": {
        "type": "Point",
        "coordinates": [
          30.3665114,
          59.9883799
        ]
      },
      "id": "node/11351636447"
    },
    {
      "type": "Feature",
      "properties": {
        "@id": "node/11351636459",
        "access": "yes",
        "amenity": "bicycle_parking",
        "bicycle_parking": "wall_loops",
        "capacity": "8",
        "covered": "no",
        "fee": "no"
      },
      "geometry": {
        "type": "Point",
        "coordinates": [
          30.3656641,
          59.9879815
        ]
      },
      "id": "node/11351636459"
    },
    {
      "type": "Feature",
      "properties": {
        "@id": "node/11351636468",
        "access": "yes",
        "amenity": "bicycle_parking",
        "bicycle_parking": "wall_loops",
        "capacity": "8",
        "covered": "no",
        "fee": "no"
      },
      "geometry": {
        "type": "Point",
        "coordinates": [
          30.3652864,
          59.9878834
        ]
      },
      "id": "node/11351636468"
    },
    {
      "type": "Feature",
      "properties": {
        "@id": "node/11351636473",
        "access": "yes",
        "amenity": "bicycle_parking",
        "bicycle_parking": "wall_loops",
        "covered": "no",
        "fee": "no"
      },
      "geometry": {
        "type": "Point",
        "coordinates": [
          30.364795,
          59.9878954
        ]
      },
      "id": "node/11351636473"
    },
    {
      "type": "Feature",
      "properties": {
        "@id": "node/11352024158",
        "access": "yes",
        "amenity": "bicycle_parking",
        "bicycle_parking": "wall_loops",
        "capacity": "8",
        "covered": "no",
        "fee": "no"
      },
      "geometry": {
        "type": "Point",
        "coordinates": [
          30.3661627,
          59.9878615
        ]
      },
      "id": "node/11352024158"
    },
    {
      "type": "Feature",
      "properties": {
        "@id": "node/11352077687",
        "access": "yes",
        "amenity": "bicycle_parking",
        "bicycle_parking": "wall_loops",
        "capacity": "8",
        "covered": "no",
        "fee": "no"
      },
      "geometry": {
        "type": "Point",
        "coordinates": [
          30.365468,
          59.9879487
        ]
      },
      "id": "node/11352077687"
    },
    {
      "type": "Feature",
      "properties": {
        "@id": "node/11352077688",
        "access": "yes",
        "amenity": "bicycle_parking",
        "bicycle_parking": "wall_loops",
        "capacity": "8",
        "covered": "no",
        "fee": "no"
      },
      "geometry": {
        "type": "Point",
        "coordinates": [
          30.3671698,
          59.9890917
        ]
      },
      "id": "node/11352077688"
    },
    {
      "type": "Feature",
      "properties": {
        "@id": "node/11352077702",
        "access": "yes",
        "amenity": "bicycle_parking",
        "bicycle_parking": "wall_loops",
        "capacity": "8",
        "covered": "no",
        "fee": "no"
      },
      "geometry": {
        "type": "Point",
        "coordinates": [
          30.3663652,
          59.9893566
        ]
      },
      "id": "node/11352077702"
    },
    {
      "type": "Feature",
      "properties": {
        "@id": "node/11352077703",
        "access": "yes",
        "amenity": "bicycle_parking",
        "bicycle_parking": "wall_loops",
        "capacity": "8",
        "covered": "no",
        "fee": "no"
      },
      "geometry": {
        "type": "Point",
        "coordinates": [
          30.3663383,
          59.9892761
        ]
      },
      "id": "node/11352077703"
    },
    {
      "type": "Feature",
      "properties": {
        "@id": "node/11352077707",
        "access": "yes",
        "amenity": "bicycle_parking",
        "bicycle_parking": "wall_loops",
        "capacity": "8",
        "covered": "no",
        "fee": "no"
      },
      "geometry": {
        "type": "Point",
        "coordinates": [
          30.3659347,
          59.9883719
        ]
      },
      "id": "node/11352077707"
    },
    {
      "type": "Feature",
      "properties": {
        "@id": "node/11375899922",
        "access": "yes",
        "amenity": "bicycle_parking",
        "bicycle_parking": "wall_loops",
        "capacity": "8",
        "covered": "no",
        "fee": "no"
      },
      "geometry": {
        "type": "Point",
        "coordinates": [
          30.336972,
          59.9310985
        ]
      },
      "id": "node/11375899922"
    },
    {
      "type": "Feature",
      "properties": {
        "@id": "node/11375908194",
        "access": "customers",
        "amenity": "bicycle_parking",
        "bicycle_parking": "wall_loops",
        "capacity": "20",
        "covered": "no",
        "fee": "no",
        "operator": "ГБОУ Гимназия №209 «Павловская гимназия»",
        "operator:type": "government"
      },
      "geometry": {
        "type": "Point",
        "coordinates": [
          30.3587554,
          59.9345876
        ]
      },
      "id": "node/11375908194"
    },
    {
      "type": "Feature",
      "properties": {
        "@id": "node/11377796213",
        "access": "yes",
        "amenity": "bicycle_parking",
        "bicycle_parking": "stands",
        "capacity": "5",
        "covered": "no",
        "fee": "no",
        "operator": "ФГБУК «Государственный Русский музей»",
        "operator:type": "government"
      },
      "geometry": {
        "type": "Point",
        "coordinates": [
          30.3318458,
          59.9379887
        ]
      },
      "id": "node/11377796213"
    },
    {
      "type": "Feature",
      "properties": {
        "@id": "node/11377796214",
        "access": "yes",
        "amenity": "bicycle_parking",
        "bicycle_parking": "stands",
        "capacity": "5",
        "covered": "no",
        "fee": "no"
      },
      "geometry": {
        "type": "Point",
        "coordinates": [
          30.3260093,
          59.9385852
        ]
      },
      "id": "node/11377796214"
    },
    {
      "type": "Feature",
      "properties": {
        "@id": "node/11385085955",
        "access": "private",
        "amenity": "bicycle_parking",
        "bicycle_parking": "wall_loops",
        "covered": "yes",
        "fee": "no"
      },
      "geometry": {
        "type": "Point",
        "coordinates": [
          30.374225,
          59.9778661
        ]
      },
      "id": "node/11385085955"
    },
    {
      "type": "Feature",
      "properties": {
        "@id": "node/11393373242",
        "amenity": "bicycle_parking",
        "bicycle_parking": "wall_loops",
        "covered": "no"
      },
      "geometry": {
        "type": "Point",
        "coordinates": [
          30.3753325,
          59.9491665
        ]
      },
      "id": "node/11393373242"
    },
    {
      "type": "Feature",
      "properties": {
        "@id": "node/11393373243",
        "amenity": "bicycle_parking",
        "bicycle_parking": "wall_loops",
        "covered": "no"
      },
      "geometry": {
        "type": "Point",
        "coordinates": [
          30.3751457,
          59.9491661
        ]
      },
      "id": "node/11393373243"
    },
    {
      "type": "Feature",
      "properties": {
        "@id": "node/11408393459",
        "access": "yes",
        "amenity": "bicycle_parking",
        "bicycle_parking": "wall_loops",
        "capacity": "6",
        "covered": "no",
        "fee": "no"
      },
      "geometry": {
        "type": "Point",
        "coordinates": [
          30.3229689,
          59.9339694
        ]
      },
      "id": "node/11408393459"
    },
    {
      "type": "Feature",
      "properties": {
        "@id": "node/11420294528",
        "access": "yes",
        "amenity": "bicycle_parking",
        "capacity": "6",
        "covered": "yes",
        "fee": "no"
      },
      "geometry": {
        "type": "Point",
        "coordinates": [
          30.3704651,
          59.9840657
        ]
      },
      "id": "node/11420294528"
    },
    {
      "type": "Feature",
      "properties": {
        "@id": "node/11420294545",
        "access": "yes",
        "amenity": "bicycle_parking",
        "capacity": "6",
        "covered": "yes",
        "fee": "no"
      },
      "geometry": {
        "type": "Point",
        "coordinates": [
          30.3708027,
          59.9839517
        ]
      },
      "id": "node/11420294545"
    },
    {
      "type": "Feature",
      "properties": {
        "@id": "node/11428245081",
        "access": "private",
        "amenity": "bicycle_parking",
        "covered": "no"
      },
      "geometry": {
        "type": "Point",
        "coordinates": [
          30.3750445,
          59.98949
        ]
      },
      "id": "node/11428245081"
    },
    {
      "type": "Feature",
      "properties": {
        "@id": "node/11428245082",
        "access": "private",
        "amenity": "bicycle_parking",
        "covered": "no"
      },
      "geometry": {
        "type": "Point",
        "coordinates": [
          30.3748138,
          59.989419
        ]
      },
      "id": "node/11428245082"
    },
    {
      "type": "Feature",
      "properties": {
        "@id": "node/11435550517",
        "access": "yes",
        "amenity": "bicycle_parking",
        "bicycle_parking": "stands",
        "capacity": "2",
        "covered": "no",
        "fee": "no"
      },
      "geometry": {
        "type": "Point",
        "coordinates": [
          30.3623011,
          59.9336998
        ]
      },
      "id": "node/11435550517"
    },
    {
      "type": "Feature",
      "properties": {
        "@id": "node/11446028109",
        "amenity": "bicycle_parking"
      },
      "geometry": {
        "type": "Point",
        "coordinates": [
          30.4573537,
          59.8676005
        ]
      },
      "id": "node/11446028109"
    },
    {
      "type": "Feature",
      "properties": {
        "@id": "node/11480685915",
        "access": "yes",
        "amenity": "bicycle_parking",
        "bicycle_parking": "wall_loops",
        "capacity": "6",
        "covered": "yes",
        "fee": "no"
      },
      "geometry": {
        "type": "Point",
        "coordinates": [
          30.3195261,
          59.9125731
        ]
      },
      "id": "node/11480685915"
    },
    {
      "type": "Feature",
      "properties": {
        "@id": "node/11500749981",
        "access": "yes",
        "amenity": "bicycle_parking",
        "bicycle_parking": "wall_loops",
        "capacity": "5",
        "covered": "no",
        "fee": "no"
      },
      "geometry": {
        "type": "Point",
        "coordinates": [
          30.3414994,
          59.9121197
        ]
      },
      "id": "node/11500749981"
    },
    {
      "type": "Feature",
      "properties": {
        "@id": "node/11537890549",
        "access": "yes",
        "amenity": "bicycle_parking",
        "bicycle_parking": "stands",
        "capacity": "4",
        "covered": "yes",
        "fee": "no"
      },
      "geometry": {
        "type": "Point",
        "coordinates": [
          30.2572486,
          59.9418724
        ]
      },
      "id": "node/11537890549"
    },
    {
      "type": "Feature",
      "properties": {
        "@id": "node/11537890550",
        "access": "yes",
        "amenity": "bicycle_parking",
        "bicycle_parking": "stands",
        "capacity": "4",
        "covered": "yes",
        "fee": "no"
      },
      "geometry": {
        "type": "Point",
        "coordinates": [
          30.2575624,
          59.9419611
        ]
      },
      "id": "node/11537890550"
    },
    {
      "type": "Feature",
      "properties": {
        "@id": "node/11537890551",
        "access": "yes",
        "amenity": "bicycle_parking",
        "bicycle_parking": "stands",
        "capacity": "2",
        "covered": "no",
        "fee": "no"
      },
      "geometry": {
        "type": "Point",
        "coordinates": [
          30.2643726,
          59.9439708
        ]
      },
      "id": "node/11537890551"
    },
    {
      "type": "Feature",
      "properties": {
        "@id": "node/11566211355",
        "access": "yes",
        "amenity": "bicycle_parking",
        "bicycle_parking": "stands",
        "bike_ride": "yes",
        "capacity": "11",
        "covered": "yes",
        "description": "Велопарковка на перехватывающей автостоянке у станции метро \"Проспект Просвещения\"",
        "fee": "no",
        "operator": "СПб ГКУ «Городской центр управления парковками Санкт-Петербурга»",
        "operator:type": "government"
      },
      "geometry": {
        "type": "Point",
        "coordinates": [
          30.3276828,
          60.054173
        ]
      },
      "id": "node/11566211355"
    },
    {
      "type": "Feature",
      "properties": {
        "@id": "node/11566211356",
        "access": "yes",
        "amenity": "bicycle_parking",
        "bicycle_parking": "wall_loops",
        "bike_ride": "yes",
        "capacity": "20",
        "covered": "yes",
        "description": "Велопарковка на перехватывающей автостоянке у станции метро \"Старая Деревня\"",
        "fee": "no",
        "operator": "СПб ГКУ «Городской центр управления парковками Санкт-Петербурга»",
        "operator:type": "government"
      },
      "geometry": {
        "type": "Point",
        "coordinates": [
          30.2572451,
          59.9890294
        ]
      },
      "id": "node/11566211356"
    },
    {
      "type": "Feature",
      "properties": {
        "@id": "node/11571127028",
        "access": "yes",
        "amenity": "bicycle_parking",
        "bicycle_parking": "wall_loops",
        "capacity": "10",
        "covered": "no",
        "description": "Велопарковка на городской автостоянке на Казанской улице",
        "fee": "no",
        "operator": "СПб ГКУ «Городской центр управления парковками Санкт-Петербурга»",
        "operator:type": "government"
      },
      "geometry": {
        "type": "Point",
        "coordinates": [
          30.3252346,
          59.9339593
        ]
      },
      "id": "node/11571127028"
    },
    {
      "type": "Feature",
      "properties": {
        "@id": "node/11571127029",
        "access": "yes",
        "amenity": "bicycle_parking",
        "bicycle_parking": "stands",
        "bike_ride": "yes",
        "capacity": "11",
        "covered": "yes",
        "description": "Велопарковка на перехватывающей автостоянке у станции метро \"Ладожская\"",
        "fee": "no",
        "operator": "СПб ГКУ «Городской центр управления парковками Санкт-Петербурга»",
        "operator:type": "government"
      },
      "geometry": {
        "type": "Point",
        "coordinates": [
          30.4357989,
          59.930864
        ]
      },
      "id": "node/11571127029"
    },
    {
      "type": "Feature",
      "properties": {
        "@id": "node/11571127030",
        "access": "yes",
        "amenity": "bicycle_parking",
        "bicycle_parking": "stands",
        "capacity": "11",
        "covered": "yes",
        "description": "Велопарковка на городской автостоянке на улице Коммуны",
        "fee": "no",
        "operator": "СПб ГКУ «Городской центр управления парковками Санкт-Петербурга»",
        "operator:type": "government"
      },
      "geometry": {
        "type": "Point",
        "coordinates": [
          30.5055628,
          59.9432913
        ]
      },
      "id": "node/11571127030"
    },
    {
      "type": "Feature",
      "properties": {
        "@id": "node/11571127031",
        "access": "yes",
        "amenity": "bicycle_parking",
        "bicycle_parking": "stands",
        "bike_ride": "yes",
        "capacity": "11",
        "covered": "no",
        "description": "Велопарковка на перехватывающей автостоянке у станции метро \"Волковская\"",
        "fee": "no",
        "operator": "СПб ГКУ «Городской центр управления парковками Санкт-Петербурга»",
        "operator:type": "government"
      },
      "geometry": {
        "type": "Point",
        "coordinates": [
          30.3612037,
          59.8962002
        ]
      },
      "id": "node/11571127031"
    },
    {
      "type": "Feature",
      "properties": {
        "@id": "node/11571127032",
        "access": "yes",
        "amenity": "bicycle_parking",
        "bicycle_parking": "stands",
        "bike_ride": "yes",
        "capacity": "11",
        "covered": "no",
        "description": "Велопарковка на перехватывающей автостоянке у станции метро \"Бухарестская\"",
        "fee": "no",
        "operator": "СПб ГКУ «Городской центр управления парковками Санкт-Петербурга»",
        "operator:type": "government"
      },
      "geometry": {
        "type": "Point",
        "coordinates": [
          30.3750956,
          59.8865558
        ]
      },
      "id": "node/11571127032"
    },
    {
      "type": "Feature",
      "properties": {
        "@id": "node/11571127033",
        "access": "yes",
        "amenity": "bicycle_parking",
        "bicycle_parking": "stands",
        "bike_ride": "yes",
        "capacity": "11",
        "covered": "no",
        "description": "Велопарковка на перехватывающей автостоянке у станции метро \"Ленинский проспект\"",
        "fee": "no",
        "operator": "СПб ГКУ «Городской центр управления парковками Санкт-Петербурга»",
        "operator:type": "government"
      },
      "geometry": {
        "type": "Point",
        "coordinates": [
          30.2811456,
          59.8481885
        ]
      },
      "id": "node/11571127033"
    },
    {
      "type": "Feature",
      "properties": {
        "@id": "node/11571127034",
        "access": "yes",
        "amenity": "bicycle_parking",
        "bicycle_parking": "stands",
        "bike_ride": "yes",
        "capacity": "11",
        "covered": "no",
        "description": "Велопарковка на перехватывающей автостоянке у станции метро \"Купчино\"",
        "fee": "no",
        "operator": "СПб ГКУ «Городской центр управления парковками Санкт-Петербурга»",
        "operator:type": "government"
      },
      "geometry": {
        "type": "Point",
        "coordinates": [
          30.372673,
          59.8350452
        ]
      },
      "id": "node/11571127034"
    },
    {
      "type": "Feature",
      "properties": {
        "@id": "node/11571127035",
        "access": "yes",
        "amenity": "bicycle_parking",
        "bicycle_parking": "stands",
        "bike_ride": "yes",
        "capacity": "11",
        "covered": "no",
        "description": "Велопарковка на перехватывающей автостоянке у станции метро \"Купчино\"",
        "fee": "no",
        "operator": "СПб ГКУ «Городской центр управления парковками Санкт-Петербурга»",
        "operator:type": "government"
      },
      "geometry": {
        "type": "Point",
        "coordinates": [
          30.3741872,
          59.8323625
        ]
      },
      "id": "node/11571127035"
    },
    {
      "type": "Feature",
      "properties": {
        "@id": "node/11571127036",
        "access": "yes",
        "amenity": "bicycle_parking",
        "bicycle_parking": "stands",
        "bike_ride": "yes",
        "capacity": "11",
        "covered": "yes",
        "description": "Велопарковка на перехватывающей автостоянке у станции метро \"Купчино\"",
        "fee": "no",
        "operator": "СПб ГКУ «Городской центр управления парковками Санкт-Петербурга»",
        "operator:type": "government"
      },
      "geometry": {
        "type": "Point",
        "coordinates": [
          30.3770604,
          59.8321404
        ]
      },
      "id": "node/11571127036"
    },
    {
      "type": "Feature",
      "properties": {
        "@id": "node/11571127037",
        "access": "yes",
        "amenity": "bicycle_parking",
        "bicycle_parking": "stands",
        "bike_ride": "yes",
        "capacity": "11",
        "covered": "yes",
        "description": "Велопарковка на перехватывающей автостоянке у станции метро \"Купчино\"",
        "fee": "no",
        "operator": "СПб ГКУ «Городской центр управления парковками Санкт-Петербурга»",
        "operator:type": "government"
      },
      "geometry": {
        "type": "Point",
        "coordinates": [
          30.3755937,
          59.8284371
        ]
      },
      "id": "node/11571127037"
    },
    {
      "type": "Feature",
      "properties": {
        "@id": "node/11571127038",
        "access": "yes",
        "amenity": "bicycle_parking",
        "bicycle_parking": "stands",
        "bike_ride": "yes",
        "capacity": "14",
        "covered": "yes",
        "fee": "no"
      },
      "geometry": {
        "type": "Point",
        "coordinates": [
          30.3747846,
          59.8303753
        ]
      },
      "id": "node/11571127038"
    },
    {
      "type": "Feature",
      "properties": {
        "@id": "node/11571127039",
        "access": "yes",
        "amenity": "bicycle_parking",
        "bicycle_parking": "wall_loops",
        "bike_ride": "yes",
        "capacity": "20",
        "covered": "yes",
        "description": "Велопарковка на перехватывающей автостоянке у станции метро \"Проспект Ветеранов\"",
        "fee": "no",
        "operator": "СПб ГКУ «Городской центр управления парковками Санкт-Петербурга»",
        "operator:type": "government"
      },
      "geometry": {
        "type": "Point",
        "coordinates": [
          30.2536767,
          59.8423398
        ]
      },
      "id": "node/11571127039"
    },
    {
      "type": "Feature",
      "properties": {
        "@id": "node/11571127040",
        "access": "yes",
        "amenity": "bicycle_parking",
        "bicycle_parking": "stands",
        "bike_ride": "yes",
        "capacity": "12",
        "covered": "yes",
        "description": "Велопарковка на перехватывающей автостоянке у станции метро \"Рыбацкое\"",
        "fee": "no",
        "operator": "СПб ГКУ «Городской центр управления парковками Санкт-Петербурга»",
        "operator:type": "government"
      },
      "geometry": {
        "type": "Point",
        "coordinates": [
          30.5050859,
          59.8311343
        ]
      },
      "id": "node/11571127040"
    },
    {
      "type": "Feature",
      "properties": {
        "@id": "node/11585145100",
        "access": "yes",
        "amenity": "bicycle_parking",
        "bicycle_parking": "stands",
        "capacity": "18",
        "covered": "no",
        "fee": "no"
      },
      "geometry": {
        "type": "Point",
        "coordinates": [
          30.3018291,
          59.9073777
        ]
      },
      "id": "node/11585145100"
    },
    {
      "type": "Feature",
      "properties": {
        "@id": "node/11585145101",
        "access": "yes",
        "amenity": "bicycle_parking",
        "bicycle_parking": "stands",
        "capacity": "18",
        "covered": "no",
        "fee": "no"
      },
      "geometry": {
        "type": "Point",
        "coordinates": [
          30.3015658,
          59.9073759
        ]
      },
      "id": "node/11585145101"
    },
    {
      "type": "Feature",
      "properties": {
        "@id": "node/11585145102",
        "access": "yes",
        "amenity": "bicycle_parking",
        "bicycle_parking": "stands",
        "capacity": "13",
        "covered": "no",
        "fee": "no"
      },
      "geometry": {
        "type": "Point",
        "coordinates": [
          30.3026435,
          59.9073705
        ]
      },
      "id": "node/11585145102"
    },
    {
      "type": "Feature",
      "properties": {
        "@id": "node/11585145103",
        "access": "yes",
        "amenity": "bicycle_parking",
        "bicycle_parking": "stands",
        "capacity": "7",
        "covered": "no",
        "fee": "no"
      },
      "geometry": {
        "type": "Point",
        "coordinates": [
          30.3024665,
          59.9073705
        ]
      },
      "id": "node/11585145103"
    },
    {
      "type": "Feature",
      "properties": {
        "@id": "node/11587613306",
        "amenity": "bicycle_parking"
      },
      "geometry": {
        "type": "Point",
        "coordinates": [
          30.2932595,
          59.9614089
        ]
      },
      "id": "node/11587613306"
    },
    {
      "type": "Feature",
      "properties": {
        "@id": "node/11591768031",
        "amenity": "bicycle_parking"
      },
      "geometry": {
        "type": "Point",
        "coordinates": [
          30.3559716,
          59.8052266
        ]
      },
      "id": "node/11591768031"
    },
    {
      "type": "Feature",
      "properties": {
        "@id": "node/11591768034",
        "amenity": "bicycle_parking"
      },
      "geometry": {
        "type": "Point",
        "coordinates": [
          30.3559515,
          59.8049466
        ]
      },
      "id": "node/11591768034"
    },
    {
      "type": "Feature",
      "properties": {
        "@id": "node/11591768041",
        "amenity": "bicycle_parking"
      },
      "geometry": {
        "type": "Point",
        "coordinates": [
          30.3561875,
          59.8047011
        ]
      },
      "id": "node/11591768041"
    },
    {
      "type": "Feature",
      "properties": {
        "@id": "node/11599280807",
        "amenity": "bicycle_parking"
      },
      "geometry": {
        "type": "Point",
        "coordinates": [
          30.2398574,
          59.9903916
        ]
      },
      "id": "node/11599280807"
    },
    {
      "type": "Feature",
      "properties": {
        "@id": "node/11608613515",
        "access": "yes",
        "amenity": "bicycle_parking",
        "bicycle_parking": "stands",
        "capacity": "8",
        "covered": "yes",
        "fee": "no"
      },
      "geometry": {
        "type": "Point",
        "coordinates": [
          30.3006159,
          60.0044516
        ]
      },
      "id": "node/11608613515"
    },
    {
      "type": "Feature",
      "properties": {
        "@id": "node/11618701711",
        "amenity": "bicycle_parking"
      },
      "geometry": {
        "type": "Point",
        "coordinates": [
          30.2881017,
          59.9118204
        ]
      },
      "id": "node/11618701711"
    },
    {
      "type": "Feature",
      "properties": {
        "@id": "node/11658012040",
        "amenity": "bicycle_parking",
        "bicycle_parking": "wall_loops",
        "capacity": "10",
        "covered": "yes",
        "fee": "no"
      },
      "geometry": {
        "type": "Point",
        "coordinates": [
          30.2808462,
          59.9601673
        ]
      },
      "id": "node/11658012040"
    },
    {
      "type": "Feature",
      "properties": {
        "@id": "node/11697981253",
        "amenity": "bicycle_parking"
      },
      "geometry": {
        "type": "Point",
        "coordinates": [
          30.3071219,
          59.9048648
        ]
      },
      "id": "node/11697981253"
    },
    {
      "type": "Feature",
      "properties": {
        "@id": "node/11703804770",
        "access": "yes",
        "amenity": "bicycle_parking",
        "bicycle_parking": "rack",
        "capacity": "12",
        "fee": "no"
      },
      "geometry": {
        "type": "Point",
        "coordinates": [
          30.4225748,
          59.9338376
        ]
      },
      "id": "node/11703804770"
    },
    {
      "type": "Feature",
      "properties": {
        "@id": "node/11746772570",
        "access": "yes",
        "amenity": "bicycle_parking",
        "bicycle_parking": "rack",
        "capacity": "6",
        "covered": "no",
        "fee": "no"
      },
      "geometry": {
        "type": "Point",
        "coordinates": [
          30.194687,
          59.8586749
        ]
      },
      "id": "node/11746772570"
    },
    {
      "type": "Feature",
      "properties": {
        "@id": "node/11766250967",
        "amenity": "bicycle_parking",
        "bicycle_parking": "wall_loops",
        "capacity": "9",
        "covered": "no",
        "fee": "no",
        "opening_hours": "24/7",
        "supervised": "no"
      },
      "geometry": {
        "type": "Point",
        "coordinates": [
          30.3703851,
          59.9430722
        ]
      },
      "id": "node/11766250967"
    },
    {
      "type": "Feature",
      "properties": {
        "@id": "node/11766251021",
        "amenity": "bicycle_parking",
        "bicycle_parking": "wall_loops",
        "covered": "no",
        "fee": "no",
        "opening_hours": "24/7",
        "supervised": "no"
      },
      "geometry": {
        "type": "Point",
        "coordinates": [
          30.3697964,
          59.9401767
        ]
      },
      "id": "node/11766251021"
    },
    {
      "type": "Feature",
      "properties": {
        "@id": "node/11776213168",
        "access": "yes",
        "amenity": "bicycle_parking",
        "bicycle_parking": "wall_loops",
        "capacity": "5",
        "covered": "no",
        "fee": "no"
      },
      "geometry": {
        "type": "Point",
        "coordinates": [
          30.3189315,
          59.8930067
        ]
      },
      "id": "node/11776213168"
    },
    {
      "type": "Feature",
      "properties": {
        "@id": "node/11776285669",
        "access": "yes",
        "amenity": "bicycle_parking",
        "bicycle_parking": "wall_loops",
        "capacity": "7",
        "covered": "no",
        "fee": "no",
        "operator": "ФГУП ВО «Санкт-Петербургский государственный университет ветиринарной медицины»",
        "operator:type": "government"
      },
      "geometry": {
        "type": "Point",
        "coordinates": [
          30.3234114,
          59.8941311
        ]
      },
      "id": "node/11776285669"
    },
    {
      "type": "Feature",
      "properties": {
        "@id": "node/11776285673",
        "access": "yes",
        "amenity": "bicycle_parking",
        "bicycle_parking": "wall_loops",
        "capacity": "7",
        "covered": "no",
        "fee": "no",
        "operator": "ФГУП ВО «Санкт-Петербургский государственный университет ветиринарной медицины»",
        "operator:type": "government"
      },
      "geometry": {
        "type": "Point",
        "coordinates": [
          30.3238705,
          59.8942848
        ]
      },
      "id": "node/11776285673"
    },
    {
      "type": "Feature",
      "properties": {
        "@id": "node/11776285674",
        "access": "yes",
        "amenity": "bicycle_parking",
        "bicycle_parking": "stands",
        "capacity": "5",
        "covered": "no",
        "fee": "no"
      },
      "geometry": {
        "type": "Point",
        "coordinates": [
          30.3265842,
          59.8950512
        ]
      },
      "id": "node/11776285674"
    },
    {
      "type": "Feature",
      "properties": {
        "@id": "node/11776285675",
        "access": "yes",
        "amenity": "bicycle_parking",
        "bicycle_parking": "stands",
        "capacity": "10",
        "covered": "no",
        "fee": "no"
      },
      "geometry": {
        "type": "Point",
        "coordinates": [
          30.3266995,
          59.895362
        ]
      },
      "id": "node/11776285675"
    },
    {
      "type": "Feature",
      "properties": {
        "@id": "node/11776285676",
        "access": "yes",
        "amenity": "bicycle_parking",
        "bicycle_parking": "stands",
        "capacity": "5",
        "covered": "no",
        "fee": "no"
      },
      "geometry": {
        "type": "Point",
        "coordinates": [
          30.3271367,
          59.8955624
        ]
      },
      "id": "node/11776285676"
    },
    {
      "type": "Feature",
      "properties": {
        "@id": "node/11776285677",
        "access": "yes",
        "amenity": "bicycle_parking",
        "bicycle_parking": "stands",
        "capacity": "5",
        "covered": "no",
        "fee": "no"
      },
      "geometry": {
        "type": "Point",
        "coordinates": [
          30.3277831,
          59.8956189
        ]
      },
      "id": "node/11776285677"
    },
    {
      "type": "Feature",
      "properties": {
        "@id": "node/11776285678",
        "access": "yes",
        "amenity": "bicycle_parking",
        "bicycle_parking": "stands",
        "capacity": "5",
        "covered": "no",
        "fee": "no"
      },
      "geometry": {
        "type": "Point",
        "coordinates": [
          30.3276839,
          59.8956822
        ]
      },
      "id": "node/11776285678"
    },
    {
      "type": "Feature",
      "properties": {
        "@id": "node/11776285679",
        "access": "yes",
        "amenity": "bicycle_parking",
        "bicycle_parking": "stands",
        "capacity": "10",
        "covered": "no",
        "fee": "no"
      },
      "geometry": {
        "type": "Point",
        "coordinates": [
          30.3318359,
          59.8978185
        ]
      },
      "id": "node/11776285679"
    },
    {
      "type": "Feature",
      "properties": {
        "@id": "node/11776285680",
        "access": "yes",
        "amenity": "bicycle_parking",
        "bicycle_parking": "stands",
        "capacity": "10",
        "covered": "no",
        "fee": "no"
      },
      "geometry": {
        "type": "Point",
        "coordinates": [
          30.3317179,
          59.8978696
        ]
      },
      "id": "node/11776285680"
    },
    {
      "type": "Feature",
      "properties": {
        "@id": "node/11776285681",
        "access": "yes",
        "amenity": "bicycle_parking",
        "bicycle_parking": "stands",
        "capacity": "5",
        "covered": "no",
        "fee": "no"
      },
      "geometry": {
        "type": "Point",
        "coordinates": [
          30.333059,
          59.8973396
        ]
      },
      "id": "node/11776285681"
    },
    {
      "type": "Feature",
      "properties": {
        "@id": "node/11776285682",
        "access": "yes",
        "amenity": "bicycle_parking",
        "bicycle_parking": "stands",
        "capacity": "5",
        "covered": "no",
        "fee": "no"
      },
      "geometry": {
        "type": "Point",
        "coordinates": [
          30.3334533,
          59.8971983
        ]
      },
      "id": "node/11776285682"
    },
    {
      "type": "Feature",
      "properties": {
        "@id": "node/11776285683",
        "access": "yes",
        "amenity": "bicycle_parking",
        "bicycle_parking": "stands",
        "capacity": "12",
        "covered": "no",
        "fee": "no"
      },
      "geometry": {
        "type": "Point",
        "coordinates": [
          30.3339629,
          59.8975023
        ]
      },
      "id": "node/11776285683"
    },
    {
      "type": "Feature",
      "properties": {
        "@id": "node/11776285684",
        "access": "yes",
        "amenity": "bicycle_parking",
        "bicycle_parking": "stands",
        "capacity": "5",
        "covered": "no",
        "fee": "no"
      },
      "geometry": {
        "type": "Point",
        "coordinates": [
          30.3328578,
          59.8964544
        ]
      },
      "id": "node/11776285684"
    },
    {
      "type": "Feature",
      "properties": {
        "@id": "node/11776285685",
        "access": "yes",
        "amenity": "bicycle_parking",
        "bicycle_parking": "stands",
        "capacity": "5",
        "covered": "no",
        "fee": "no"
      },
      "geometry": {
        "type": "Point",
        "coordinates": [
          30.3322823,
          59.8965039
        ]
      },
      "id": "node/11776285685"
    },
    {
      "type": "Feature",
      "properties": {
        "@id": "node/11784628721",
        "amenity": "bicycle_parking",
        "bicycle_parking": "wall_loops",
        "capacity": "5",
        "covered": "no",
        "fee": "no",
        "opening_hours": "24/7",
        "supervised": "no"
      },
      "geometry": {
        "type": "Point",
        "coordinates": [
          30.3879288,
          59.9457394
        ]
      },
      "id": "node/11784628721"
    },
    {
      "type": "Feature",
      "properties": {
        "@id": "node/11787816152",
        "access": "customers",
        "amenity": "bicycle_parking",
        "bicycle_parking": "wall_loops",
        "capacity": "11",
        "covered": "no",
        "fee": "no"
      },
      "geometry": {
        "type": "Point",
        "coordinates": [
          30.3670992,
          59.9454775
        ]
      },
      "id": "node/11787816152"
    },
    {
      "type": "Feature",
      "properties": {
        "@id": "node/11805978059",
        "amenity": "bicycle_parking",
        "bicycle_parking": "stands",
        "covered": "no",
        "fee": "no",
        "opening_hours": "24/7",
        "supervised": "no"
      },
      "geometry": {
        "type": "Point",
        "coordinates": [
          30.3197101,
          59.9026912
        ]
      },
      "id": "node/11805978059"
    },
    {
      "type": "Feature",
      "properties": {
        "@id": "node/11809929263",
        "amenity": "bicycle_parking",
        "capacity": "10"
      },
      "geometry": {
        "type": "Point",
        "coordinates": [
          30.420693,
          59.8906188
        ]
      },
      "id": "node/11809929263"
    },
    {
      "type": "Feature",
      "properties": {
        "@id": "node/11837475978",
        "amenity": "bicycle_parking",
        "bicycle_parking": "stands",
        "covered": "no",
        "fee": "no",
        "opening_hours": "24/7",
        "supervised": "no"
      },
      "geometry": {
        "type": "Point",
        "coordinates": [
          30.4292737,
          59.8830123
        ]
      },
      "id": "node/11837475978"
    },
    {
      "type": "Feature",
      "properties": {
        "@id": "node/11837476025",
        "amenity": "bicycle_parking",
        "bicycle_parking": "stands",
        "covered": "no",
        "fee": "no",
        "opening_hours": "24/7",
        "supervised": "no"
      },
      "geometry": {
        "type": "Point",
        "coordinates": [
          30.4322503,
          59.8830968
        ]
      },
      "id": "node/11837476025"
    },
    {
      "type": "Feature",
      "properties": {
        "@id": "node/11837476036",
        "amenity": "bicycle_parking",
        "bicycle_parking": "stands",
        "covered": "no",
        "fee": "no",
        "opening_hours": "24/7",
        "supervised": "no"
      },
      "geometry": {
        "type": "Point",
        "coordinates": [
          30.4343015,
          59.8822748
        ]
      },
      "id": "node/11837476036"
    },
    {
      "type": "Feature",
      "properties": {
        "@id": "node/11837476037",
        "amenity": "bicycle_parking",
        "bicycle_parking": "stands",
        "covered": "no",
        "fee": "no",
        "opening_hours": "24/7",
        "supervised": "no"
      },
      "geometry": {
        "type": "Point",
        "coordinates": [
          30.4331683,
          59.8832156
        ]
      },
      "id": "node/11837476037"
    },
    {
      "type": "Feature",
      "properties": {
        "@id": "node/11837476075",
        "amenity": "bicycle_parking",
        "bicycle_parking": "stands",
        "covered": "no",
        "fee": "no",
        "opening_hours": "24/7",
        "supervised": "no"
      },
      "geometry": {
        "type": "Point",
        "coordinates": [
          30.4339246,
          59.882654
        ]
      },
      "id": "node/11837476075"
    },
    {
      "type": "Feature",
      "properties": {
        "@id": "node/11837476076",
        "amenity": "bicycle_parking",
        "bicycle_parking": "stands",
        "covered": "no",
        "fee": "no",
        "opening_hours": "24/7",
        "supervised": "no"
      },
      "geometry": {
        "type": "Point",
        "coordinates": [
          30.4334365,
          59.8825934
        ]
      },
      "id": "node/11837476076"
    },
    {
      "type": "Feature",
      "properties": {
        "@id": "node/11849838936",
        "amenity": "bicycle_parking"
      },
      "geometry": {
        "type": "Point",
        "coordinates": [
          30.2424029,
          59.9899539
        ]
      },
      "id": "node/11849838936"
    },
    {
      "type": "Feature",
      "properties": {
        "@id": "node/11854162618",
        "amenity": "bicycle_parking"
      },
      "geometry": {
        "type": "Point",
        "coordinates": [
          30.2205752,
          59.9966329
        ]
      },
      "id": "node/11854162618"
    },
    {
      "type": "Feature",
      "properties": {
        "@id": "node/11881323637",
        "amenity": "bicycle_parking"
      },
      "geometry": {
        "type": "Point",
        "coordinates": [
          30.4979001,
          59.944986
        ]
      },
      "id": "node/11881323637"
    },
    {
      "type": "Feature",
      "properties": {
        "@id": "node/11881323639",
        "amenity": "bicycle_parking"
      },
      "geometry": {
        "type": "Point",
        "coordinates": [
          30.4965883,
          59.9449431
        ]
      },
      "id": "node/11881323639"
    },
    {
      "type": "Feature",
      "properties": {
        "@id": "node/11901330789",
        "amenity": "bicycle_parking",
        "bicycle_parking": "wall_loops",
        "capacity": "4"
      },
      "geometry": {
        "type": "Point",
        "coordinates": [
          30.4883091,
          59.9614147
        ]
      },
      "id": "node/11901330789"
    },
    {
      "type": "Feature",
      "properties": {
        "@id": "node/11908087385",
        "amenity": "bicycle_parking"
      },
      "geometry": {
        "type": "Point",
        "coordinates": [
          30.2641918,
          59.9817251
        ]
      },
      "id": "node/11908087385"
    },
    {
      "type": "Feature",
      "properties": {
        "@id": "node/11916115485",
        "access": "yes",
        "addr:floor": "G",
        "amenity": "bicycle_parking",
        "bicycle_parking": "wall_loops",
        "bike_ride": "no",
        "capacity": "5",
        "colour": "grey",
        "covered": "no",
        "fee": "no",
        "indoor": "no",
        "level": "0",
        "operator:type": "public",
        "source": "survey"
      },
      "geometry": {
        "type": "Point",
        "coordinates": [
          30.1997288,
          59.9987721
        ]
      },
      "id": "node/11916115485"
    },
    {
      "type": "Feature",
      "properties": {
        "@id": "node/11917652623",
        "amenity": "bicycle_parking"
      },
      "geometry": {
        "type": "Point",
        "coordinates": [
          30.2468567,
          59.966949
        ]
      },
      "id": "node/11917652623"
    },
    {
      "type": "Feature",
      "properties": {
        "@id": "node/11917652624",
        "amenity": "bicycle_parking"
      },
      "geometry": {
        "type": "Point",
        "coordinates": [
          30.2469768,
          59.9669498
        ]
      },
      "id": "node/11917652624"
    },
    {
      "type": "Feature",
      "properties": {
        "@id": "node/11921008811",
        "amenity": "bicycle_parking",
        "bicycle_parking": "rack",
        "capacity": "90"
      },
      "geometry": {
        "type": "Point",
        "coordinates": [
          30.3624626,
          60.0447416
        ]
      },
      "id": "node/11921008811"
    },
    {
      "type": "Feature",
      "properties": {
        "@id": "node/11921210222",
        "amenity": "bicycle_parking"
      },
      "geometry": {
        "type": "Point",
        "coordinates": [
          30.4355644,
          60.02774
        ]
      },
      "id": "node/11921210222"
    },
    {
      "type": "Feature",
      "properties": {
        "@id": "node/11923684012",
        "amenity": "bicycle_parking",
        "capacity": "5"
      },
      "geometry": {
        "type": "Point",
        "coordinates": [
          30.409123,
          60.038648
        ]
      },
      "id": "node/11923684012"
    },
    {
      "type": "Feature",
      "properties": {
        "@id": "node/11924521350",
        "amenity": "bicycle_parking"
      },
      "geometry": {
        "type": "Point",
        "coordinates": [
          30.2200357,
          59.9541874
        ]
      },
      "id": "node/11924521350"
    },
    {
      "type": "Feature",
      "properties": {
        "@id": "node/11924558020",
        "amenity": "bicycle_parking"
      },
      "geometry": {
        "type": "Point",
        "coordinates": [
          30.2168426,
          59.9518198
        ]
      },
      "id": "node/11924558020"
    },
    {
      "type": "Feature",
      "properties": {
        "@id": "node/11924558021",
        "amenity": "bicycle_parking"
      },
      "geometry": {
        "type": "Point",
        "coordinates": [
          30.2168652,
          59.9535262
        ]
      },
      "id": "node/11924558021"
    },
    {
      "type": "Feature",
      "properties": {
        "@id": "node/11924558022",
        "amenity": "bicycle_parking"
      },
      "geometry": {
        "type": "Point",
        "coordinates": [
          30.2112204,
          59.9536405
        ]
      },
      "id": "node/11924558022"
    },
    {
      "type": "Feature",
      "properties": {
        "@id": "node/11924558023",
        "amenity": "bicycle_parking"
      },
      "geometry": {
        "type": "Point",
        "coordinates": [
          30.2172073,
          59.9550267
        ]
      },
      "id": "node/11924558023"
    },
    {
      "type": "Feature",
      "properties": {
        "@id": "node/11925288312",
        "amenity": "bicycle_parking",
        "capacity": "10"
      },
      "geometry": {
        "type": "Point",
        "coordinates": [
          30.4508288,
          60.0515666
        ]
      },
      "id": "node/11925288312"
    },
    {
      "type": "Feature",
      "properties": {
        "@id": "node/11925288313",
        "amenity": "bicycle_parking",
        "capacity": "5"
      },
      "geometry": {
        "type": "Point",
        "coordinates": [
          30.4496884,
          60.0511474
        ]
      },
      "id": "node/11925288313"
    },
    {
      "type": "Feature",
      "properties": {
        "@id": "node/11926732432",
        "amenity": "bicycle_parking"
      },
      "geometry": {
        "type": "Point",
        "coordinates": [
          30.4972966,
          59.954373
        ]
      },
      "id": "node/11926732432"
    },
    {
      "type": "Feature",
      "properties": {
        "@id": "node/11932904562",
        "amenity": "bicycle_parking"
      },
      "geometry": {
        "type": "Point",
        "coordinates": [
          30.2158507,
          59.9510639
        ]
      },
      "id": "node/11932904562"
    },
    {
      "type": "Feature",
      "properties": {
        "@id": "node/11932956312",
        "amenity": "bicycle_parking"
      },
      "geometry": {
        "type": "Point",
        "coordinates": [
          30.3043917,
          59.9578982
        ]
      },
      "id": "node/11932956312"
    },
    {
      "type": "Feature",
      "properties": {
        "@id": "node/11933020628",
        "amenity": "bicycle_parking"
      },
      "geometry": {
        "type": "Point",
        "coordinates": [
          30.2138589,
          59.9494336
        ]
      },
      "id": "node/11933020628"
    },
    {
      "type": "Feature",
      "properties": {
        "@id": "node/11933040092",
        "amenity": "bicycle_parking"
      },
      "geometry": {
        "type": "Point",
        "coordinates": [
          30.2155436,
          59.9496906
        ]
      },
      "id": "node/11933040092"
    },
    {
      "type": "Feature",
      "properties": {
        "@id": "node/11935416282",
        "amenity": "bicycle_parking"
      },
      "geometry": {
        "type": "Point",
        "coordinates": [
          30.4823057,
          59.9535049
        ]
      },
      "id": "node/11935416282"
    },
    {
      "type": "Feature",
      "properties": {
        "@id": "node/11937265522",
        "amenity": "bicycle_parking",
        "bicycle_parking": "stands",
        "capacity": "5",
        "covered": "no",
        "fee": "no",
        "opening_hours": "24/7",
        "supervised": "no"
      },
      "geometry": {
        "type": "Point",
        "coordinates": [
          30.2923154,
          59.9268452
        ]
      },
      "id": "node/11937265522"
    },
    {
      "type": "Feature",
      "properties": {
        "@id": "node/11948150430",
        "amenity": "bicycle_parking",
        "bicycle_parking": "wall_loops",
        "covered": "no",
        "fee": "no",
        "opening_hours": "24/7",
        "supervised": "no"
      },
      "geometry": {
        "type": "Point",
        "coordinates": [
          30.2866231,
          59.9253619
        ]
      },
      "id": "node/11948150430"
    },
    {
      "type": "Feature",
      "properties": {
        "@id": "node/11948150431",
        "amenity": "bicycle_parking",
        "bicycle_parking": "wall_loops",
        "capacity": "10",
        "covered": "no",
        "fee": "no",
        "opening_hours": "24/7",
        "supervised": "no"
      },
      "geometry": {
        "type": "Point",
        "coordinates": [
          30.2864917,
          59.9250851
        ]
      },
      "id": "node/11948150431"
    },
    {
      "type": "Feature",
      "properties": {
        "@id": "node/11948150432",
        "amenity": "bicycle_parking",
        "bicycle_parking": "stands",
        "capacity": "5",
        "covered": "no",
        "fee": "no",
        "opening_hours": "24/7",
        "supervised": "no"
      },
      "geometry": {
        "type": "Point",
        "coordinates": [
          30.2864561,
          59.924477
        ]
      },
      "id": "node/11948150432"
    },
    {
      "type": "Feature",
      "properties": {
        "@id": "node/11950606435",
        "access": "yes",
        "addr:floor": "G",
        "amenity": "bicycle_parking",
        "bicycle_parking": "wall_loops",
        "bike_ride": "no",
        "capacity": "5",
        "colour": "yellow",
        "covered": "no",
        "fee": "no",
        "indoor": "no",
        "level": "0",
        "operator:type": "public",
        "source": "survey"
      },
      "geometry": {
        "type": "Point",
        "coordinates": [
          30.3009367,
          59.9876741
        ]
      },
      "id": "node/11950606435"
    },
    {
      "type": "Feature",
      "properties": {
        "@id": "node/11950606436",
        "access": "yes",
        "amenity": "bicycle_parking",
        "bicycle_parking": "wall_loops",
        "bike_ride": "no",
        "capacity": "5",
        "colour": "grey",
        "covered": "no",
        "fee": "no",
        "indoor": "no",
        "level": "0",
        "lit": "yes",
        "operator:type": "public",
        "source": "survey"
      },
      "geometry": {
        "type": "Point",
        "coordinates": [
          30.3009642,
          59.9873432
        ]
      },
      "id": "node/11950606436"
    },
    {
      "type": "Feature",
      "properties": {
        "@id": "node/11954375073",
        "access": "yes",
        "addr:floor": "G",
        "amenity": "bicycle_parking",
        "bicycle_parking": "wall_loops",
        "bike_ride": "no",
        "capacity": "6",
        "colour": "black",
        "covered": "no",
        "fee": "no",
        "indoor": "no",
        "level": "0",
        "operator:type": "public",
        "source": "survey"
      },
      "geometry": {
        "type": "Point",
        "coordinates": [
          30.2074633,
          60.0009772
        ]
      },
      "id": "node/11954375073"
    },
    {
      "type": "Feature",
      "properties": {
        "@id": "node/11959280832",
        "amenity": "bicycle_parking",
        "bicycle_parking": "rack",
        "capacity": "9",
        "covered": "no",
        "fee": "no",
        "opening_hours": "24/7",
        "supervised": "no"
      },
      "geometry": {
        "type": "Point",
        "coordinates": [
          30.3660718,
          60.0469575
        ]
      },
      "id": "node/11959280832"
    },
    {
      "type": "Feature",
      "properties": {
        "@id": "node/11961302556",
        "amenity": "bicycle_parking",
        "covered": "no",
        "fee": "no",
        "opening_hours": "24/7",
        "supervised": "no"
      },
      "geometry": {
        "type": "Point",
        "coordinates": [
          30.2184138,
          60.0298228
        ]
      },
      "id": "node/11961302556"
    },
    {
      "type": "Feature",
      "properties": {
        "@id": "node/11966302753",
        "amenity": "bicycle_parking"
      },
      "geometry": {
        "type": "Point",
        "coordinates": [
          30.3133547,
          59.9192772
        ]
      },
      "id": "node/11966302753"
    },
    {
      "type": "Feature",
      "properties": {
        "@id": "node/11976392256",
        "access": "yes",
        "amenity": "bicycle_parking",
        "bicycle_parking": "stands",
        "bike_ride": "no",
        "capacity": "3",
        "colour": "silver",
        "covered": "no",
        "fee": "no",
        "indoor": "no",
        "level": "0",
        "lit": "no",
        "operator:type": "public",
        "source": "survey"
      },
      "geometry": {
        "type": "Point",
        "coordinates": [
          30.2030301,
          59.9910095
        ]
      },
      "id": "node/11976392256"
    },
    {
      "type": "Feature",
      "properties": {
        "@id": "node/11976449177",
        "amenity": "bicycle_parking"
      },
      "geometry": {
        "type": "Point",
        "coordinates": [
          30.4668567,
          59.9196117
        ]
      },
      "id": "node/11976449177"
    },
    {
      "type": "Feature",
      "properties": {
        "@id": "node/11985451029",
        "amenity": "bicycle_parking",
        "bicycle_parking": "stands"
      },
      "geometry": {
        "type": "Point",
        "coordinates": [
          30.281616,
          60.058178
        ]
      },
      "id": "node/11985451029"
    },
    {
      "type": "Feature",
      "properties": {
        "@id": "node/11985451030",
        "amenity": "bicycle_parking",
        "bicycle_parking": "stands"
      },
      "geometry": {
        "type": "Point",
        "coordinates": [
          30.281532,
          60.058294
        ]
      },
      "id": "node/11985451030"
    },
    {
      "type": "Feature",
      "properties": {
        "@id": "node/11985451032",
        "amenity": "bicycle_parking",
        "bicycle_parking": "stands"
      },
      "geometry": {
        "type": "Point",
        "coordinates": [
          30.2811529,
          60.0583556
        ]
      },
      "id": "node/11985451032"
    },
    {
      "type": "Feature",
      "properties": {
        "@id": "node/11985451036",
        "amenity": "bicycle_parking",
        "bicycle_parking": "stands"
      },
      "geometry": {
        "type": "Point",
        "coordinates": [
          30.281228,
          60.057501
        ]
      },
      "id": "node/11985451036"
    },
    {
      "type": "Feature",
      "properties": {
        "@id": "node/11985451039",
        "amenity": "bicycle_parking",
        "bicycle_parking": "stands"
      },
      "geometry": {
        "type": "Point",
        "coordinates": [
          30.280016,
          60.059301
        ]
      },
      "id": "node/11985451039"
    },
    {
      "type": "Feature",
      "properties": {
        "@id": "node/11985451046",
        "amenity": "bicycle_parking",
        "bicycle_parking": "stands"
      },
      "geometry": {
        "type": "Point",
        "coordinates": [
          30.2804253,
          60.0582233
        ]
      },
      "id": "node/11985451046"
    },
    {
      "type": "Feature",
      "properties": {
        "@id": "node/11985451047",
        "amenity": "bicycle_parking",
        "bicycle_parking": "stands"
      },
      "geometry": {
        "type": "Point",
        "coordinates": [
          30.279979,
          60.058141
        ]
      },
      "id": "node/11985451047"
    },
    {
      "type": "Feature",
      "properties": {
        "@id": "node/11985451049",
        "amenity": "bicycle_parking",
        "bicycle_parking": "stands"
      },
      "geometry": {
        "type": "Point",
        "coordinates": [
          30.279755,
          60.058351
        ]
      },
      "id": "node/11985451049"
    },
    {
      "type": "Feature",
      "properties": {
        "@id": "node/11985451052",
        "amenity": "bicycle_parking",
        "bicycle_parking": "stands"
      },
      "geometry": {
        "type": "Point",
        "coordinates": [
          30.28031,
          60.058451
        ]
      },
      "id": "node/11985451052"
    },
    {
      "type": "Feature",
      "properties": {
        "@id": "node/11985451054",
        "amenity": "bicycle_parking",
        "bicycle_parking": "stands"
      },
      "geometry": {
        "type": "Point",
        "coordinates": [
          30.28066,
          60.058513
        ]
      },
      "id": "node/11985451054"
    },
    {
      "type": "Feature",
      "properties": {
        "@id": "node/11985451055",
        "amenity": "bicycle_parking",
        "bicycle_parking": "stands"
      },
      "geometry": {
        "type": "Point",
        "coordinates": [
          30.280925,
          60.058318
        ]
      },
      "id": "node/11985451055"
    },
    {
      "type": "Feature",
      "properties": {
        "@id": "node/11985451056",
        "amenity": "bicycle_parking",
        "bicycle_parking": "stands"
      },
      "geometry": {
        "type": "Point",
        "coordinates": [
          30.280961,
          60.058562
        ]
      },
      "id": "node/11985451056"
    },
    {
      "type": "Feature",
      "properties": {
        "@id": "node/11985451061",
        "amenity": "bicycle_parking",
        "bicycle_parking": "stands"
      },
      "geometry": {
        "type": "Point",
        "coordinates": [
          30.281044,
          60.058965
        ]
      },
      "id": "node/11985451061"
    },
    {
      "type": "Feature",
      "properties": {
        "@id": "node/11985468569",
        "amenity": "bicycle_parking",
        "bicycle_parking": "stands"
      },
      "geometry": {
        "type": "Point",
        "coordinates": [
          30.279231,
          60.058982
        ]
      },
      "id": "node/11985468569"
    },
    {
      "type": "Feature",
      "properties": {
        "@id": "node/11985468571",
        "amenity": "bicycle_parking",
        "bicycle_parking": "stands"
      },
      "geometry": {
        "type": "Point",
        "coordinates": [
          30.2799005,
          60.0580054
        ]
      },
      "id": "node/11985468571"
    },
    {
      "type": "Feature",
      "properties": {
        "@id": "node/11985468574",
        "amenity": "bicycle_parking",
        "bicycle_parking": "stands"
      },
      "geometry": {
        "type": "Point",
        "coordinates": [
          30.280129,
          60.057711
        ]
      },
      "id": "node/11985468574"
    },
    {
      "type": "Feature",
      "properties": {
        "@id": "node/11986143741",
        "amenity": "bicycle_parking"
      },
      "geometry": {
        "type": "Point",
        "coordinates": [
          30.4612253,
          59.9508357
        ]
      },
      "id": "node/11986143741"
    },
    {
      "type": "Feature",
      "properties": {
        "@id": "node/12003242189",
        "amenity": "bicycle_parking"
      },
      "geometry": {
        "type": "Point",
        "coordinates": [
          30.2758682,
          60.0570158
        ]
      },
      "id": "node/12003242189"
    },
    {
      "type": "Feature",
      "properties": {
        "@id": "node/12003242190",
        "amenity": "bicycle_parking"
      },
      "geometry": {
        "type": "Point",
        "coordinates": [
          30.2758981,
          60.0569733
        ]
      },
      "id": "node/12003242190"
    },
    {
      "type": "Feature",
      "properties": {
        "@id": "node/12005964348",
        "amenity": "bicycle_parking",
        "bicycle_parking": "rack",
        "capacity": "90"
      },
      "geometry": {
        "type": "Point",
        "coordinates": [
          30.3612692,
          60.0449771
        ]
      },
      "id": "node/12005964348"
    },
    {
      "type": "Feature",
      "properties": {
        "@id": "node/12006220483",
        "amenity": "bicycle_parking"
      },
      "geometry": {
        "type": "Point",
        "coordinates": [
          30.3314619,
          60.058626
        ]
      },
      "id": "node/12006220483"
    },
    {
      "type": "Feature",
      "properties": {
        "@id": "node/12010090281",
        "access": "yes",
        "amenity": "bicycle_parking",
        "bicycle_parking": "wall_loops",
        "capacity": "9",
        "covered": "no",
        "fee": "no",
        "operator": "Ichiraku Ramen",
        "operator:type": "business"
      },
      "geometry": {
        "type": "Point",
        "coordinates": [
          30.3588127,
          59.9281052
        ]
      },
      "id": "node/12010090281"
    },
    {
      "type": "Feature",
      "properties": {
        "@id": "node/12022848254",
        "access": "yes",
        "addr:floor": "G",
        "amenity": "bicycle_parking",
        "bicycle_parking": "wall_loops",
        "bike_ride": "no",
        "capacity": "4",
        "colour": "black",
        "covered": "no",
        "fee": "no",
        "indoor": "no",
        "level": "0",
        "lit": "no",
        "operator:type": "public",
        "source": "survey"
      },
      "geometry": {
        "type": "Point",
        "coordinates": [
          30.2026047,
          59.9969527
        ]
      },
      "id": "node/12022848254"
    },
    {
      "type": "Feature",
      "properties": {
        "@id": "node/12026640971",
        "access": "yes",
        "amenity": "bicycle_parking",
        "bicycle_parking": "wall_loops",
        "capacity": "9",
        "covered": "no",
        "fee": "no"
      },
      "geometry": {
        "type": "Point",
        "coordinates": [
          30.3966285,
          60.0111106
        ]
      },
      "id": "node/12026640971"
    },
    {
      "type": "Feature",
      "properties": {
        "@id": "node/12026640972",
        "access": "yes",
        "amenity": "bicycle_parking",
        "bicycle_parking": "wall_loops",
        "capacity": "8",
        "covered": "no",
        "fee": "no"
      },
      "geometry": {
        "type": "Point",
        "coordinates": [
          30.3972924,
          60.0118647
        ]
      },
      "id": "node/12026640972"
    },
    {
      "type": "Feature",
      "properties": {
        "@id": "node/12026640973",
        "access": "yes",
        "amenity": "bicycle_parking",
        "bicycle_parking": "stands",
        "capacity": "12",
        "covered": "yes",
        "fee": "no"
      },
      "geometry": {
        "type": "Point",
        "coordinates": [
          30.3976491,
          60.0121013
        ]
      },
      "id": "node/12026640973"
    },
    {
      "type": "Feature",
      "properties": {
        "@id": "node/12035774920",
        "amenity": "bicycle_parking"
      },
      "geometry": {
        "type": "Point",
        "coordinates": [
          30.2734709,
          60.0556435
        ]
      },
      "id": "node/12035774920"
    },
    {
      "type": "Feature",
      "properties": {
        "@id": "node/12040978965",
        "amenity": "bicycle_parking"
      },
      "geometry": {
        "type": "Point",
        "coordinates": [
          30.3738192,
          60.0054484
        ]
      },
      "id": "node/12040978965"
    },
    {
      "type": "Feature",
      "properties": {
        "@id": "node/12050200104",
        "amenity": "bicycle_parking"
      },
      "geometry": {
        "type": "Point",
        "coordinates": [
          30.484359,
          59.9284288
        ]
      },
      "id": "node/12050200104"
    },
    {
      "type": "Feature",
      "properties": {
        "@id": "node/12050200109",
        "amenity": "bicycle_parking"
      },
      "geometry": {
        "type": "Point",
        "coordinates": [
          30.4748369,
          59.9293954
        ]
      },
      "id": "node/12050200109"
    },
    {
      "type": "Feature",
      "properties": {
        "@id": "node/12050200110",
        "amenity": "bicycle_parking"
      },
      "geometry": {
        "type": "Point",
        "coordinates": [
          30.4836034,
          59.9368001
        ]
      },
      "id": "node/12050200110"
    },
    {
      "type": "Feature",
      "properties": {
        "@id": "node/12057484944",
        "amenity": "bicycle_parking"
      },
      "geometry": {
        "type": "Point",
        "coordinates": [
          30.3097681,
          59.9328491
        ]
      },
      "id": "node/12057484944"
    },
    {
      "type": "Feature",
      "properties": {
        "@id": "node/12057723233",
        "amenity": "bicycle_parking"
      },
      "geometry": {
        "type": "Point",
        "coordinates": [
          30.3108415,
          59.9295466
        ]
      },
      "id": "node/12057723233"
    },
    {
      "type": "Feature",
      "properties": {
        "@id": "node/12057723245",
        "amenity": "bicycle_parking"
      },
      "geometry": {
        "type": "Point",
        "coordinates": [
          30.3139543,
          59.931149
        ]
      },
      "id": "node/12057723245"
    },
    {
      "type": "Feature",
      "properties": {
        "@id": "node/12058889707",
        "amenity": "bicycle_parking",
        "bicycle_parking": "stands"
      },
      "geometry": {
        "type": "Point",
        "coordinates": [
          30.2413359,
          59.924578
        ]
      },
      "id": "node/12058889707"
    },
    {
      "type": "Feature",
      "properties": {
        "@id": "node/12059887639",
        "amenity": "bicycle_parking",
        "covered": "no",
        "fee": "no",
        "opening_hours": "24/7",
        "supervised": "no"
      },
      "geometry": {
        "type": "Point",
        "coordinates": [
          30.2444775,
          59.846784
        ]
      },
      "id": "node/12059887639"
    },
    {
      "type": "Feature",
      "properties": {
        "@id": "node/12073982720",
        "amenity": "bicycle_parking",
        "bicycle_parking": "wall_loops",
        "covered": "no"
      },
      "geometry": {
        "type": "Point",
        "coordinates": [
          30.1456314,
          59.8472398
        ]
      },
      "id": "node/12073982720"
    },
    {
      "type": "Feature",
      "properties": {
        "@id": "node/12078134411",
        "amenity": "bicycle_parking",
        "bicycle_parking": "rack",
        "capacity": "5"
      },
      "geometry": {
        "type": "Point",
        "coordinates": [
          30.4171337,
          59.9712395
        ]
      },
      "id": "node/12078134411"
    },
    {
      "type": "Feature",
      "properties": {
        "@id": "node/12078134412",
        "amenity": "bicycle_parking",
        "bicycle_parking": "rack",
        "capacity": "5"
      },
      "geometry": {
        "type": "Point",
        "coordinates": [
          30.4171081,
          59.9712409
        ]
      },
      "id": "node/12078134412"
    },
    {
      "type": "Feature",
      "properties": {
        "@id": "node/12078134413",
        "amenity": "bicycle_parking",
        "bicycle_parking": "rack",
        "capacity": "5"
      },
      "geometry": {
        "type": "Point",
        "coordinates": [
          30.4170814,
          59.9712421
        ]
      },
      "id": "node/12078134413"
    },
    {
      "type": "Feature",
      "properties": {
        "@id": "node/12078407112",
        "access": "yes",
        "addr:floor": "G",
        "amenity": "bicycle_parking",
        "bicycle_parking": "wall_loops",
        "bike_ride": "no",
        "capacity": "5",
        "colour": "gray",
        "covered": "no",
        "fee": "no",
        "indoor": "no",
        "level": "0",
        "lit": "no",
        "operator:type": "unknown",
        "source": "survey"
      },
      "geometry": {
        "type": "Point",
        "coordinates": [
          30.1974238,
          59.9981063
        ]
      },
      "id": "node/12078407112"
    },
    {
      "type": "Feature",
      "properties": {
        "@id": "node/12080602843",
        "addr:floor": "G",
        "amenity": "bicycle_parking",
        "bicycle_parking": "wall_loops",
        "bike_ride": "no",
        "capacity": "12",
        "colour": "grey",
        "covered": "no",
        "indoor": "no",
        "level": "0",
        "source": "survey"
      },
      "geometry": {
        "type": "Point",
        "coordinates": [
          30.1967654,
          59.9966934
        ]
      },
      "id": "node/12080602843"
    },
    {
      "type": "Feature",
      "properties": {
        "@id": "node/12089846484",
        "amenity": "bicycle_parking"
      },
      "geometry": {
        "type": "Point",
        "coordinates": [
          30.2360849,
          59.9475155
        ]
      },
      "id": "node/12089846484"
    },
    {
      "type": "Feature",
      "properties": {
        "@id": "node/12092280781",
        "amenity": "bicycle_parking"
      },
      "geometry": {
        "type": "Point",
        "coordinates": [
          30.3057223,
          59.9625878
        ]
      },
      "id": "node/12092280781"
    },
    {
      "type": "Feature",
      "properties": {
        "@id": "node/12094040586",
        "access": "yes",
        "amenity": "bicycle_parking",
        "bicycle_parking": "stands",
        "capacity": "2",
        "covered": "no",
        "fee": "no"
      },
      "geometry": {
        "type": "Point",
        "coordinates": [
          30.3577518,
          59.9265133
        ]
      },
      "id": "node/12094040586"
    },
    {
      "type": "Feature",
      "properties": {
        "@id": "node/12098211107",
        "amenity": "bicycle_parking",
        "bicycle_parking": "wall_loops",
        "capacity": "18",
        "covered": "yes"
      },
      "geometry": {
        "type": "Point",
        "coordinates": [
          30.2662434,
          59.9582628
        ]
      },
      "id": "node/12098211107"
    },
    {
      "type": "Feature",
      "properties": {
        "@id": "node/12110521832",
        "amenity": "bicycle_parking",
        "bicycle_parking": "wall_loops",
        "covered": "yes"
      },
      "geometry": {
        "type": "Point",
        "coordinates": [
          30.2365758,
          59.9588018
        ]
      },
      "id": "node/12110521832"
    },
    {
      "type": "Feature",
      "properties": {
        "@id": "node/12110521894",
        "amenity": "bicycle_parking",
        "bicycle_parking": "wall_loops",
        "covered": "yes"
      },
      "geometry": {
        "type": "Point",
        "coordinates": [
          30.2355981,
          59.9591395
        ]
      },
      "id": "node/12110521894"
    },
    {
      "type": "Feature",
      "properties": {
        "@id": "node/12121794148",
        "amenity": "bicycle_parking",
        "bicycle_parking": "wall_loops",
        "capacity": "5",
        "covered": "no"
      },
      "geometry": {
        "type": "Point",
        "coordinates": [
          30.1418264,
          59.8434621
        ]
      },
      "id": "node/12121794148"
    },
    {
      "type": "Feature",
      "properties": {
        "@id": "node/12128310194",
        "access": "yes",
        "amenity": "bicycle_parking",
        "bicycle_parking": "wall_loops",
        "capacity": "5",
        "covered": "no",
        "fee": "no"
      },
      "geometry": {
        "type": "Point",
        "coordinates": [
          30.300326,
          59.933467
        ]
      },
      "id": "node/12128310194"
    },
    {
      "type": "Feature",
      "properties": {
        "@id": "node/12135796542",
        "access": "yes",
        "amenity": "bicycle_parking",
        "covered": "no",
        "fee": "no"
      },
      "geometry": {
        "type": "Point",
        "coordinates": [
          30.5152015,
          59.8343461
        ]
      },
      "id": "node/12135796542"
    },
    {
      "type": "Feature",
      "properties": {
        "@id": "node/12135796543",
        "access": "yes",
        "amenity": "bicycle_parking",
        "covered": "no",
        "fee": "no"
      },
      "geometry": {
        "type": "Point",
        "coordinates": [
          30.5160251,
          59.8340731
        ]
      },
      "id": "node/12135796543"
    },
    {
      "type": "Feature",
      "properties": {
        "@id": "node/12135796554",
        "access": "yes",
        "amenity": "bicycle_parking",
        "covered": "no",
        "fee": "no"
      },
      "geometry": {
        "type": "Point",
        "coordinates": [
          30.5238167,
          59.8325943
        ]
      },
      "id": "node/12135796554"
    },
    {
      "type": "Feature",
      "properties": {
        "@id": "node/12135796560",
        "access": "yes",
        "amenity": "bicycle_parking",
        "covered": "no",
        "fee": "no"
      },
      "geometry": {
        "type": "Point",
        "coordinates": [
          30.523394,
          59.831736
        ]
      },
      "id": "node/12135796560"
    },
    {
      "type": "Feature",
      "properties": {
        "@id": "node/12140883532",
        "access": "yes",
        "amenity": "bicycle_parking",
        "covered": "no",
        "fee": "no"
      },
      "geometry": {
        "type": "Point",
        "coordinates": [
          30.5236191,
          59.832182
        ]
      },
      "id": "node/12140883532"
    },
    {
      "type": "Feature",
      "properties": {
        "@id": "node/12146954940",
        "amenity": "bicycle_parking",
        "bicycle_parking": "wall_loops",
        "capacity": "9",
        "covered": "no"
      },
      "geometry": {
        "type": "Point",
        "coordinates": [
          30.3386892,
          59.9232493
        ]
      },
      "id": "node/12146954940"
    },
    {
      "type": "Feature",
      "properties": {
        "@id": "node/12168345014",
        "amenity": "bicycle_parking",
        "bicycle_parking": "stands",
        "covered": "yes",
        "fee": "no",
        "opening_hours": "24/7",
        "supervised": "no"
      },
      "geometry": {
        "type": "Point",
        "coordinates": [
          30.3368032,
          59.9367337
        ]
      },
      "id": "node/12168345014"
    },
    {
      "type": "Feature",
      "properties": {
        "@id": "node/12173111907",
        "amenity": "bicycle_parking"
      },
      "geometry": {
        "type": "Point",
        "coordinates": [
          30.4551189,
          59.901337
        ]
      },
      "id": "node/12173111907"
    },
    {
      "type": "Feature",
      "properties": {
        "@id": "node/12173111910",
        "amenity": "bicycle_parking"
      },
      "geometry": {
        "type": "Point",
        "coordinates": [
          30.4543282,
          59.8995934
        ]
      },
      "id": "node/12173111910"
    },
    {
      "type": "Feature",
      "properties": {
        "@id": "node/12173111945",
        "amenity": "bicycle_parking"
      },
      "geometry": {
        "type": "Point",
        "coordinates": [
          30.4536082,
          59.9004742
        ]
      },
      "id": "node/12173111945"
    },
    {
      "type": "Feature",
      "properties": {
        "@id": "node/12173111946",
        "amenity": "bicycle_parking"
      },
      "geometry": {
        "type": "Point",
        "coordinates": [
          30.4535534,
          59.9005453
        ]
      },
      "id": "node/12173111946"
    },
    {
      "type": "Feature",
      "properties": {
        "@id": "node/12173111947",
        "amenity": "bicycle_parking"
      },
      "geometry": {
        "type": "Point",
        "coordinates": [
          30.4534156,
          59.900709
        ]
      },
      "id": "node/12173111947"
    },
    {
      "type": "Feature",
      "properties": {
        "@id": "node/12173111948",
        "amenity": "bicycle_parking"
      },
      "geometry": {
        "type": "Point",
        "coordinates": [
          30.4533546,
          59.9007787
        ]
      },
      "id": "node/12173111948"
    },
    {
      "type": "Feature",
      "properties": {
        "@id": "node/12173111950",
        "amenity": "bicycle_parking"
      },
      "geometry": {
        "type": "Point",
        "coordinates": [
          30.4532614,
          59.9008846
        ]
      },
      "id": "node/12173111950"
    },
    {
      "type": "Feature",
      "properties": {
        "@id": "node/12173111952",
        "amenity": "bicycle_parking"
      },
      "geometry": {
        "type": "Point",
        "coordinates": [
          30.4549841,
          59.9014717
        ]
      },
      "id": "node/12173111952"
    },
    {
      "type": "Feature",
      "properties": {
        "@id": "node/12173111969",
        "amenity": "bicycle_parking"
      },
      "geometry": {
        "type": "Point",
        "coordinates": [
          30.4532051,
          59.9009508
        ]
      },
      "id": "node/12173111969"
    },
    {
      "type": "Feature",
      "properties": {
        "@id": "node/12176992398",
        "amenity": "bicycle_parking",
        "bicycle_parking": "wall_loops",
        "covered": "no",
        "fee": "no",
        "opening_hours": "24/7",
        "supervised": "no"
      },
      "geometry": {
        "type": "Point",
        "coordinates": [
          30.3819052,
          59.9289781
        ]
      },
      "id": "node/12176992398"
    },
    {
      "type": "Feature",
      "properties": {
        "@id": "node/12177300210",
        "amenity": "bicycle_parking"
      },
      "geometry": {
        "type": "Point",
        "coordinates": [
          30.2356255,
          60.0073312
        ]
      },
      "id": "node/12177300210"
    },
    {
      "type": "Feature",
      "properties": {
        "@id": "node/12178087841",
        "access": "yes",
        "amenity": "bicycle_parking",
        "capacity": "5",
        "covered": "no",
        "fee": "no"
      },
      "geometry": {
        "type": "Point",
        "coordinates": [
          30.4565547,
          59.8968375
        ]
      },
      "id": "node/12178087841"
    },
    {
      "type": "Feature",
      "properties": {
        "@id": "node/12178087863",
        "access": "yes",
        "amenity": "bicycle_parking",
        "capacity": "5",
        "covered": "no",
        "fee": "no"
      },
      "geometry": {
        "type": "Point",
        "coordinates": [
          30.4561725,
          59.8963635
        ]
      },
      "id": "node/12178087863"
    },
    {
      "type": "Feature",
      "properties": {
        "@id": "node/12180098292",
        "amenity": "bicycle_parking"
      },
      "geometry": {
        "type": "Point",
        "coordinates": [
          30.3320939,
          59.8247049
        ]
      },
      "id": "node/12180098292"
    },
    {
      "type": "Feature",
      "properties": {
        "@id": "node/12180098293",
        "amenity": "bicycle_parking"
      },
      "geometry": {
        "type": "Point",
        "coordinates": [
          30.3320939,
          59.8254933
        ]
      },
      "id": "node/12180098293"
    },
    {
      "type": "Feature",
      "properties": {
        "@id": "node/12182539301",
        "amenity": "bicycle_parking",
        "bicycle_parking": "wall_loops",
        "covered": "no",
        "fee": "no",
        "opening_hours": "24/7",
        "supervised": "no"
      },
      "geometry": {
        "type": "Point",
        "coordinates": [
          30.3879315,
          59.9270054
        ]
      },
      "id": "node/12182539301"
    },
    {
      "type": "Feature",
      "properties": {
        "@id": "node/12182626133",
        "amenity": "bicycle_parking"
      },
      "geometry": {
        "type": "Point",
        "coordinates": [
          30.334718,
          59.978709
        ]
      },
      "id": "node/12182626133"
    },
    {
      "type": "Feature",
      "properties": {
        "@id": "node/12182626138",
        "amenity": "bicycle_parking"
      },
      "geometry": {
        "type": "Point",
        "coordinates": [
          30.3349339,
          59.9787761
        ]
      },
      "id": "node/12182626138"
    },
    {
      "type": "Feature",
      "properties": {
        "@id": "node/12182626140",
        "amenity": "bicycle_parking"
      },
      "geometry": {
        "type": "Point",
        "coordinates": [
          30.330179,
          59.9767947
        ]
      },
      "id": "node/12182626140"
    },
    {
      "type": "Feature",
      "properties": {
        "@id": "node/12182626141",
        "amenity": "bicycle_parking"
      },
      "geometry": {
        "type": "Point",
        "coordinates": [
          30.3303206,
          59.9768469
        ]
      },
      "id": "node/12182626141"
    },
    {
      "type": "Feature",
      "properties": {
        "@id": "node/12185470122",
        "amenity": "bicycle_parking"
      },
      "geometry": {
        "type": "Point",
        "coordinates": [
          30.4022278,
          60.0356014
        ]
      },
      "id": "node/12185470122"
    },
    {
      "type": "Feature",
      "properties": {
        "@id": "node/12187191744",
        "amenity": "bicycle_parking",
        "bicycle_parking": "wall_loops",
        "covered": "yes",
        "fee": "no",
        "opening_hours": "24/7",
        "supervised": "no"
      },
      "geometry": {
        "type": "Point",
        "coordinates": [
          30.2601936,
          59.9419848
        ]
      },
      "id": "node/12187191744"
    },
    {
      "type": "Feature",
      "properties": {
        "@id": "node/12187191749",
        "amenity": "bicycle_parking",
        "bicycle_parking": "wall_loops",
        "capacity": "6",
        "covered": "no",
        "fee": "no",
        "opening_hours": "24/7",
        "supervised": "no"
      },
      "geometry": {
        "type": "Point",
        "coordinates": [
          30.2605324,
          59.9412414
        ]
      },
      "id": "node/12187191749"
    },
    {
      "type": "Feature",
      "properties": {
        "@id": "node/12192954288",
        "amenity": "bicycle_parking",
        "bicycle_parking": "stands",
        "capacity": "6",
        "covered": "no"
      },
      "geometry": {
        "type": "Point",
        "coordinates": [
          30.4591779,
          59.898061
        ]
      },
      "id": "node/12192954288"
    },
    {
      "type": "Feature",
      "properties": {
        "@id": "node/12192972242",
        "amenity": "bicycle_parking",
        "bicycle_parking": "stands",
        "capacity": "6",
        "covered": "no"
      },
      "geometry": {
        "type": "Point",
        "coordinates": [
          30.4589389,
          59.8980237
        ]
      },
      "id": "node/12192972242"
    },
    {
      "type": "Feature",
      "properties": {
        "@id": "node/12192977977",
        "amenity": "bicycle_parking",
        "bicycle_parking": "stands",
        "capacity": "6",
        "covered": "no"
      },
      "geometry": {
        "type": "Point",
        "coordinates": [
          30.4592465,
          59.8979426
        ]
      },
      "id": "node/12192977977"
    },
    {
      "type": "Feature",
      "properties": {
        "@id": "node/12192978485",
        "amenity": "bicycle_parking",
        "bicycle_parking": "stands",
        "capacity": "6",
        "covered": "no"
      },
      "geometry": {
        "type": "Point",
        "coordinates": [
          30.4590165,
          59.8979028
        ]
      },
      "id": "node/12192978485"
    },
    {
      "type": "Feature",
      "properties": {
        "@id": "node/12193061678",
        "amenity": "bicycle_parking",
        "bicycle_parking": "stands",
        "covered": "no"
      },
      "geometry": {
        "type": "Point",
        "coordinates": [
          30.4593528,
          59.8972144
        ]
      },
      "id": "node/12193061678"
    },
    {
      "type": "Feature",
      "properties": {
        "@id": "node/12199952533",
        "access": "yes",
        "amenity": "bicycle_parking",
        "bicycle_parking": "wall_loops",
        "capacity": "10",
        "covered": "no",
        "fee": "no"
      },
      "geometry": {
        "type": "Point",
        "coordinates": [
          30.2566146,
          60.0016432
        ]
      },
      "id": "node/12199952533"
    },
    {
      "type": "Feature",
      "properties": {
        "@id": "node/12199952534",
        "access": "yes",
        "amenity": "bicycle_parking",
        "bicycle_parking": "stands",
        "capacity": "10",
        "covered": "no",
        "fee": "no"
      },
      "geometry": {
        "type": "Point",
        "coordinates": [
          30.2586921,
          59.9895312
        ]
      },
      "id": "node/12199952534"
    },
    {
      "type": "Feature",
      "properties": {
        "@id": "node/12199952535",
        "access": "yes",
        "amenity": "bicycle_parking",
        "bicycle_parking": "stands",
        "capacity": "10",
        "covered": "no",
        "fee": "no"
      },
      "geometry": {
        "type": "Point",
        "coordinates": [
          30.2564229,
          59.9896808
        ]
      },
      "id": "node/12199952535"
    },
    {
      "type": "Feature",
      "properties": {
        "@id": "node/12199952536",
        "access": "yes",
        "amenity": "bicycle_parking",
        "bicycle_parking": "stands",
        "capacity": "5",
        "covered": "no",
        "fee": "no"
      },
      "geometry": {
        "type": "Point",
        "coordinates": [
          30.2561549,
          59.9933106
        ]
      },
      "id": "node/12199952536"
    },
    {
      "type": "Feature",
      "properties": {
        "@id": "node/12199952537",
        "access": "yes",
        "amenity": "bicycle_parking",
        "bicycle_parking": "stands",
        "capacity": "5",
        "covered": "no",
        "fee": "no"
      },
      "geometry": {
        "type": "Point",
        "coordinates": [
          30.2561479,
          59.9933713
        ]
      },
      "id": "node/12199952537"
    },
    {
      "type": "Feature",
      "properties": {
        "@id": "node/12199952538",
        "access": "yes",
        "amenity": "bicycle_parking",
        "bicycle_parking": "stands",
        "capacity": "5",
        "covered": "no",
        "fee": "no"
      },
      "geometry": {
        "type": "Point",
        "coordinates": [
          30.2561456,
          59.9934484
        ]
      },
      "id": "node/12199952538"
    },
    {
      "type": "Feature",
      "properties": {
        "@id": "node/12199952539",
        "access": "yes",
        "amenity": "bicycle_parking",
        "bicycle_parking": "stands",
        "capacity": "5",
        "covered": "no",
        "fee": "no"
      },
      "geometry": {
        "type": "Point",
        "coordinates": [
          30.2561292,
          59.9935161
        ]
      },
      "id": "node/12199952539"
    },
    {
      "type": "Feature",
      "properties": {
        "@id": "node/12199952540",
        "access": "yes",
        "amenity": "bicycle_parking",
        "bicycle_parking": "stands",
        "capacity": "5",
        "covered": "no",
        "fee": "no"
      },
      "geometry": {
        "type": "Point",
        "coordinates": [
          30.2561082,
          59.9937205
        ]
      },
      "id": "node/12199952540"
    },
    {
      "type": "Feature",
      "properties": {
        "@id": "node/12199952541",
        "access": "yes",
        "amenity": "bicycle_parking",
        "bicycle_parking": "stands",
        "capacity": "5",
        "covered": "no",
        "fee": "no"
      },
      "geometry": {
        "type": "Point",
        "coordinates": [
          30.2560242,
          59.9940043
        ]
      },
      "id": "node/12199952541"
    },
    {
      "type": "Feature",
      "properties": {
        "@id": "node/12199952542",
        "access": "yes",
        "amenity": "bicycle_parking",
        "bicycle_parking": "stands",
        "capacity": "5",
        "covered": "no",
        "fee": "no"
      },
      "geometry": {
        "type": "Point",
        "coordinates": [
          30.2560172,
          59.994093
        ]
      },
      "id": "node/12199952542"
    },
    {
      "type": "Feature",
      "properties": {
        "@id": "node/12199952543",
        "access": "yes",
        "amenity": "bicycle_parking",
        "bicycle_parking": "stands",
        "capacity": "5",
        "covered": "no",
        "fee": "no"
      },
      "geometry": {
        "type": "Point",
        "coordinates": [
          30.2560055,
          59.9941981
        ]
      },
      "id": "node/12199952543"
    },
    {
      "type": "Feature",
      "properties": {
        "@id": "node/12199952544",
        "access": "yes",
        "amenity": "bicycle_parking",
        "bicycle_parking": "stands",
        "capacity": "5",
        "covered": "no",
        "fee": "no"
      },
      "geometry": {
        "type": "Point",
        "coordinates": [
          30.2559868,
          59.9944305
        ]
      },
      "id": "node/12199952544"
    },
    {
      "type": "Feature",
      "properties": {
        "@id": "node/12199952545",
        "access": "yes",
        "amenity": "bicycle_parking",
        "bicycle_parking": "stands",
        "capacity": "5",
        "covered": "no",
        "fee": "no"
      },
      "geometry": {
        "type": "Point",
        "coordinates": [
          30.2559635,
          59.9951463
        ]
      },
      "id": "node/12199952545"
    },
    {
      "type": "Feature",
      "properties": {
        "@id": "node/12199952546",
        "access": "yes",
        "amenity": "bicycle_parking",
        "bicycle_parking": "stands",
        "capacity": "5",
        "covered": "no",
        "fee": "no"
      },
      "geometry": {
        "type": "Point",
        "coordinates": [
          30.2559868,
          59.9949583
        ]
      },
      "id": "node/12199952546"
    },
    {
      "type": "Feature",
      "properties": {
        "@id": "node/12199952547",
        "access": "yes",
        "amenity": "bicycle_parking",
        "bicycle_parking": "stands",
        "capacity": "5",
        "covered": "no",
        "fee": "no"
      },
      "geometry": {
        "type": "Point",
        "coordinates": [
          30.2559915,
          59.9949069
        ]
      },
      "id": "node/12199952547"
    },
    {
      "type": "Feature",
      "properties": {
        "@id": "node/12199952548",
        "access": "yes",
        "amenity": "bicycle_parking",
        "bicycle_parking": "stands",
        "capacity": "5",
        "covered": "no",
        "fee": "no"
      },
      "geometry": {
        "type": "Point",
        "coordinates": [
          30.2560102,
          59.9947492
        ]
      },
      "id": "node/12199952548"
    },
    {
      "type": "Feature",
      "properties": {
        "@id": "node/12199952549",
        "access": "customers",
        "amenity": "bicycle_parking",
        "bicycle_parking": "wall_loops",
        "capacity": "5",
        "covered": "no",
        "fee": "no"
      },
      "geometry": {
        "type": "Point",
        "coordinates": [
          30.2554859,
          59.9993472
        ]
      },
      "id": "node/12199952549"
    },
    {
      "type": "Feature",
      "properties": {
        "@id": "node/12199952550",
        "access": "customers",
        "amenity": "bicycle_parking",
        "bicycle_parking": "wall_loops",
        "capacity": "9",
        "covered": "no",
        "fee": "no"
      },
      "geometry": {
        "type": "Point",
        "coordinates": [
          30.2563549,
          60.0004737
        ]
      },
      "id": "node/12199952550"
    },
    {
      "type": "Feature",
      "properties": {
        "@id": "node/12199952551",
        "access": "customers",
        "amenity": "bicycle_parking",
        "bicycle_parking": "wall_loops",
        "capacity": "9",
        "covered": "no",
        "fee": "no"
      },
      "geometry": {
        "type": "Point",
        "coordinates": [
          30.2562074,
          60.0004429
        ]
      },
      "id": "node/12199952551"
    },
    {
      "type": "Feature",
      "properties": {
        "@id": "node/12200245001",
        "amenity": "bicycle_parking"
      },
      "geometry": {
        "type": "Point",
        "coordinates": [
          30.3105648,
          59.9654483
        ]
      },
      "id": "node/12200245001"
    },
    {
      "type": "Feature",
      "properties": {
        "@id": "node/12271472219",
        "amenity": "bicycle_parking",
        "bicycle_parking": "wall_loops",
        "capacity": "5",
        "covered": "no",
        "fee": "no",
        "opening_hours": "24/7",
        "supervised": "no"
      },
      "geometry": {
        "type": "Point",
        "coordinates": [
          30.3579283,
          59.9480841
        ]
      },
      "id": "node/12271472219"
    },
    {
      "type": "Feature",
      "properties": {
        "@id": "node/12277415117",
        "amenity": "bicycle_parking",
        "bicycle_parking": "stands",
        "covered": "yes",
        "fee": "no",
        "opening_hours": "24/7",
        "supervised": "no"
      },
      "geometry": {
        "type": "Point",
        "coordinates": [
          30.3894503,
          59.9494396
        ]
      },
      "id": "node/12277415117"
    },
    {
      "type": "Feature",
      "properties": {
        "@id": "node/12277415118",
        "amenity": "bicycle_parking",
        "bicycle_parking": "stands",
        "covered": "yes",
        "fee": "no",
        "opening_hours": "24/7",
        "supervised": "no"
      },
      "geometry": {
        "type": "Point",
        "coordinates": [
          30.3892281,
          59.9494285
        ]
      },
      "id": "node/12277415118"
    },
    {
      "type": "Feature",
      "properties": {
        "@id": "node/12285034091",
        "amenity": "bicycle_parking",
        "covered": "no",
        "fee": "no",
        "opening_hours": "24/7",
        "supervised": "no"
      },
      "geometry": {
        "type": "Point",
        "coordinates": [
          30.3279707,
          59.9804543
        ]
      },
      "id": "node/12285034091"
    },
    {
      "type": "Feature",
      "properties": {
        "@id": "node/12288778401",
        "amenity": "bicycle_parking"
      },
      "geometry": {
        "type": "Point",
        "coordinates": [
          30.3541964,
          59.9321136
        ]
      },
      "id": "node/12288778401"
    },
    {
      "type": "Feature",
      "properties": {
        "@id": "node/12288778439",
        "amenity": "bicycle_parking"
      },
      "geometry": {
        "type": "Point",
        "coordinates": [
          30.3500811,
          59.9460193
        ]
      },
      "id": "node/12288778439"
    },
    {
      "type": "Feature",
      "properties": {
        "@id": "node/12294775318",
        "access": "yes",
        "amenity": "bicycle_parking",
        "bicycle_parking": "wall_loops",
        "capacity": "5",
        "covered": "no",
        "fee": "no"
      },
      "geometry": {
        "type": "Point",
        "coordinates": [
          30.3346037,
          60.0512905
        ]
      },
      "id": "node/12294775318"
    },
    {
      "type": "Feature",
      "properties": {
        "@id": "node/12299590951",
        "access": "private",
        "amenity": "bicycle_parking",
        "covered": "no"
      },
      "geometry": {
        "type": "Point",
        "coordinates": [
          30.3756317,
          59.9895923
        ]
      },
      "id": "node/12299590951"
    },
    {
      "type": "Feature",
      "properties": {
        "@id": "node/12344011354",
        "amenity": "bicycle_parking",
        "bicycle_parking": "wall_loops",
        "capacity": "3",
        "covered": "no"
      },
      "geometry": {
        "type": "Point",
        "coordinates": [
          30.2652075,
          59.8440244
        ]
      },
      "id": "node/12344011354"
    },
    {
      "type": "Feature",
      "properties": {
        "@id": "node/12344137155",
        "amenity": "bicycle_parking",
        "bicycle_parking": "wall_loops",
        "capacity": "15",
        "covered": "no"
      },
      "geometry": {
        "type": "Point",
        "coordinates": [
          30.2049539,
          59.8338996
        ]
      },
      "id": "node/12344137155"
    },
    {
      "type": "Feature",
      "properties": {
        "@id": "node/12348327074",
        "amenity": "bicycle_parking"
      },
      "geometry": {
        "type": "Point",
        "coordinates": [
          30.2096055,
          59.9418245
        ]
      },
      "id": "node/12348327074"
    },
    {
      "type": "Feature",
      "properties": {
        "@id": "node/12356259571",
        "amenity": "bicycle_parking"
      },
      "geometry": {
        "type": "Point",
        "coordinates": [
          30.3072865,
          59.9046245
        ]
      },
      "id": "node/12356259571"
    },
    {
      "type": "Feature",
      "properties": {
        "@id": "node/12356259592",
        "amenity": "bicycle_parking"
      },
      "geometry": {
        "type": "Point",
        "coordinates": [
          30.3072817,
          59.9047627
        ]
      },
      "id": "node/12356259592"
    },
    {
      "type": "Feature",
      "properties": {
        "@id": "node/12403475364",
        "amenity": "bicycle_parking"
      },
      "geometry": {
        "type": "Point",
        "coordinates": [
          30.4790616,
          59.9430279
        ]
      },
      "id": "node/12403475364"
    },
    {
      "type": "Feature",
      "properties": {
        "@id": "node/12408123716",
        "access": "yes",
        "amenity": "bicycle_parking",
        "bicycle_parking": "wall_loops",
        "capacity": "6",
        "covered": "no",
        "fee": "no",
        "operator": "ООО «Лента»"
      },
      "geometry": {
        "type": "Point",
        "coordinates": [
          30.4381609,
          59.9894129
        ]
      },
      "id": "node/12408123716"
    },
    {
      "type": "Feature",
      "properties": {
        "@id": "node/12422741644",
        "amenity": "bicycle_parking",
        "bicycle_parking": "wall_loops",
        "capacity": "5",
        "covered": "no",
        "fee": "no",
        "opening_hours": "24/7",
        "supervised": "no"
      },
      "geometry": {
        "type": "Point",
        "coordinates": [
          30.3195018,
          59.9620932
        ]
      },
      "id": "node/12422741644"
    },
    {
      "type": "Feature",
      "properties": {
        "@id": "node/12434200798",
        "amenity": "bicycle_parking"
      },
      "geometry": {
        "type": "Point",
        "coordinates": [
          30.4061402,
          59.9612453
        ]
      },
      "id": "node/12434200798"
    },
    {
      "type": "Feature",
      "properties": {
        "@id": "node/12484851565",
        "access": "yes",
        "amenity": "bicycle_parking",
        "bicycle_parking": "crossbar",
        "capacity": "2",
        "covered": "no",
        "fee": "no"
      },
      "geometry": {
        "type": "Point",
        "coordinates": [
          30.3644226,
          60.0367906
        ]
      },
      "id": "node/12484851565"
    },
    {
      "type": "Feature",
      "properties": {
        "@id": "node/12512370038",
        "amenity": "bicycle_parking",
        "bicycle_parking": "wall_loops",
        "capacity": "3",
        "fee": "no"
      },
      "geometry": {
        "type": "Point",
        "coordinates": [
          30.4410786,
          60.0628246
        ]
      },
      "id": "node/12512370038"
    },
    {
      "type": "Feature",
      "properties": {
        "@id": "node/12512370040",
        "amenity": "bicycle_parking",
        "covered": "yes",
        "fee": "no"
      },
      "geometry": {
        "type": "Point",
        "coordinates": [
          30.4321127,
          60.0600648
        ]
      },
      "id": "node/12512370040"
    },
    {
      "type": "Feature",
      "properties": {
        "@id": "node/12512370049",
        "amenity": "bicycle_parking",
        "bicycle_parking": "stands",
        "capacity": "3",
        "fee": "no"
      },
      "geometry": {
        "type": "Point",
        "coordinates": [
          30.440538,
          60.0616842
        ]
      },
      "id": "node/12512370049"
    },
    {
      "type": "Feature",
      "properties": {
        "@id": "node/12512370050",
        "amenity": "bicycle_parking",
        "bicycle_parking": "stands",
        "capacity": "3",
        "fee": "no"
      },
      "geometry": {
        "type": "Point",
        "coordinates": [
          30.4407592,
          60.0621275
        ]
      },
      "id": "node/12512370050"
    },
    {
      "type": "Feature",
      "properties": {
        "@id": "node/12512370051",
        "amenity": "bicycle_parking",
        "bicycle_parking": "stands",
        "capacity": "3",
        "fee": "no"
      },
      "geometry": {
        "type": "Point",
        "coordinates": [
          30.4407836,
          60.0624612
        ]
      },
      "id": "node/12512370051"
    },
    {
      "type": "Feature",
      "properties": {
        "@id": "node/12520738028",
        "amenity": "bicycle_parking"
      },
      "geometry": {
        "type": "Point",
        "coordinates": [
          30.273334,
          59.9003355
        ]
      },
      "id": "node/12520738028"
    },
    {
      "type": "Feature",
      "properties": {
        "@id": "node/12520751563",
        "amenity": "bicycle_parking",
        "bicycle_parking": "wall_loops",
        "capacity": "15",
        "covered": "no"
      },
      "geometry": {
        "type": "Point",
        "coordinates": [
          30.272341,
          59.9002196
        ]
      },
      "id": "node/12520751563"
    },
    {
      "type": "Feature",
      "properties": {
        "@id": "node/12523195229",
        "amenity": "bicycle_parking"
      },
      "geometry": {
        "type": "Point",
        "coordinates": [
          30.2672379,
          59.8448702
        ]
      },
      "id": "node/12523195229"
    },
    {
      "type": "Feature",
      "properties": {
        "@id": "node/12523195251",
        "amenity": "bicycle_parking"
      },
      "geometry": {
        "type": "Point",
        "coordinates": [
          30.267704,
          59.8453774
        ]
      },
      "id": "node/12523195251"
    },
    {
      "type": "Feature",
      "properties": {
        "@id": "node/12544145219",
        "amenity": "bicycle_parking",
        "bicycle_parking": "wall_loops",
        "capacity": "5",
        "covered": "no"
      },
      "geometry": {
        "type": "Point",
        "coordinates": [
          30.3755283,
          60.0449958
        ]
      },
      "id": "node/12544145219"
    },
    {
      "type": "Feature",
      "properties": {
        "@id": "node/12544225486",
        "access": "yes",
        "amenity": "bicycle_parking",
        "bicycle_parking": "wall_loops",
        "capacity": "8",
        "covered": "no",
        "fee": "no"
      },
      "geometry": {
        "type": "Point",
        "coordinates": [
          30.3609836,
          59.9231716
        ]
      },
      "id": "node/12544225486"
    },
    {
      "type": "Feature",
      "properties": {
        "@id": "node/12563199371",
        "access": "yes",
        "amenity": "bicycle_parking",
        "bicycle_parking": "stands",
        "bike_ride": "no",
        "capacity": "8",
        "covered": "yes",
        "fee": "no",
        "indoor": "no",
        "lit": "no",
        "operator:type": "public",
        "source": "survey"
      },
      "geometry": {
        "type": "Point",
        "coordinates": [
          30.2946395,
          60.0146291
        ]
      },
      "id": "node/12563199371"
    },
    {
      "type": "Feature",
      "properties": {
        "@id": "node/12566231042",
        "amenity": "bicycle_parking"
      },
      "geometry": {
        "type": "Point",
        "coordinates": [
          30.357488,
          59.9260837
        ]
      },
      "id": "node/12566231042"
    },
    {
      "type": "Feature",
      "properties": {
        "@id": "node/12606436932",
        "amenity": "bicycle_parking"
      },
      "geometry": {
        "type": "Point",
        "coordinates": [
          30.4786451,
          59.9704301
        ]
      },
      "id": "node/12606436932"
    },
    {
      "type": "Feature",
      "properties": {
        "@id": "node/12606443208",
        "amenity": "bicycle_parking"
      },
      "geometry": {
        "type": "Point",
        "coordinates": [
          30.474695,
          59.9685047
        ]
      },
      "id": "node/12606443208"
    },
    {
      "type": "Feature",
      "properties": {
        "@id": "node/12609801977",
        "amenity": "bicycle_parking"
      },
      "geometry": {
        "type": "Point",
        "coordinates": [
          30.4725271,
          60.0586249
        ]
      },
      "id": "node/12609801977"
    },
    {
      "type": "Feature",
      "properties": {
        "@id": "node/12609801978",
        "amenity": "bicycle_parking"
      },
      "geometry": {
        "type": "Point",
        "coordinates": [
          30.4722376,
          60.0585533
        ]
      },
      "id": "node/12609801978"
    },
    {
      "type": "Feature",
      "properties": {
        "@id": "node/12609801979",
        "amenity": "bicycle_parking"
      },
      "geometry": {
        "type": "Point",
        "coordinates": [
          30.4717033,
          60.0584189
        ]
      },
      "id": "node/12609801979"
    },
    {
      "type": "Feature",
      "properties": {
        "@id": "node/12618009813",
        "amenity": "bicycle_parking",
        "bicycle_parking": "wall_loops",
        "capacity": "7",
        "covered": "no"
      },
      "geometry": {
        "type": "Point",
        "coordinates": [
          30.3272625,
          59.8576846
        ]
      },
      "id": "node/12618009813"
    }
  ]
}